cdr_id,subscriber_id,msisdn,call_type,direction,destination_type,roaming_flag,start_time,end_time,duration,data_volume_mb,plan_id,cell_id,ground_truth_leakage_type,mediation_status
ca2b16ef-80b4-45ca-84b9-26c258b8fdda,1070,9586682518,data,incoming,national,TRUE,18/01/2024 00:35:43,18/01/2024 00:43:27,0,24.35,P1,117,none,success
8c9bb312-3e1c-47ea-9cef-80ec7a26ae48,1966,9695167666,data,outgoing,national,FALSE,29/01/2024 15:41:16,29/01/2024 15:50:24,0,31.61,P2,151,none,success
68c78016-0e10-4e45-8397-bff8d4e56d62,1493,9138950747,data,outgoing,national,FALSE,16/01/2024 00:02:55,16/01/2024 00:08:48,0,4.97,P2,178,none,success
fd4c59fe-7bcd-4a94-9f89-9a020b5d3ffa,1043,9901146923,data,outgoing,international,FALSE,24/01/2024 07:07:19,24/01/2024 07:15:50,0,3.7,P2,188,none,success
79cfc747-87e6-498e-b154-e7559d2065dd,1529,9530914328,data,incoming,international,FALSE,25/01/2024 01:22:23,25/01/2024 01:24:52,0,29.25,P3,147,none,success
ee5b5292-3b89-4162-8e5c-21301e85b840,1043,9679413339,data,incoming,national,FALSE,28/01/2024 11:26:43,28/01/2024 11:36:00,0,0.03,P4,177,none,success
59b7d343-c138-4051-b8fa-97e59daab16c,1896,9740148424,sms,incoming,international,TRUE,05/01/2024 23:29:15,05/01/2024 23:31:07,0,0,P0,128,none,success
73289f15-ffb7-4da8-88b4-ca94cabeab14,1817,9540831258,sms,outgoing,national,FALSE,21/01/2024 19:00:11,21/01/2024 19:06:17,0,0,P0,114,none,success
5059cb20-d78a-4ddb-bede-7890090f7d47,1701,9153873151,sms,incoming,national,TRUE,18/01/2024 17:56:04,18/01/2024 18:04:11,0,0,P1,111,none,success
8ad10371-52ef-48e6-976f-13edad70a305,1826,9365471487,sms,outgoing,national,FALSE,15/01/2024 20:38:00,15/01/2024 20:45:08,0,0,P1,137,none,success
81894aa8-788b-4852-8cab-2c2a15271138,1291,9615678209,sms,incoming,international,TRUE,24/01/2024 10:35:48,24/01/2024 10:36:58,0,0,P1,116,none,success
ae8cbc4d-0e00-4f5a-a4da-1dbf9629f18f,1241,9687610816,sms,outgoing,international,FALSE,05/01/2024 02:33:52,05/01/2024 02:43:14,0,0,P2,120,none,success
9aa99b0c-fe39-4b3d-bd38-0cc51535a3f2,1233,9045407120,sms,incoming,international,FALSE,07/01/2024 22:16:19,07/01/2024 22:24:13,0,0,P2,106,none,success
eaae3a95-117b-4e7f-b8ce-c33fc7b7d7be,1980,9475705553,sms,incoming,national,TRUE,20/01/2024 02:50:56,20/01/2024 02:58:13,0,0,P4,101,none,success
32eb627f-09be-4537-8d0a-23f1a0b56cd7,1274,9972632467,voice,outgoing,national,FALSE,24/01/2024 13:48:34,24/01/2024 13:55:39,425,0,P1,132,none,success
fcd55206-c2f9-4952-9964-d33fa0d55ee8,1069,9053384257,voice,incoming,national,FALSE,23/01/2024 10:43:31,23/01/2024 10:45:21,110,0,P2,150,none,success
40ca307a-df45-4a4c-a361-5d9c8e32e93c,1247,9714501759,voice,incoming,national,FALSE,25/01/2024 13:12:43,25/01/2024 13:22:12,569,0,P2,142,none,success
236ac2c9-9074-430d-9c38-7d499de85dd8,1356,9362973257,voice,outgoing,international,FALSE,05/01/2024 11:31:09,05/01/2024 11:32:45,96,0,P4,175,none,success
327723a1-499a-4788-a57e-0925b6428676,1970,9074844093,data,incoming,national,TRUE,02/01/2024 20:01:00,02/01/2024 20:06:57,0,0.94,P0,114,none,success
8cdd1e78-4525-4fe8-b520-eabecf8c4462,1782,9908038176,data,incoming,international,FALSE,30/01/2024 15:52:26,30/01/2024 15:55:03,0,30.64,P0,189,none,success
daabdddd-4bb4-4ec5-a7bf-8232bf6037c6,1399,9560932000,data,outgoing,international,FALSE,29/01/2024 06:58:04,29/01/2024 07:05:44,0,14.4,P1,134,none,success
6bf96abf-86dd-4e7c-aeed-0353ea5eac0f,1051,9317784762,data,incoming,international,FALSE,02/01/2024 04:03:59,02/01/2024 04:05:46,0,44.17,P1,191,none,success
add44107-077a-4437-b6ae-b934f64a259e,1208,9365981766,data,incoming,international,TRUE,13/01/2024 23:28:47,13/01/2024 23:33:06,0,14.25,P2,172,none,success
10ff01ca-b311-48f1-b231-6ae45259cb46,1760,9286696119,data,outgoing,international,FALSE,07/01/2024 04:58:05,07/01/2024 04:59:03,0,39.77,P2,163,none,success
dcd1ca4f-70dc-4f1c-acbc-51ee6833790d,1453,9052108731,data,outgoing,national,TRUE,17/01/2024 05:36:40,17/01/2024 05:41:12,0,47.86,P3,111,none,success
5d638bf8-2009-4295-9a73-5b953cff5902,1333,9611626682,data,incoming,international,TRUE,03/01/2024 19:32:10,03/01/2024 19:32:34,0,10,P4,168,none,success
30ab8000-8cca-43a4-abea-04f11f7bf897,1002,9364643010,sms,incoming,national,TRUE,14/01/2024 16:08:32,14/01/2024 16:08:56,0,0,P0,159,none,success
e36dc280-d661-44e7-aed1-05517406e069,1053,9483778385,sms,outgoing,international,TRUE,21/01/2024 11:23:01,21/01/2024 11:23:41,0,0,P0,122,none,success
1e37f691-3a0e-4624-9238-30043d7afba0,1896,9074176256,sms,incoming,national,TRUE,07/01/2024 06:00:58,07/01/2024 06:06:30,0,0,P1,122,none,success
2b7db601-bc1b-426f-9d15-e5faebc1f9ee,1392,9404901854,sms,incoming,national,FALSE,23/01/2024 21:50:36,23/01/2024 21:57:55,0,0,P2,153,none,success
b20edfbf-589c-426f-b42f-30d9f46a2ce3,1917,9035984356,sms,incoming,international,TRUE,08/01/2024 09:52:35,08/01/2024 09:56:08,0,0,P2,158,none,success
b3e91824-477b-4b14-a145-d242cabb02d4,1519,9774615434,sms,incoming,international,TRUE,03/01/2024 18:55:06,03/01/2024 18:59:42,0,0,P3,124,none,success
e76b76ba-b69d-449b-8364-e51ec7d3cdab,1301,9267688664,sms,outgoing,international,TRUE,16/01/2024 01:03:33,16/01/2024 01:10:24,0,0,P3,114,none,success
939d21bb-f461-4c47-9696-38a1d5da62b4,1935,9531791568,sms,outgoing,international,TRUE,25/01/2024 00:41:47,25/01/2024 00:42:55,0,0,P4,145,none,success
75c3792a-3701-4af2-9a1e-0d697862404e,1926,9493787610,sms,incoming,international,TRUE,25/01/2024 04:25:13,25/01/2024 04:32:46,0,0,P4,146,none,success
4760e2ec-11b1-4d97-883d-ab8a0e0f1cbc,1645,9646135876,voice,outgoing,international,TRUE,26/01/2024 16:32:21,26/01/2024 16:35:39,198,0,P0,145,none,success
152f2fea-10de-4dfd-8e83-47f9a1fce060,1846,9398303779,voice,incoming,international,FALSE,18/01/2024 17:35:35,18/01/2024 17:44:37,542,0,P1,127,none,success
d5bd6cbf-98a2-4571-bdbb-1fe96834c4c7,1219,9514076046,voice,outgoing,international,FALSE,03/01/2024 18:56:39,03/01/2024 18:56:58,19,0,P2,140,none,success
79208d03-a4ef-4dee-a0d3-1737a0a36c54,1872,9037342421,voice,outgoing,international,FALSE,16/01/2024 06:38:14,16/01/2024 06:44:22,368,0,P3,184,none,success
76349cd7-949d-43b6-b15c-debdeeb771de,1910,9419601560,voice,incoming,international,FALSE,26/01/2024 03:10:59,26/01/2024 03:20:26,567,0,P4,186,none,success
fd43e607-b510-476c-bcc5-49a32cf3b26f,1715,9444454324,voice,outgoing,international,FALSE,17/01/2024 21:52:19,17/01/2024 22:00:25,486,0,P4,126,none,success
a3726821-34b8-4420-85db-6850b0c40de8,1236,9979045675,data,incoming,national,FALSE,13/01/2024 17:17:23,13/01/2024 17:18:42,0,29.94,P2,197,none,success
3fb32e5c-8c25-47e5-9733-af70571054d1,1317,9726957656,data,incoming,national,TRUE,18/01/2024 02:45:34,18/01/2024 02:54:28,0,4.37,P2,106,none,success
477e2860-300c-46e5-8493-48365b07082c,1723,9094208090,data,incoming,international,FALSE,28/01/2024 11:03:57,28/01/2024 11:05:43,0,20.11,P2,180,none,success
2b1ddb7e-6be5-48f0-9e62-25e32a5ca264,1002,9559254870,data,outgoing,international,FALSE,13/01/2024 03:01:23,13/01/2024 03:10:16,0,26.74,P3,129,none,success
4def8999-afe7-4ac1-850b-49f14fb47f91,1728,9034207063,data,incoming,national,TRUE,10/01/2024 09:00:39,10/01/2024 09:01:03,0,5.89,P3,195,none,success
d19b9740-124a-4403-986d-301b8f3063ec,1485,9946075768,data,outgoing,national,FALSE,15/01/2024 23:02:23,15/01/2024 23:02:57,3,41.22,P3,142,L6_simbox,success
14cb415e-8ead-4e46-92cd-1caa2a4eccb7,1700,9946814841,data,incoming,national,FALSE,24/01/2024 02:05:50,24/01/2024 02:11:50,0,4.86,P3,140,none,success
d5e541ad-3963-4c1e-88b3-976691ba87c3,1141,9281544852,data,outgoing,national,FALSE,02/01/2024 16:32:15,02/01/2024 16:36:38,0,3.16,P4,167,L3_roaming_gap,success
0d60cdaf-b115-489c-b3de-f79fa472f67e,1920,9732818874,data,incoming,international,FALSE,24/01/2024 09:01:32,24/01/2024 09:04:42,0,22.52,P4,155,none,success
1ba2015c-7a60-4c47-8b53-0a9936da0306,1120,9365040829,sms,outgoing,national,FALSE,27/01/2024 22:03:56,27/01/2024 22:06:09,0,0,P0,160,none,success
a3509216-9a6d-46d2-a19b-d6a8bc52fa91,1293,9504281458,sms,incoming,national,FALSE,19/01/2024 07:46:09,19/01/2024 07:50:42,0,0,P2,140,none,success
f011077e-7fec-4689-839f-1801683ba5b2,1514,9836259953,sms,incoming,national,TRUE,26/01/2024 00:02:59,26/01/2024 00:06:22,0,0,P2,102,none,success
73c21bc6-cc63-4f88-ab05-a26264912a2a,1308,9419581917,sms,outgoing,international,FALSE,02/01/2024 12:39:25,02/01/2024 12:43:57,0,0,P3,137,none,success
8b0de370-b0b1-489a-833f-175c70511ba6,1375,9946861723,sms,incoming,international,FALSE,11/01/2024 01:53:37,11/01/2024 02:00:46,0,0,P4,197,none,success
9db4e095-4caa-4005-9095-7a47a352a6b8,1321,9232785535,voice,outgoing,national,FALSE,18/01/2024 17:33:43,18/01/2024 17:37:35,232,0,P0,190,none,success
4b67e09a-97a6-4c91-910a-2434c3a08ed9,1330,9390100507,voice,incoming,international,FALSE,08/01/2024 02:26:11,08/01/2024 02:35:48,577,0,P0,168,none,success
e11f0ebc-1ac2-48e4-8887-20daa33a0aee,1130,9331397660,voice,outgoing,international,TRUE,10/01/2024 02:21:28,10/01/2024 02:27:17,349,0,P1,118,none,success
75a68cb0-20fd-4f69-a5b2-42f919c2f81d,1198,9305901363,voice,outgoing,national,FALSE,04/01/2024 06:48:20,04/01/2024 06:57:52,572,0,P1,197,none,success
f390df09-6004-4d68-a718-8bd5d9df9d0a,1935,9175269626,voice,outgoing,national,FALSE,12/01/2024 14:09:43,12/01/2024 14:10:01,18,0,P1,135,none,success
8aa9e3d3-0bea-476d-8574-747938ecdabd,1875,9616701906,voice,incoming,international,TRUE,11/01/2024 10:12:28,11/01/2024 10:15:40,192,0,P3,104,none,success
79f6a017-bdbe-4e27-96ff-296c4e65f009,1569,9381652891,voice,outgoing,international,TRUE,19/01/2024 19:06:18,19/01/2024 19:07:29,71,0,P3,146,none,success
27d38330-f2d9-41b7-abd9-e2a043badb21,1379,9847778027,voice,outgoing,national,TRUE,12/01/2024 15:17:32,12/01/2024 15:24:20,408,0,P3,129,none,success
d5190fe2-b4c5-4eb8-b8d7-cd4c07f4ed2c,1769,9492434315,voice,incoming,national,TRUE,19/01/2024 11:40:52,19/01/2024 11:47:57,425,0,P4,123,none,success
570ff12e-46cb-43ba-8579-26e205aa43ec,1667,9714940237,voice,outgoing,national,FALSE,24/01/2024 22:59:26,24/01/2024 23:06:19,413,0,P4,187,none,success
21e3bd9a-60c3-4f98-9eca-a4eb75935d1a,1763,9942553250,voice,incoming,international,TRUE,22/01/2024 13:31:57,22/01/2024 13:36:21,264,0,P4,122,none,success
ba178655-926b-4b36-bdaa-9c76583147ee,1798,9931684065,voice,incoming,international,TRUE,29/01/2024 04:12:56,29/01/2024 04:22:18,562,0,P4,114,none,success
4d6cf016-db4d-4186-bd45-f90e106752c5,1809,9992796112,data,outgoing,international,TRUE,14/01/2024 09:46:00,14/01/2024 09:41:00,0,12.86,P0,186,L13_timestamp,success
445cf33c-2d2d-497a-a4a1-95ff5cbaff1d,1899,9846073353,data,outgoing,international,TRUE,13/01/2024 03:23:17,13/01/2024 03:30:10,,27.22,P3,120,L12_partial,success
97daa94d-5bb4-445e-a175-19d360adb769,1525,9229500387,data,outgoing,national,FALSE,20/01/2024 05:40:05,20/01/2024 05:46:43,0,2.33,P4,123,none,success
1fe900f3-13eb-40aa-acdf-07cecfe7d8d8,1688,9728747423,sms,incoming,international,FALSE,17/01/2024 03:56:48,17/01/2024 03:59:20,,0,P0,127,L12_partial,success
b1bbb4d5-ea7d-4432-8c2b-756ad24d8b48,1614,9398706409,sms,outgoing,national,FALSE,11/01/2024 13:43:07,11/01/2024 13:38:07,0,0,P0,121,L13_timestamp,success
09b8794c-f864-4df5-a945-e57e33b0e24c,1483,9141955019,sms,outgoing,national,FALSE,07/01/2024 08:30:04,07/01/2024 08:32:55,0,0,P1,175,none,success
0afa820c-d16e-4646-b3cd-043cfe9b5151,1715,9710947469,sms,outgoing,international,TRUE,07/01/2024 13:49:09,07/01/2024 13:56:58,0,0,P2,194,none,success
ea1f298c-b35d-416c-9a13-b6869de05f1c,1010,9723447448,sms,outgoing,international,FALSE,20/01/2024 10:50:00,20/01/2024 10:56:06,0,0,P2,101,none,success
b2bcfc68-4077-4534-83da-1d9272379f38,1463,9944723536,sms,incoming,international,TRUE,20/01/2024 13:53:03,20/01/2024 14:01:05,0,0,P3,153,none,success
12211308-e8eb-4a9c-ae7a-fddd3c2f8a05,1824,9042288696,sms,incoming,national,FALSE,19/01/2024 05:31:45,19/01/2024 05:41:08,0,0,P3,125,none,success
f724706c-7064-4254-8923-ac7c0ce30cc9,1993,9075031354,sms,outgoing,international,FALSE,14/01/2024 07:50:06,14/01/2024 07:54:02,0,0,P3,113,none,success
5d758a2c-c11a-4c8e-941e-3b52d9fe3bc5,1213,9191776762,sms,incoming,national,TRUE,02/01/2024 06:23:38,02/01/2024 06:25:34,0,0,P4,157,none,success
740316fc-16e5-426e-aa3e-3c0f999b2dce,1460,9451442862,sms,outgoing,national,FALSE,03/01/2024 03:18:53,03/01/2024 03:19:34,0,0,P4,103,none,success
54977b04-0b13-41bd-aa09-bd5aa3a5a520,1305,9763025109,sms,outgoing,international,TRUE,08/01/2024 07:43:16,08/01/2024 07:48:45,0,0,P4,193,none,success
3eaf1aa8-b8dd-4769-91d8-3e58de907e2d,1686,9427961086,voice,outgoing,national,FALSE,26/01/2024 12:40:16,26/01/2024 12:44:52,276,0,P0,111,none,success
2818842a-5463-45ca-ac6d-c300bba16db8,1290,9165395161,voice,outgoing,national,FALSE,27/01/2024 19:45:43,27/01/2024 19:49:45,242,0,P0,140,none,success
5abd6a3c-670d-4b27-87df-4a465cc1998c,1264,9286628702,voice,incoming,national,TRUE,22/01/2024 03:43:14,22/01/2024 03:51:18,484,0,P0,144,none,success
f0229242-602b-4ce3-b0e3-f76a60710a99,1050,9237915047,voice,incoming,national,FALSE,06/01/2024 19:37:54,06/01/2024 19:39:18,84,0,P1,114,none,success
58c1244d-3805-4d2a-95dd-3602afe68c64,1551,9476767936,voice,outgoing,national,FALSE,08/01/2024 23:29:35,08/01/2024 23:37:44,489,0,P1,172,none,success
acdc0a39-8aab-428a-863f-ababffbf48cb,1362,9922226724,voice,incoming,international,TRUE,23/01/2024 20:50:47,23/01/2024 20:54:48,241,0,P2,185,none,success
9966135b-c603-4db7-80cb-5852ac5931c9,1318,9765602251,voice,incoming,national,TRUE,05/01/2024 02:07:03,05/01/2024 02:14:20,437,0,P3,172,none,success
e7489984-3cd9-4142-87b7-d5a2dedeaadc,1303,9521767336,data,outgoing,national,FALSE,27/01/2024 13:23:15,27/01/2024 13:32:03,0,42.05,P0,199,none,success
4e7ecb4a-3c5e-427a-b9af-e803d4819f6c,1828,9258486385,data,incoming,national,TRUE,19/01/2024 10:09:29,19/01/2024 10:14:28,0,34.3,P0,137,none,success
e835ef52-5a43-4679-be36-8e3b24fa2261,1184,9899088411,data,outgoing,national,TRUE,07/01/2024 20:23:27,07/01/2024 20:28:09,0,15.39,P1,134,none,success
7fbe6518-1ffd-4f75-8746-2b821cc875ed,1474,9127525747,data,outgoing,national,TRUE,30/01/2024 09:47:26,30/01/2024 09:54:32,0,21.81,P3,118,none,success
cac7a35c-7035-4b4c-be68-ca8a61afda2b,1328,9632123838,data,outgoing,international,FALSE,16/01/2024 05:05:47,16/01/2024 05:06:48,0,26.11,P3,125,none,success
222b1b5c-d333-4780-af74-85d52d722758,1117,9278383367,data,outgoing,national,TRUE,13/01/2024 04:16:30,13/01/2024 04:23:40,0,34.07,P4,166,L5_zero_rated,success
3f1ee03c-9b51-4742-9694-eea35136d772,1878,9899052733,data,outgoing,international,TRUE,16/01/2024 05:52:25,16/01/2024 05:58:37,0,14.88,P4,105,none,success
4271329f-2248-4fae-a249-5d0c05397a7b,1027,9174191905,sms,incoming,international,FALSE,30/01/2024 09:39:23,30/01/2024 09:39:34,0,0,P0,159,none,success
65aeaf58-55a1-469a-a40e-80f32b15db8e,1987,9707578977,sms,outgoing,national,TRUE,03/01/2024 15:19:34,03/01/2024 15:22:05,0,0,P1,149,none,success
66cf464b-9768-4425-9229-e6a6215e8559,1624,9131660322,sms,outgoing,international,FALSE,28/01/2024 17:23:29,28/01/2024 17:31:35,,0,P3,165,L12_partial,success
088e3956-0c9a-4682-8cf4-ce1a84f5b99b,1904,9435242720,sms,incoming,national,FALSE,12/01/2024 13:56:07,12/01/2024 14:04:21,0,0,P3,159,none,success
59340758-9c09-4dd8-8483-dc4e2a064f8e,1000,9125283098,sms,outgoing,international,FALSE,29/01/2024 09:55:03,29/01/2024 09:56:44,0,0,P4,161,L3_roaming_gap,success
568d032c-07cb-431a-8d65-bba44bb571cf,1230,9017200754,voice,outgoing,national,TRUE,25/01/2024 16:34:20,25/01/2024 16:41:06,406,0,P0,132,none,success
e087c1b4-666f-44e1-ac70-fd693252b6c1,1203,9391200120,voice,incoming,national,FALSE,16/01/2024 15:25:02,16/01/2024 15:27:33,151,0,P0,186,none,success
8dd363f1-9fcb-4f41-9ccb-a8d76797b272,1165,9943915760,voice,incoming,national,FALSE,11/01/2024 01:38:46,11/01/2024 01:40:09,83,0,P1,138,none,success
32454364-9b77-48fa-8750-e916a776f4e4,1421,9328006568,voice,incoming,international,TRUE,26/01/2024 15:15:07,26/01/2024 15:21:14,367,0,P4,182,none,success
3d468efb-e79b-4151-92b2-94c2678203ac,1984,9446763996,data,incoming,international,FALSE,14/01/2024 15:52:15,14/01/2024 15:53:39,,5.4,P0,155,L12_partial,success
abc4dbd3-23eb-4288-a38d-163d1e5eb649,1772,9021926172,data,outgoing,national,TRUE,19/01/2024 13:47:44,19/01/2024 13:51:01,0,43.31,P0,165,none,success
4be533bc-dd0c-48bd-a138-5e18556ad120,1325,9735870505,data,incoming,international,TRUE,08/01/2024 15:10:47,08/01/2024 15:16:44,0,3.45,P2,158,none,success
ca4da807-05ad-4f3f-a308-e5fe836eb197,1154,9916419780,data,incoming,national,TRUE,03/01/2024 00:11:22,03/01/2024 00:13:40,0,45.16,P2,147,none,success
2c36b447-fb28-4f4c-ae9c-8951abbf5de1,1421,9267703516,data,outgoing,national,FALSE,16/01/2024 15:18:58,16/01/2024 15:25:44,0,47.38,P2,118,none,success
8238c5f8-f75d-4add-9b96-db9ba0c908a7,1080,9631428133,data,incoming,international,TRUE,14/01/2024 18:26:46,14/01/2024 18:36:23,0,3.02,P3,174,none,success
d98479e2-4137-4aed-b8b6-bb57e735b174,1205,9244032388,data,outgoing,national,TRUE,29/01/2024 10:07:34,29/01/2024 10:13:16,0,28.62,P3,105,none,success
a9d28fa7-6876-4398-91a9-e9abb45f9aab,1135,9987959321,data,incoming,international,FALSE,11/01/2024 07:21:43,11/01/2024 07:26:54,0,11.47,P4,189,none,success
9f31fd41-e63b-42c0-8c8b-1b39fd6784e9,1242,9997491478,data,outgoing,international,TRUE,04/01/2024 22:07:03,04/01/2024 22:09:14,0,15.49,P4,129,none,success
4e7198d9-5816-4ac6-8feb-2ea286643021,1212,9000750940,data,outgoing,international,TRUE,11/01/2024 10:07:56,11/01/2024 10:08:25,0,38.8,P4,163,none,success
81328b8e-73c4-4c00-a57b-0a42c1f7cabc,1619,9118095923,data,outgoing,national,TRUE,19/01/2024 11:00:59,19/01/2024 11:03:51,0,29.01,P4,133,none,success
e222ad12-b59f-4eb5-ac02-07c590dd2ef0,1839,9839270465,sms,incoming,international,FALSE,07/01/2024 14:04:11,07/01/2024 14:06:14,0,0,P0,133,none,success
b4a8eb6f-cd01-4630-b7c5-2bad78c4efb6,1618,9255382019,sms,outgoing,national,FALSE,12/01/2024 04:34:30,12/01/2024 04:43:26,0,0,P1,155,none,success
080bc9d3-b1f5-4ed3-8f88-3a5a483b2f40,1664,9231933871,sms,outgoing,international,TRUE,03/01/2024 21:13:29,03/01/2024 21:23:19,0,0,P3,145,none,success
04d8296c-be77-427d-ab8a-de9c06a17f80,1246,9784138464,sms,incoming,international,FALSE,24/01/2024 18:02:20,24/01/2024 18:06:23,0,0,P3,148,none,success
02cda2b0-ac2d-48f6-8e6c-0168ffde6e6f,1306,9320788847,sms,incoming,national,FALSE,05/01/2024 17:44:57,05/01/2024 17:49:22,0,0,P4,181,none,success
9e3f7aab-0570-4feb-b5f8-c7ed52e2621b,1372,9610950262,voice,incoming,national,FALSE,03/01/2024 18:30:46,03/01/2024 18:37:26,400,0,P0,145,none,success
2da067d8-4bb3-4ad1-993e-cb2e106b7a74,1076,9417384955,voice,incoming,international,FALSE,06/01/2024 16:28:45,06/01/2024 16:35:38,413,0,P1,101,none,success
d8b64de9-2380-4f16-a0ab-f4d1113d2e42,1096,9371257532,voice,outgoing,national,FALSE,11/01/2024 09:49:33,11/01/2024 09:50:34,61,0,P2,153,none,success
cd88511c-78f5-41c5-b873-fef01c8cd60c,1838,9497552674,voice,incoming,international,FALSE,16/01/2024 10:14:04,16/01/2024 10:17:29,205,0,P2,193,none,success
99b3624d-5f74-4650-990e-8477eff8b147,1646,9497361627,voice,outgoing,national,FALSE,05/01/2024 12:15:07,05/01/2024 12:24:11,544,0,P4,199,none,success
1388e6a1-8d77-4967-818a-576a52404dbc,1507,9461267789,voice,incoming,international,TRUE,15/01/2024 21:55:56,15/01/2024 21:57:32,96,0,P4,104,none,success
9cfaedb6-03ff-4ca9-98dd-9aaea837ec29,1386,9538023360,data,outgoing,international,FALSE,29/01/2024 19:57:56,29/01/2024 20:05:03,0,34.65,P0,193,none,success
625a0672-b98a-4352-9795-83dfb0dd3c26,1385,9524670275,data,outgoing,international,FALSE,11/01/2024 04:44:18,11/01/2024 04:46:11,0,28.52,P0,191,none,success
9794c4e0-bf6f-49b1-b6ef-7a8a1b4ed567,1691,9457346383,data,incoming,national,FALSE,05/01/2024 13:28:10,05/01/2024 13:34:26,0,42.54,P1,160,none,success
b6b85dfa-13db-4497-9346-dd55ead9a94c,1882,9386289391,data,incoming,national,TRUE,26/01/2024 01:04:09,26/01/2024 01:13:41,0,13.01,P3,164,none,success
33804f0a-1972-4608-8130-66beaf530b37,1594,9549038572,data,incoming,international,FALSE,10/01/2024 18:51:57,10/01/2024 18:46:57,0,44.56,P4,178,L13_timestamp,success
44bdcf62-e484-4912-8646-da3f397655eb,1538,9627053217,sms,outgoing,international,TRUE,02/01/2024 15:20:14,02/01/2024 15:24:28,1,0,P0,138,L6_simbox,success
13907692-f642-402f-91bc-acbd84ae32eb,1168,9260195600,sms,incoming,international,TRUE,02/01/2024 16:22:10,02/01/2024 16:25:31,0,0,P0,121,none,success
20ce09e6-3ea4-462f-b71c-3d25dac3f494,1800,9092015116,sms,incoming,national,FALSE,24/01/2024 16:02:07,24/01/2024 16:03:40,0,0,P1,130,none,success
f9e0f5c5-e805-4360-a074-47274ce0c097,1378,9672983786,sms,incoming,national,TRUE,07/01/2024 09:33:14,07/01/2024 09:37:29,0,0,P2,188,none,success
fb65fb2a-ecfc-41a8-b98b-d2b9cb407a58,1295,9592344744,sms,outgoing,national,FALSE,09/01/2024 11:37:46,09/01/2024 11:47:22,0,0,P3,153,none,success
ae278def-aeae-45b3-bf8e-883027c1d31f,1872,9544985218,sms,outgoing,international,TRUE,26/01/2024 20:46:14,26/01/2024 20:51:58,0,0,P3,136,none,success
e57d77fe-0ade-46fa-890a-65edd3fb63a0,1190,9288079132,sms,incoming,international,FALSE,20/01/2024 19:25:06,20/01/2024 19:28:46,0,0,P3,183,none,success
d1369073-b8cb-4d12-b784-b7555dac51ee,1979,9539326007,sms,outgoing,international,FALSE,17/01/2024 21:17:33,17/01/2024 21:18:42,0,0,P3,101,none,success
ab346591-4db1-4529-b0ef-71645658dcf6,1081,9089736009,sms,outgoing,international,FALSE,01/01/2024 04:10:39,01/01/2024 04:14:20,0,0,P4,173,none,success
27e12c30-5780-4b4c-ae55-520a6f75f7e0,1419,9042565473,voice,incoming,international,TRUE,15/01/2024 11:33:37,15/01/2024 11:34:57,80,0,P4,196,none,success
a56935ab-fe66-4681-a8a6-cb4f05057253,1735,9929666780,voice,outgoing,national,TRUE,27/01/2024 20:38:25,27/01/2024 20:39:04,39,0,P4,175,none,success
5baee124-f596-4f3d-a5d6-4e5c2632437b,1745,9451224494,voice,outgoing,international,TRUE,26/01/2024 15:26:08,26/01/2024 15:29:30,202,0,P4,107,none,success
c2d255cf-cb30-4b31-8755-d249d0862181,1318,9497630298,data,outgoing,national,TRUE,18/01/2024 19:06:09,18/01/2024 19:11:26,0,46.49,P0,111,none,success
135d410e-29d4-462a-8021-dc5a622c41fa,1261,9388171032,data,incoming,international,FALSE,30/01/2024 16:26:08,30/01/2024 16:27:30,0,31.96,P1,136,none,success
5b3a4b57-d3fe-499a-8b0e-4b50b84cc899,1109,9153842431,data,incoming,international,TRUE,04/01/2024 08:18:42,04/01/2024 08:27:48,0,24.55,P2,137,none,success
08d28a0e-2ee1-45c5-bf67-41406dc78660,1619,9742067757,data,incoming,national,FALSE,12/01/2024 00:21:36,12/01/2024 00:28:02,0,43.39,P4,166,none,success
049fadec-12b6-4e2d-8d3c-654ef2a4ab11,1172,9814602343,sms,incoming,international,FALSE,15/01/2024 00:44:16,15/01/2024 00:45:17,0,0,P1,156,none,success
62f5b9f9-8323-4472-a41f-2c54b7713a9c,1397,9857112388,sms,incoming,national,TRUE,21/01/2024 04:08:55,21/01/2024 04:11:14,0,0,P1,193,none,success
586bb268-49f5-4d36-9cc6-d758920beb1e,1026,9807381431,sms,incoming,international,TRUE,14/01/2024 06:27:01,14/01/2024 06:29:38,0,0,P2,145,none,success
d0bccb62-1fa5-49c9-ac60-d288d01ebece,1164,9139931652,sms,outgoing,international,FALSE,24/01/2024 17:11:33,24/01/2024 17:13:43,,0,P2,146,L12_partial,success
f7ec297a-0ce4-47ec-aea1-71d09dafa2cd,1035,9809982766,sms,incoming,international,FALSE,26/01/2024 07:47:01,26/01/2024 07:49:51,0,0,P3,167,none,success
08e57fb4-bddb-4b18-84fe-ebe222df2059,1890,9001873649,sms,incoming,international,FALSE,11/01/2024 17:48:22,11/01/2024 17:50:36,0,0,P3,103,none,success
7f9c9473-96f5-4871-acab-1702cd526c3d,1527,9719881926,sms,incoming,national,TRUE,22/01/2024 07:54:30,22/01/2024 08:02:00,0,0,P4,158,none,success
d7f6538b-c52f-4730-8f4e-0b3d2dbc24d1,1764,9843049999,voice,outgoing,national,TRUE,10/01/2024 08:08:26,10/01/2024 08:13:56,330,0,P0,150,none,success
b33b9ea1-836c-4b5b-aeb4-f8d88d6aef11,1501,9652361230,voice,outgoing,international,TRUE,03/01/2024 16:10:35,03/01/2024 16:19:00,505,0,P1,129,none,success
854575c4-0cd5-46f3-90d3-bf69f3b72406,1562,9977013422,voice,outgoing,national,FALSE,27/01/2024 00:04:36,27/01/2024 00:08:56,260,0,P1,155,none,success
373d0748-3b67-48df-ad56-87b5dcad8841,1769,9813157054,voice,incoming,national,TRUE,02/01/2024 09:16:08,02/01/2024 09:22:58,410,0,P2,177,none,success
dc9efcab-3f90-40c7-9f99-3aa5bc555e4c,1691,9026076903,voice,outgoing,national,TRUE,26/01/2024 01:38:30,26/01/2024 01:44:47,377,0,P3,126,none,success
0c9f674d-f375-48e5-a3f6-16b53db56a4e,1427,9574343311,voice,outgoing,national,FALSE,02/01/2024 07:12:14,02/01/2024 07:20:11,477,0,P3,104,none,success
3c3b19f5-6b60-4dc5-b2ae-4757b6f348f6,1964,9857827883,data,incoming,international,FALSE,06/01/2024 06:03:10,06/01/2024 06:05:53,0,3.99,P1,188,none,success
d52ad785-659f-4f8d-9a85-bc7d8c3c01e6,1164,9878226877,data,incoming,international,FALSE,02/01/2024 23:50:25,02/01/2024 23:53:11,0,46.07,P1,188,L3_roaming_gap,success
b2fd1dd1-2b0b-4052-9e50-936761dbaaab,1766,9378163430,data,outgoing,international,TRUE,16/01/2024 04:05:50,16/01/2024 04:08:10,0,39.54,P3,106,none,success
ac7617c8-593c-442e-9cc4-988c09e67d2e,1583,9588499600,data,incoming,international,FALSE,26/01/2024 04:03:04,26/01/2024 04:03:30,0,26.58,P3,121,none,success
b963fbfe-d02b-4417-9d9c-54b1df6e9963,1255,9136937878,data,outgoing,national,FALSE,07/01/2024 13:51:07,07/01/2024 13:55:36,0,27.28,P4,136,none,success
486483e4-81bf-4f9a-9bd4-fc6706a33af6,1442,9030702458,data,incoming,international,TRUE,09/01/2024 06:01:51,09/01/2024 06:05:41,0,22.36,P4,120,none,success
1e67d62b-ae69-4c5a-90e9-9b80430c4412,1940,9158248475,data,outgoing,international,TRUE,13/01/2024 20:33:13,13/01/2024 20:39:05,0,26.56,P4,184,none,success
cab71c99-c504-4443-bb4e-2297d4e2f9e6,1341,9946611617,sms,outgoing,international,TRUE,17/01/2024 03:04:56,17/01/2024 03:07:31,0,0,P1,167,none,success
5b9c6e91-0f9b-4d59-8e76-e3d253470c5e,1007,9442796108,sms,incoming,international,FALSE,28/01/2024 14:23:22,28/01/2024 14:32:16,0,0,P2,161,none,success
69d9f8ea-4575-4db5-8ec5-170222371139,1934,9902280027,sms,outgoing,national,FALSE,17/01/2024 06:11:47,17/01/2024 06:14:12,0,0,P3,157,none,success
a598f3ff-b867-480d-9e73-22db0ca95556,1038,9167521047,voice,outgoing,international,FALSE,02/01/2024 14:29:37,02/01/2024 14:37:13,456,0,P0,191,none,success
f96008bc-44ec-494c-b8e8-7431bb9b196c,1419,9898355851,voice,outgoing,international,TRUE,24/01/2024 20:35:05,24/01/2024 20:39:24,259,0,P1,133,none,success
69d20bf0-dcce-4b80-a9e1-ec07bcb93d08,1248,9193834426,voice,outgoing,national,FALSE,01/01/2024 16:32:47,01/01/2024 16:40:25,458,0,P2,143,none,success
55e29938-b480-4e1a-8ef3-b51a2058f1dc,1311,9529274375,voice,incoming,international,FALSE,09/01/2024 21:39:00,09/01/2024 21:47:32,512,0,P2,153,none,success
772a0d41-ac1e-4a8c-86e2-753e8cb9b47f,1863,9223594466,voice,incoming,international,FALSE,14/01/2024 02:14:54,14/01/2024 02:21:33,399,0,P3,188,none,success
9268ab6b-0b0b-4536-9c30-79ad091a74fd,1087,9995677150,voice,outgoing,international,FALSE,03/01/2024 17:08:47,03/01/2024 17:14:17,330,0,P3,120,none,success
9bf4e690-b485-47a5-85b8-38e9516bacc0,1050,9519072109,voice,incoming,international,FALSE,12/01/2024 07:28:12,12/01/2024 07:36:29,497,0,P4,176,none,success
67d12872-3e3d-4d7b-acaf-894e176afcc1,1705,9783725431,voice,outgoing,national,TRUE,12/01/2024 01:14:47,12/01/2024 01:24:31,584,0,P4,101,none,success
17c51ed2-50f5-4123-80e5-52a1e908b184,1216,9002798744,data,incoming,international,TRUE,26/01/2024 00:46:23,26/01/2024 00:53:49,0,20.47,P0,190,none,success
79386216-e986-4946-8d18-cbf8d77206ce,1297,9785883614,data,outgoing,international,FALSE,10/01/2024 05:41:15,10/01/2024 05:43:21,0,3.65,P1,197,none,success
a2d3df37-74a9-44f3-b440-a866ddb85eaf,1868,9006783143,data,incoming,national,FALSE,24/01/2024 05:28:51,24/01/2024 05:31:25,0,18.6,P3,100,none,success
a361d937-89ea-45af-9286-ec66c7f0e9d0,1885,9056658255,data,incoming,national,FALSE,14/01/2024 11:54:47,14/01/2024 12:00:09,0,8.29,P4,151,none,success
fff64a9b-3729-4dd0-8f57-198c1235c0d1,1725,9090822096,data,incoming,national,FALSE,05/01/2024 03:00:48,05/01/2024 03:09:59,0,9.72,P4,112,none,success
a3fa4a3a-fec0-4035-8378-faa385585b50,1965,9283531989,sms,incoming,national,TRUE,26/01/2024 07:55:16,26/01/2024 07:58:09,0,0,P1,181,none,success
b8b578d6-8cf1-4bd5-8013-ddcf8e2c23af,1225,9711525538,sms,outgoing,international,FALSE,22/01/2024 07:33:13,22/01/2024 07:40:00,0,0,P2,170,none,success
806c80a0-103d-490f-ad86-101ce8c2cf5d,1548,9647379722,sms,incoming,national,FALSE,26/01/2024 23:49:42,26/01/2024 23:50:48,0,0,P3,195,L11_suppression,suppressed
6b897180-f398-4581-80bb-dc687f2c2d6d,1537,9418418576,sms,incoming,national,TRUE,12/01/2024 20:00:38,12/01/2024 20:05:41,0,0,P3,147,none,success
8d9a003f-6d7e-42d6-b184-7ffe42c1fffd,1114,9073539867,sms,incoming,international,TRUE,23/01/2024 01:03:38,23/01/2024 01:13:11,0,0,P3,179,none,success
6bb22920-8298-4545-b63a-a987f6a19de3,1202,9830194956,sms,outgoing,international,TRUE,19/01/2024 00:09:38,19/01/2024 00:19:04,0,0,P4,158,none,success
20bde2e7-ec45-41d5-a5b6-04e383f9afed,1943,9255203354,voice,incoming,national,FALSE,21/01/2024 19:12:55,21/01/2024 19:16:50,235,0,P1,188,none,success
1a919064-a95c-4afc-8d9e-79a68909a5ca,1670,9818046215,voice,incoming,national,FALSE,09/01/2024 12:32:14,09/01/2024 12:39:12,418,0,P1,147,none,success
b5615c4d-ff55-42a4-ba37-ccbf50c28be6,1646,9596835652,voice,incoming,international,FALSE,04/01/2024 03:41:56,04/01/2024 03:49:46,470,0,P1,168,none,success
62750f3d-0533-437c-becb-1f2fd675c0cd,1213,9828232209,voice,incoming,national,TRUE,06/01/2024 14:58:38,06/01/2024 15:08:37,599,0,P2,175,none,success
6880f63d-3533-4372-8ef0-40a8e4bd2f66,1941,9294025690,voice,incoming,international,TRUE,07/01/2024 08:20:10,07/01/2024 08:28:37,507,0,P2,186,none,success
07d0ab32-236f-4ba9-b073-5f5605ca1840,1485,9560015151,voice,outgoing,international,TRUE,23/01/2024 09:46:57,23/01/2024 09:49:33,156,0,P2,179,none,success
f2f4cec0-23e4-4c49-b542-3fc5447f7be0,1647,9967272770,voice,outgoing,international,FALSE,07/01/2024 15:15:11,07/01/2024 15:22:39,448,0,P3,123,none,success
cc5ab8b7-9ac9-4257-a374-f85335fea26a,1386,9480114123,voice,outgoing,national,FALSE,17/01/2024 17:38:28,17/01/2024 17:42:20,,0,P3,190,L12_partial,success
f5d796c1-bb61-46a0-a2ac-e701526dabc3,1707,9827800676,voice,incoming,national,TRUE,18/01/2024 05:46:24,18/01/2024 05:50:19,235,0,P3,159,none,success
f8d114e5-ec44-4597-8549-68243699d78e,1208,9196275776,voice,outgoing,international,FALSE,19/01/2024 10:25:04,19/01/2024 10:30:06,302,0,P4,192,none,success
9e730e8d-51b0-4f0f-b85a-918b99776a11,1122,9855118987,voice,incoming,international,FALSE,19/01/2024 10:44:19,19/01/2024 10:47:14,175,0,P4,179,none,success
d4c1105c-e611-4cea-ad8d-01a1c36c6ccd,1578,9905938656,voice,outgoing,national,FALSE,26/01/2024 21:40:58,26/01/2024 21:48:34,456,0,P4,198,none,success
7707601a-72e2-4d51-9e67-5ccea8471a5a,1213,9760184402,voice,incoming,international,FALSE,25/01/2024 06:19:40,25/01/2024 06:20:19,39,0,P4,122,none,success
97aef0d6-1377-490a-9e07-5b220266b068,1134,9944258996,voice,incoming,national,TRUE,20/01/2024 03:09:16,20/01/2024 03:13:47,271,0,P5,100,L9_misclass,success
547df62b-81f0-4ac5-be7b-bb51c585c024,1435,9600215638,data,incoming,international,FALSE,17/01/2024 16:09:17,17/01/2024 16:15:00,0,42.73,P0,120,none,success
568fad06-3f90-45a5-9676-110675a4ba49,1023,9440275385,data,outgoing,national,FALSE,19/01/2024 08:41:35,19/01/2024 08:45:12,0,26.52,P0,195,none,success
b2c605f8-ccf4-44ac-a5e4-a17f32ac2614,1797,9376040393,data,incoming,international,FALSE,23/01/2024 08:36:27,23/01/2024 08:37:29,0,37.09,P2,192,none,success
8a73325e-184f-4a54-9ab7-3cf0b83dfa42,1465,9707011041,data,outgoing,national,TRUE,22/01/2024 23:50:32,22/01/2024 23:54:10,0,0.93,P2,130,none,success
b696696d-4ff6-479f-b8fd-374c42340b1a,1741,9282637722,data,incoming,international,FALSE,01/01/2024 23:00:37,01/01/2024 23:04:43,0,28.37,P2,131,none,success
14334cde-e477-45c7-b775-060e985fd2b2,1836,9298436746,data,outgoing,national,TRUE,13/01/2024 23:08:08,13/01/2024 23:16:16,0,27.6,P4,165,none,success
6eeda291-03d4-4934-8352-d71ffd12d793,1723,9639884428,sms,outgoing,international,FALSE,13/01/2024 02:34:24,13/01/2024 02:42:57,0,0,P0,160,none,success
949a4288-09ce-40f0-a10c-133047a2df26,1215,9004568760,sms,outgoing,national,FALSE,19/01/2024 19:00:14,19/01/2024 19:02:45,0,0,P0,104,none,success
23f17ecd-989e-4046-97d3-08cdeea69025,1623,9805969930,sms,outgoing,national,FALSE,09/01/2024 17:26:25,09/01/2024 17:28:57,0,0,P2,172,none,success
61772858-1ff8-4e2f-b063-c1e20683a9c5,1637,9173276563,sms,outgoing,international,FALSE,15/01/2024 04:36:07,15/01/2024 04:36:54,0,0,P2,137,none,success
b62dbe60-8c0d-435d-9125-446c5f9afe83,1350,9615790622,sms,incoming,international,TRUE,02/01/2024 01:54:24,02/01/2024 02:02:24,0,0,P2,147,L3_roaming_gap,success
9a3f42a5-3809-4d95-a748-05bcb33dce82,1335,9064924749,sms,incoming,international,TRUE,17/01/2024 20:10:39,17/01/2024 20:20:12,0,0,P3,188,none,success
f37d1e82-7357-41b0-a646-1562e2e3b340,1831,9400334050,sms,outgoing,international,TRUE,05/01/2024 13:57:51,05/01/2024 14:06:50,0,0,P3,196,L11_suppression,suppressed
cb317510-854a-4dc1-9545-64e5fc42cc9f,1657,9689919976,sms,incoming,international,FALSE,07/01/2024 14:02:45,07/01/2024 14:06:17,0,0,P3,112,none,success
c544b263-e295-4bf3-989e-771d2e30d9d8,1292,9077255777,sms,incoming,national,FALSE,20/01/2024 21:23:19,20/01/2024 21:32:40,0,0,P3,118,none,success
a228bdee-8d13-4396-8a6f-20454fe5fb47,1359,9627784742,sms,incoming,national,TRUE,10/01/2024 16:39:38,10/01/2024 16:46:40,0,0,P3,149,none,success
5b3ea7e8-f6bc-4e44-a4ec-3e416ff716b5,1907,9390133109,sms,outgoing,international,FALSE,03/01/2024 06:08:53,03/01/2024 06:12:20,0,0,P4,122,none,success
115a18b0-140b-49e3-810a-9ba8448309a8,1885,9499563543,sms,incoming,national,FALSE,08/01/2024 03:03:39,08/01/2024 03:09:23,0,0,P4,138,none,success
b83ead9b-66c6-44cf-97c1-f3697e3305cc,1798,9865276549,voice,outgoing,international,TRUE,28/01/2024 20:17:14,28/01/2024 20:26:48,574,0,P0,142,none,success
7744f9ff-9e66-4b4f-8304-eef0f9641cf1,1626,9306903609,voice,incoming,national,TRUE,02/01/2024 18:44:20,02/01/2024 18:48:38,258,0,P0,111,none,success
9bd76485-3750-4e4f-b9af-b5599ffafbb1,1872,9075206241,voice,incoming,national,FALSE,29/01/2024 18:17:37,29/01/2024 18:21:36,239,0,P1,121,none,success
67d84444-e2f2-40d9-b082-08c1cbe9de6b,1269,9488674976,voice,incoming,national,FALSE,23/01/2024 18:09:49,23/01/2024 18:16:25,396,0,P4,187,none,success
525ef13e-6f69-44b5-9f21-00fa4659b9f1,1663,9107354534,data,incoming,national,FALSE,23/01/2024 07:00:02,23/01/2024 07:03:56,0,0.63,P0,155,none,success
4403d50d-566d-4790-9595-4a87bc88961f,1889,9002082960,data,incoming,international,FALSE,12/01/2024 23:39:12,12/01/2024 23:45:44,0,29.74,P0,160,none,success
83c13b11-3510-4900-affa-010b0987e16e,1159,9763485074,data,incoming,international,TRUE,18/01/2024 00:48:19,18/01/2024 00:50:58,0,7.11,P1,104,none,success
178713af-3efe-4e0e-a0ac-8416e720a07a,1862,9921271067,data,outgoing,international,FALSE,25/01/2024 01:05:54,25/01/2024 01:14:11,0,17.27,P2,103,none,success
32022479-1397-4110-b978-3698ffad0566,1585,9423117937,data,incoming,international,TRUE,05/01/2024 07:20:55,05/01/2024 07:25:02,0,17.85,P2,141,none,success
61e5ef64-1cd6-4aa6-bd8e-2d70c69fe08a,1056,9985970503,data,incoming,international,FALSE,27/01/2024 15:21:51,27/01/2024 15:22:51,0,35.66,P3,119,none,success
68f67dc8-59d1-4369-823e-0d54151eeae0,1448,9236481485,data,outgoing,national,FALSE,27/01/2024 02:40:24,27/01/2024 02:41:11,0,16.72,P3,184,none,success
0d259bf8-e991-4e64-98b1-7ef1afb60858,1972,9588140458,sms,outgoing,national,TRUE,12/01/2024 08:38:26,12/01/2024 08:41:20,0,0,P2,183,none,success
564faff7-25ee-43ed-92e1-c280ac86dc01,1025,9543344470,sms,outgoing,international,FALSE,24/01/2024 06:50:29,24/01/2024 06:56:31,0,0,P2,193,none,success
72d73556-426d-4cc5-ad9d-9911b372b376,1807,9345371654,sms,outgoing,international,TRUE,05/01/2024 17:11:28,05/01/2024 17:19:25,0,0,P3,142,none,success
390bb80d-475e-4276-8bae-4317fd93dfc9,1958,9323390294,sms,outgoing,international,TRUE,25/01/2024 03:51:33,25/01/2024 03:56:39,0,0,P4,176,none,success
19bb3baa-d269-4dc8-91a8-abc7dbe7f4ac,1706,9368030407,sms,outgoing,national,TRUE,28/01/2024 23:41:13,28/01/2024 23:48:12,0,0,P5,162,L9_misclass,success
1840b8eb-f095-4edc-b5ff-f49f010ac6e5,1740,9727599630,voice,outgoing,national,TRUE,13/01/2024 07:42:54,13/01/2024 07:44:59,125,0,P0,151,none,success
4d6e639b-da46-4c37-882a-8b961fe72a7f,1201,9348005966,voice,incoming,international,TRUE,06/01/2024 18:02:03,06/01/2024 18:07:43,340,0,P1,138,none,success
de400f65-2115-4c1a-a085-d1e12995c135,1481,9670343885,voice,outgoing,international,FALSE,06/01/2024 18:43:18,06/01/2024 18:45:05,107,0,P1,122,none,success
2b506d3e-3709-4653-bf86-9ce2427f2be1,1439,9170907144,voice,outgoing,international,FALSE,08/01/2024 00:27:00,08/01/2024 00:33:32,392,0,P3,139,none,success
b5031aa0-067e-483a-9f82-917c9a507ad2,1747,9993065616,voice,incoming,international,TRUE,05/01/2024 10:38:01,05/01/2024 10:45:37,456,0,P3,125,none,success
7421483c-aa50-4af9-af95-9b54de67c000,1563,9391966203,voice,outgoing,international,FALSE,19/01/2024 10:51:50,19/01/2024 10:53:49,119,0,P3,136,none,success
a8620c84-bbb5-4fdb-9dbb-93dd3d4b3dbf,1653,9447131927,data,incoming,international,TRUE,16/01/2024 11:02:24,16/01/2024 11:06:26,0,25.48,P2,180,none,success
de476804-02d1-4d49-9cc0-2d8cc1492d6e,1988,9227649599,data,incoming,national,FALSE,26/01/2024 04:47:03,26/01/2024 04:47:25,0,12.63,P3,174,none,success
1e2e5407-5aee-4089-b0b0-a1479be13f39,1415,9994526805,data,incoming,national,TRUE,10/01/2024 12:34:40,10/01/2024 12:39:38,0,20.07,P3,165,none,success
b7012db3-7a70-4aa1-9553-6e6644bf9e3f,1818,9917063700,data,outgoing,national,FALSE,07/01/2024 11:20:20,07/01/2024 11:26:33,0,42.68,P3,176,none,success
a9888906-baf9-4ac5-bcae-62fddded57d7,1685,9698443211,data,incoming,international,TRUE,09/01/2024 04:08:04,09/01/2024 04:11:24,0,49.92,P3,116,none,success
c650dc72-7284-4e89-bd1e-f4dcdb487d90,1526,9859782176,data,outgoing,national,TRUE,21/01/2024 18:47:02,21/01/2024 18:56:59,0,22.01,P3,136,none,success
8c18cf0c-5b0f-42d9-989c-0059ce37ace1,1614,9540603838,data,incoming,international,TRUE,13/01/2024 02:08:21,13/01/2024 02:12:49,0,33.76,P4,127,none,success
e953ea4e-70e4-4408-91c5-2d62a3b07464,1886,9929390128,sms,incoming,national,TRUE,15/01/2024 03:01:56,15/01/2024 03:04:33,0,0,P0,152,none,success
614badba-2796-4bbc-bf18-0c6ec544b110,1368,9861252682,sms,incoming,international,TRUE,08/01/2024 04:25:18,08/01/2024 04:31:38,0,0,P3,161,none,success
34da3eb7-70dc-40f5-a0f5-2a0c9e1d3ae1,1568,9600454085,voice,outgoing,international,TRUE,12/01/2024 01:54:50,12/01/2024 01:55:34,44,0,P0,158,none,success
4c73abea-3af9-4532-ab6f-19aa4f833f82,1615,9166924964,voice,incoming,national,FALSE,07/01/2024 14:07:38,07/01/2024 14:17:16,578,0,P1,146,none,success
c72d8993-25b9-43cd-a3e5-16e865c04fdb,1697,9907516985,data,outgoing,international,FALSE,20/01/2024 04:02:09,20/01/2024 04:03:51,0,6.51,P0,164,none,success
c7492109-c270-47a6-b7ff-43c0e6fc3078,1914,9305437834,data,incoming,national,TRUE,01/01/2024 14:05:54,01/01/2024 14:07:27,0,24.35,P0,187,none,success
094dcb19-57c1-48cc-83eb-6f24ece43a1c,1506,9460018186,data,outgoing,national,FALSE,10/01/2024 22:11:09,10/01/2024 22:17:19,0,41.91,P0,182,none,success
b7888264-9fcf-4308-ba17-55e5f20f993d,1914,9416489520,data,outgoing,international,TRUE,20/01/2024 21:12:08,20/01/2024 21:12:31,0,9.25,P2,143,L2_wrong_tariff,success
194742db-8482-4ff0-be92-f238d7311405,1814,9742530249,data,outgoing,international,FALSE,21/01/2024 00:35:52,21/01/2024 00:30:52,0,1.5,P3,197,L13_timestamp,success
8579829f-b64e-4ed1-ae1d-a28088472dab,1751,9337867897,data,incoming,national,FALSE,29/01/2024 01:39:58,29/01/2024 01:45:14,0,15.93,P4,102,L3_roaming_gap,success
b9b7069a-8d1c-4981-8721-23df95a82366,1850,9270490404,sms,incoming,international,FALSE,19/01/2024 11:19:24,19/01/2024 11:23:00,0,0,P1,197,none,success
6dd4b078-8389-46b1-8394-258cd0b974c8,1140,9218331554,sms,outgoing,international,FALSE,26/01/2024 21:05:13,26/01/2024 21:10:39,0,0,P2,132,none,success
cc5e512a-ee20-47f9-8711-2d6cf36404fd,1133,9366014044,sms,outgoing,international,FALSE,22/01/2024 22:48:55,22/01/2024 22:55:10,0,0,P3,149,none,success
d048998c-6729-4578-bf1a-1652e4560936,1313,9070736089,sms,outgoing,national,TRUE,11/01/2024 03:20:03,11/01/2024 03:29:32,0,0,P3,197,none,success
968c3d8b-3cd1-4133-bcf2-184cb71e22e8,1469,9688026498,sms,incoming,national,TRUE,18/01/2024 14:52:17,18/01/2024 14:56:10,0,0,P4,199,none,success
c65804b0-b543-4ef2-9f67-28c075135832,1103,9738002677,sms,outgoing,international,FALSE,03/01/2024 09:47:50,03/01/2024 09:49:37,0,0,P4,188,none,success
87ea63a2-f80e-4e86-8347-7c558875b8b1,1719,9753786167,voice,outgoing,national,TRUE,08/01/2024 03:22:08,08/01/2024 03:26:05,237,0,P0,166,none,success
47f83e43-f5dc-4036-8b9d-243a7b918e58,1319,9298256739,voice,incoming,international,TRUE,30/01/2024 10:39:38,30/01/2024 10:47:52,494,0,P1,173,none,success
d9b97f63-1b01-4586-b715-53dfd6eef377,1493,9495396273,voice,outgoing,national,FALSE,18/01/2024 00:31:47,18/01/2024 00:40:37,530,0,P1,195,none,success
dd170198-a913-4e72-957e-ebc67c83b2e7,1555,9296802585,voice,incoming,national,TRUE,24/01/2024 02:47:04,24/01/2024 02:55:55,531,0,P2,177,none,success
2147a15b-e39f-4e47-bffc-89ea76735534,1864,9455488353,voice,outgoing,international,TRUE,20/01/2024 12:30:43,20/01/2024 12:39:37,534,0,P3,103,none,success
b14d6516-9c91-449f-acc3-b9b096933246,1007,9722249338,voice,incoming,national,FALSE,05/01/2024 10:56:06,05/01/2024 10:59:05,179,0,P4,146,none,success
7bf9abac-2144-4633-ad9b-b13a836933a7,1458,9648404245,voice,incoming,international,FALSE,22/01/2024 05:05:33,22/01/2024 05:11:29,356,0,P4,115,none,success
2d58cae2-4440-463a-9335-fe0fe109a20a,1714,9588027421,data,incoming,international,TRUE,04/01/2024 01:50:53,04/01/2024 01:53:13,0,30.31,P0,108,none,success
1ce0ab72-51d9-4800-ab5e-794ebdf302d6,1912,9821483466,data,outgoing,international,FALSE,25/01/2024 14:58:31,25/01/2024 15:06:01,0,5,P0,172,none,success
1990b271-2782-43a1-94ce-498b8e358603,1657,9876846005,data,outgoing,international,FALSE,07/01/2024 22:37:57,07/01/2024 22:42:59,0,9.75,P1,136,none,success
a028e766-5a7b-4573-888c-cbda6e3d4769,1507,9582022592,data,outgoing,national,TRUE,11/01/2024 21:42:04,11/01/2024 21:45:51,0,11.18,P2,164,none,success
642a2217-f214-4c03-afd7-623b0f14718b,1313,9963372071,data,outgoing,international,FALSE,20/01/2024 04:58:20,20/01/2024 05:02:56,0,31.35,P2,145,none,success
e3ae9549-78c4-44b1-b90c-ec136d3b653f,1730,9967782422,data,outgoing,international,TRUE,16/01/2024 11:25:48,16/01/2024 11:31:20,0,46.08,P2,193,none,success
569b163d-bb6b-421a-91e6-a179b7b3709e,1869,9938355913,data,outgoing,national,TRUE,09/01/2024 21:59:26,09/01/2024 22:07:41,0,20.56,P3,173,none,success
889ccbe7-c3bb-4956-ab1d-9e1c6c6d7321,1796,9162371552,sms,incoming,international,FALSE,23/01/2024 00:03:28,23/01/2024 00:04:57,0,0,P0,131,none,success
422d2917-cbd2-4ef4-8723-8539eacf9dc9,1921,9831818562,sms,outgoing,international,TRUE,13/01/2024 23:45:30,13/01/2024 23:54:01,0,0,P0,181,L2_wrong_tariff,success
856f5c12-7e4e-4a8b-b3fc-60750503960c,1200,9255371968,sms,outgoing,national,FALSE,25/01/2024 12:20:04,25/01/2024 12:27:46,0,0,P2,160,none,success
8099d148-0889-4bc1-8059-0f59794d6cbd,1502,9717046523,sms,outgoing,international,TRUE,28/01/2024 04:09:36,28/01/2024 04:13:22,0,0,P2,168,none,success
13049346-12cf-439c-9cda-13858a6cc97a,1503,9246477546,sms,incoming,national,FALSE,02/01/2024 05:13:46,02/01/2024 05:16:48,0,0,P2,105,none,success
40ff0cd2-888f-4204-8f8d-a8e5695d31cf,1886,9548435070,sms,incoming,international,FALSE,08/01/2024 18:19:58,08/01/2024 18:21:18,0,0,P3,181,none,success
dc84e5c0-8c81-4082-b705-3c04eb79ac8b,1013,9472063393,sms,incoming,national,FALSE,19/01/2024 16:53:37,19/01/2024 17:03:17,0,0,P3,172,none,success
d79f6192-8665-4649-b1ed-6050be3196b7,1637,9742973876,voice,incoming,national,TRUE,07/01/2024 16:30:21,07/01/2024 16:35:10,289,0,P0,176,none,success
780d9749-228b-40da-adbd-696498ede6e1,1433,9039771779,voice,outgoing,national,TRUE,28/01/2024 02:16:42,28/01/2024 02:18:13,91,0,P1,164,none,success
ebf21a5f-eee2-45b4-b502-0f5371f96e5d,1985,9093519422,voice,incoming,national,FALSE,03/01/2024 18:09:09,03/01/2024 18:18:46,577,0,P2,125,none,success
f3a77ccb-a2d7-45a9-8091-7dd664ff9a46,1536,9172067473,voice,outgoing,national,FALSE,07/01/2024 16:21:28,07/01/2024 16:29:42,494,0,P4,143,none,success
26470f2d-02c6-44cd-a515-672f762baa1e,1766,9297529067,voice,outgoing,international,TRUE,16/01/2024 17:42:43,16/01/2024 17:44:16,93,0,P4,138,none,success
5d60b023-62ad-4ba8-9e76-b70f2d57c1c2,1447,9230784834,voice,incoming,international,FALSE,29/01/2024 05:12:37,29/01/2024 05:13:18,41,0,P4,130,none,success
db237e13-a026-4c4d-87f6-16050635d07a,1773,9386512625,data,incoming,international,TRUE,27/01/2024 15:58:32,27/01/2024 15:59:17,0,29.74,P0,177,none,success
e15d4a16-1363-44bb-b4f6-1c9a25c90eb1,1915,9417423258,data,outgoing,international,TRUE,08/01/2024 04:11:14,08/01/2024 04:18:25,0,9.33,P1,111,none,success
fac67166-af57-4bbe-b71b-57aeeb4a3eab,1233,9454854217,data,outgoing,international,TRUE,18/01/2024 13:04:45,18/01/2024 13:13:08,0,4.47,P2,130,none,success
a1d6ab82-6884-41b9-8e28-1adcff99aa19,1852,9615691634,data,incoming,international,FALSE,05/01/2024 22:47:52,05/01/2024 22:50:27,0,20.26,P2,180,none,success
1aade155-c668-463a-b90c-0595cd373ccd,1766,9849945773,data,incoming,national,TRUE,06/01/2024 23:03:05,06/01/2024 23:08:06,0,2.97,P3,186,none,success
61aebbb8-f141-405a-b6f2-79a00e8bedd2,1622,9300429853,data,outgoing,national,FALSE,05/01/2024 06:56:34,05/01/2024 07:00:51,0,47.12,P4,109,none,success
8dd264e5-2d64-4131-8c8c-a34908f76df7,1950,9305618456,sms,incoming,international,TRUE,02/01/2024 23:41:37,02/01/2024 23:43:27,0,0,P0,106,none,success
32ea42e8-620c-427a-bf42-269fbda5e5e5,1196,9661634319,sms,outgoing,international,TRUE,20/01/2024 02:48:35,20/01/2024 02:51:28,0,0,P1,196,none,success
b59e8a85-63aa-4a70-bd93-abb9c446d353,1082,9740984642,sms,outgoing,national,FALSE,29/01/2024 07:39:58,29/01/2024 07:41:30,0,0,P1,199,none,success
2c1fbdde-51b9-455f-aa2b-bd4eb9073cd4,1706,9301145345,sms,outgoing,national,TRUE,24/01/2024 15:39:45,24/01/2024 15:45:39,0,0,P3,164,none,success
52cdfd19-b2f2-4ec6-88c3-90d2ad40fc46,1486,9327308475,sms,outgoing,international,TRUE,01/01/2024 01:23:09,01/01/2024 01:32:54,0,0,P3,181,none,success
f7986dee-91e8-479b-9d60-a8f4820f80ad,1952,9740154827,voice,incoming,national,FALSE,28/01/2024 12:11:53,28/01/2024 12:16:49,296,0,P0,139,none,success
36c8e5bf-cdbd-4ac1-b912-62fb3f94bed7,1365,9882001668,voice,outgoing,international,TRUE,07/01/2024 05:53:23,07/01/2024 05:59:11,348,0,P1,151,none,success
f11feb76-a362-4f63-a9bd-8d601dc47fc8,1033,9246328556,voice,outgoing,international,TRUE,12/01/2024 19:20:17,12/01/2024 19:21:56,99,0,P2,168,none,success
460412ff-217a-4c17-b054-9eca74ff4c24,1230,9267652656,voice,incoming,national,TRUE,27/01/2024 01:25:39,27/01/2024 01:32:44,425,0,P4,140,none,success
8ffaffa4-62ef-49b8-8d04-7a7a77a23f03,1033,9948113560,voice,outgoing,national,TRUE,15/01/2024 08:31:28,15/01/2024 08:37:00,332,0,P4,118,none,success
a7ad357a-d75b-4998-a1dd-8139c5a7c6a4,1272,9834583641,voice,outgoing,national,TRUE,28/01/2024 15:25:06,28/01/2024 15:32:14,428,0,P4,198,none,success
693bab96-52f2-4b7b-83db-338f0f0fc1a0,1346,9804550492,voice,incoming,international,FALSE,07/01/2024 09:49:00,07/01/2024 09:56:52,472,0,P4,105,none,success
718a14de-536e-48fe-bb05-7f1b7b87db39,1391,9641068808,voice,outgoing,national,TRUE,26/01/2024 20:36:03,26/01/2024 20:38:28,145,0,P5,185,L9_misclass,success
e9d45f11-28ea-42ed-a6c7-8bcaf1a8cacd,1628,9641495675,data,incoming,international,TRUE,02/01/2024 17:29:06,02/01/2024 17:38:07,0,14.89,P1,149,none,success
23f1993a-c720-48fa-b36d-5c7bc9e75a5d,1852,9539422883,data,incoming,national,TRUE,21/01/2024 01:37:11,21/01/2024 01:39:38,0,24.51,P1,129,none,success
aafd8de1-7346-498b-ad0a-ba8a4d258c92,1047,9017316146,data,outgoing,national,TRUE,02/01/2024 14:00:10,02/01/2024 14:02:56,,28.36,P2,110,L12_partial,success
eeda4206-86c9-4dc4-9b81-074495d7dd83,1666,9670906472,data,outgoing,international,FALSE,04/01/2024 18:00:01,04/01/2024 18:02:59,0,28.28,P3,111,none,success
27a909c8-a3cd-4a3f-aeec-c58141c90085,1515,9922498591,sms,incoming,international,FALSE,27/01/2024 06:49:46,27/01/2024 06:54:51,0,0,P0,138,none,success
5e5869f0-b935-4d43-b4f4-be34e5a62b74,1724,9651255931,sms,incoming,national,TRUE,15/01/2024 01:57:20,15/01/2024 02:00:47,0,0,P1,140,none,success
401609e5-95ed-4c47-9618-c356685dfd9c,1692,9384813833,sms,incoming,national,FALSE,25/01/2024 01:12:57,25/01/2024 01:17:27,2,0,P2,172,L6_simbox,success
c3479c6f-47cb-471a-970f-554a8721f862,1534,9450642888,sms,outgoing,international,FALSE,09/01/2024 16:07:05,09/01/2024 16:11:24,0,0,P3,180,none,success
630163ff-b9ed-4084-986f-d3f828af6a55,1561,9853875605,sms,outgoing,international,TRUE,15/01/2024 03:05:29,15/01/2024 03:06:53,0,0,P4,137,none,success
735bc0d3-a355-42be-bb2d-a7191f068dc7,1506,9008927246,sms,outgoing,international,TRUE,15/01/2024 13:50:02,15/01/2024 13:54:18,0,0,P4,115,none,success
bb8eb2fa-74c0-4272-9b78-a5759ac6b371,1193,9446431436,sms,outgoing,international,FALSE,06/01/2024 04:19:09,06/01/2024 04:23:40,0,0,P4,181,none,success
99511cb2-dc09-4e19-863d-ab5c210f27ea,1754,9292465078,sms,incoming,national,FALSE,13/01/2024 10:05:21,13/01/2024 10:10:31,0,0,P5,194,L9_misclass,success
00d7c751-41dc-4fda-8b2c-253129ee95eb,1281,9583320181,voice,outgoing,national,FALSE,01/01/2024 13:36:42,01/01/2024 13:45:43,541,0,P0,199,none,success
30d4ca28-9eef-4216-a7d5-17bc4cc20f48,1324,9220493959,voice,outgoing,international,FALSE,07/01/2024 04:01:51,07/01/2024 04:09:10,439,0,P2,170,none,success
b1671241-ff1e-491d-b0d0-5378d58607ea,1078,9683048876,voice,outgoing,national,FALSE,24/01/2024 02:06:15,24/01/2024 02:15:58,583,0,P2,179,none,success
5d5c1d14-4a24-405b-b287-5bef5454fff7,1860,9638230883,voice,outgoing,international,TRUE,26/01/2024 11:27:35,26/01/2024 11:29:24,109,0,P3,183,none,success
ba9f717c-2f93-4ec8-8784-679543416d98,1406,9717863306,voice,incoming,national,TRUE,10/01/2024 20:36:10,10/01/2024 20:41:03,293,0,P4,114,none,success
fb07d54b-0048-49c9-8635-52c174e81192,1335,9573244206,voice,incoming,national,TRUE,29/01/2024 16:01:36,29/01/2024 16:06:40,304,0,P4,138,L2_wrong_tariff,success
0a7e8885-b2cf-4e74-acc6-e13ccbc5d580,1571,9347984798,data,incoming,international,FALSE,01/01/2024 08:16:08,01/01/2024 08:17:24,0,29.23,P1,100,none,success
753f80db-e423-42e8-8e6d-dbdb472cd90c,1053,9323918547,data,incoming,international,TRUE,20/01/2024 02:20:20,20/01/2024 02:28:21,0,21.78,P3,105,none,success
2dd3e46e-7bd8-48ca-8656-2572d73aad05,1068,9909457312,data,incoming,national,TRUE,07/01/2024 05:10:42,07/01/2024 05:14:09,0,17.6,P4,109,none,success
0507ea84-a4d8-4d11-b515-1aab72dbfec3,1146,9909880411,sms,outgoing,international,FALSE,01/01/2024 08:01:17,01/01/2024 08:04:49,0,0,P0,130,L2_wrong_tariff,success
7f165c2c-3696-4c64-bbf1-3bea31556200,1231,9018859844,sms,outgoing,international,TRUE,06/01/2024 14:48:46,06/01/2024 14:58:11,0,0,P1,128,L11_suppression,suppressed
39ea9c46-d391-4c67-af4b-3275078244d0,1214,9675949165,sms,incoming,international,FALSE,26/01/2024 04:19:54,26/01/2024 04:23:48,0,0,P3,112,none,success
658af58b-a64f-4384-99bd-e75dbd98be11,1837,9540169566,sms,incoming,national,FALSE,06/01/2024 02:15:07,06/01/2024 02:21:46,0,0,P3,104,none,success
cc5dd601-0942-496f-bd34-ac7cc6c6625a,1244,9163753092,sms,incoming,international,FALSE,23/01/2024 14:26:29,23/01/2024 14:30:03,0,0,P3,127,none,success
b091aad6-011d-44ef-97a7-8511a245ab70,1980,9373445993,sms,incoming,international,FALSE,16/01/2024 22:43:26,16/01/2024 22:46:45,0,0,P4,104,none,success
f3ab1318-b9ba-4064-b3c3-4e3b39664fd0,1989,9379922169,sms,incoming,national,FALSE,23/01/2024 12:23:13,23/01/2024 12:26:39,0,0,P4,195,none,success
13787dca-d948-4c46-879f-65e17a8ffb75,1521,9344689989,voice,outgoing,national,TRUE,19/01/2024 14:50:25,19/01/2024 14:55:21,296,0,P0,167,none,success
e1fdcdc0-3f4b-4179-bb6d-8196aa814844,1480,9739737404,voice,incoming,national,FALSE,28/01/2024 15:54:54,28/01/2024 16:00:51,357,0,P2,118,none,success
f0e739d9-0277-4ec8-b5d6-9986c0d5640e,1352,9233664775,voice,incoming,international,FALSE,03/01/2024 10:40:19,03/01/2024 10:45:42,323,0,P3,132,none,success
7580763e-850b-4d4b-b6a7-350f33940d48,1987,9858756929,voice,incoming,national,TRUE,27/01/2024 05:15:42,27/01/2024 05:19:11,209,0,P3,164,none,success
110cd76d-6f7d-4794-a8c6-2148da5c03c6,1760,9280850695,voice,incoming,national,FALSE,11/01/2024 03:19:57,11/01/2024 03:22:28,151,0,P3,147,none,success
b3415de0-e17a-4fdf-b2cf-0b345acc6fb9,1604,9783947417,data,outgoing,national,FALSE,20/01/2024 16:49:47,20/01/2024 16:50:08,0,40.39,P0,138,none,success
8c5751e7-8d43-4a0c-a8e3-ebded521a971,1347,9814078421,data,incoming,national,FALSE,30/01/2024 11:54:05,30/01/2024 11:57:13,0,35.56,P0,154,none,success
7e3c08da-bac0-4e7c-b380-759198b38c1c,1467,9304095561,data,incoming,national,FALSE,01/01/2024 16:59:17,01/01/2024 17:03:42,0,0.65,P2,148,none,success
736624f4-2380-4aee-873b-8cd74c8c23a2,1520,9422167371,data,outgoing,national,TRUE,27/01/2024 18:43:55,27/01/2024 18:48:40,0,31.01,P3,195,none,success
db0d3508-f42e-402c-812c-7a0f21b0d7ba,1069,9052646903,sms,outgoing,international,TRUE,15/01/2024 11:15:41,15/01/2024 11:24:32,0,0,P0,197,none,success
27098275-3e95-4ba2-aebf-dc07f5b5e095,1480,9850574856,sms,outgoing,national,FALSE,12/01/2024 09:44:14,12/01/2024 09:51:09,0,0,P1,116,none,success
8c807d8a-5f75-4201-ade5-b9e7e49541a6,1821,9305830140,sms,incoming,national,TRUE,11/01/2024 06:09:16,11/01/2024 06:14:39,0,0,P1,181,none,success
fca03d84-9f88-4060-86b5-bfbd83211138,1449,9956008815,sms,incoming,international,FALSE,28/01/2024 09:56:26,28/01/2024 10:04:03,0,0,P2,150,none,success
a6e99725-3363-4a42-af43-8cd59f61824e,1234,9559848159,sms,incoming,international,FALSE,27/01/2024 19:47:50,27/01/2024 19:55:17,0,0,P3,112,none,success
10681860-b4e5-43c6-aedd-c1b90a23eced,1620,9537245987,sms,incoming,international,TRUE,24/01/2024 02:45:50,24/01/2024 02:53:51,,0,P3,166,L12_partial,success
2f9b394a-aa48-4520-ae0d-2e5e3f81a4e0,1267,9407231164,sms,outgoing,national,TRUE,21/01/2024 20:10:40,21/01/2024 20:11:10,0,0,P3,141,none,success
73e85c8d-4623-4f04-abe9-6e2f2da1623d,1668,9913949274,voice,outgoing,international,TRUE,21/01/2024 09:36:10,21/01/2024 09:42:36,386,0,P0,164,none,success
6bea7c0b-6c0d-4578-a3d7-516d4974f09a,1318,9733233456,voice,incoming,international,TRUE,14/01/2024 14:38:34,14/01/2024 14:48:11,577,0,P0,177,none,success
2daabe34-493c-414e-95f1-31711dcc4010,1059,9620948442,voice,outgoing,national,FALSE,26/01/2024 21:22:56,26/01/2024 21:26:47,231,0,P3,182,none,success
abc9b161-a9f9-4e36-a315-63b20250b1cc,1683,9232147911,voice,outgoing,international,TRUE,24/01/2024 09:09:38,24/01/2024 09:13:28,230,0,P3,123,none,success
03f055cd-cbe3-46f7-b9c1-63debe348fcb,1981,9855463069,voice,incoming,international,TRUE,04/01/2024 17:13:24,04/01/2024 17:17:05,221,0,P3,178,none,success
877414c7-c128-4a5f-a0ce-779b16e1d669,1094,9965378972,voice,outgoing,international,TRUE,09/01/2024 21:09:50,09/01/2024 21:10:54,64,0,P4,124,none,success
d459aeb9-6719-4a54-9034-b99d59eca2a2,1995,9033710326,voice,incoming,national,FALSE,18/01/2024 09:55:58,18/01/2024 09:58:08,130,0,P4,154,none,success
25d0649f-e1e9-4a99-b059-044e42cf93f0,1228,9824180512,data,incoming,international,FALSE,04/01/2024 02:27:50,04/01/2024 02:28:55,0,24.61,P0,151,none,success
ea5b87e6-437f-45d8-bc9d-b6f136583dc8,1403,9754681592,data,outgoing,national,TRUE,20/01/2024 02:27:50,20/01/2024 02:31:21,0,20.11,P1,162,none,success
d8f939a6-8070-4cd2-ad1f-b34a2aa975ad,1504,9357348943,data,incoming,national,TRUE,28/01/2024 09:15:26,28/01/2024 09:22:09,0,44.85,P3,158,none,success
5fa16aca-2a01-4a3e-a261-5071d00eaf1a,1158,9803919545,data,outgoing,international,TRUE,02/01/2024 10:22:30,02/01/2024 10:31:00,0,41.11,P3,193,none,success
9a9d0818-990e-481f-8c80-ffc3437fefb2,1237,9264686506,data,outgoing,international,FALSE,15/01/2024 20:57:41,15/01/2024 21:02:46,0,49.5,P3,171,none,success
cdca1dc2-8044-4b41-862d-e0f10e90529c,1550,9328041438,sms,incoming,national,TRUE,13/01/2024 08:11:44,13/01/2024 08:13:41,0,0,P0,111,none,success
d45f6d41-4815-488e-a375-3f86bca87384,1138,9883240933,sms,outgoing,national,TRUE,18/01/2024 05:30:49,18/01/2024 05:38:17,0,0,P0,106,none,success
30ac9f8f-446a-4b4d-b2c9-64544e3e05a8,1569,9536255636,sms,incoming,international,TRUE,19/01/2024 15:20:20,19/01/2024 15:29:47,,0,P1,126,L12_partial,success
9c840d99-0e5e-4c73-bd40-acf43cd955fd,1996,9878936139,sms,incoming,national,TRUE,18/01/2024 18:30:54,18/01/2024 18:31:20,0,0,P2,146,none,success
d59c81b2-8e7e-4f65-87f9-2517ad41bcdc,1414,9971031652,sms,outgoing,national,TRUE,19/01/2024 04:56:42,19/01/2024 05:00:51,0,0,P2,120,none,success
ded624ec-8bb8-4691-a1cd-bfaeca975409,1252,9888702847,sms,incoming,international,FALSE,06/01/2024 13:57:31,06/01/2024 14:06:57,0,0,P3,166,none,success
735ec83e-ccf9-4901-b7ad-0eefae93c36d,1991,9959736485,sms,outgoing,national,TRUE,30/01/2024 13:10:22,30/01/2024 13:11:50,0,0,P3,118,none,success
721b6629-a500-47a6-b2c3-890f08241fbb,1558,9424152767,sms,incoming,national,FALSE,28/01/2024 19:54:44,28/01/2024 19:49:44,0,0,P3,107,L13_timestamp,success
7c73334d-1e4d-4fc6-9313-abd75df3ba25,1476,9531386781,sms,outgoing,national,TRUE,04/01/2024 16:22:19,04/01/2024 16:25:15,0,0,P4,110,none,success
b5882356-9fb4-4321-a883-781c369ebbe2,1763,9794330738,voice,incoming,international,TRUE,06/01/2024 11:24:56,06/01/2024 11:34:49,593,0,P0,103,none,success
b50d80ce-446d-44d6-b0f2-2b795e2e8bc9,1299,9680121331,voice,outgoing,national,FALSE,30/01/2024 10:53:45,30/01/2024 10:55:46,121,0,P2,159,none,success
b879876d-2157-4da2-884b-393d1e54cbcd,1254,9755298108,voice,incoming,national,FALSE,03/01/2024 01:50:18,03/01/2024 01:53:38,200,0,P2,141,none,success
4ced5ec1-d647-44cc-9c4d-eb36dcd7d481,1112,9839010597,voice,outgoing,national,FALSE,16/01/2024 20:54:21,16/01/2024 21:00:20,359,0,P2,163,none,success
95934142-8340-4021-9048-51c80eed6ddf,1482,9910343117,voice,incoming,national,FALSE,28/01/2024 12:44:19,28/01/2024 12:51:49,450,0,P2,149,none,success
4f1ea968-b125-4a89-8cdc-ac9a6b290468,1210,9086023296,voice,outgoing,national,TRUE,21/01/2024 18:21:08,21/01/2024 18:21:21,13,0,P2,152,none,success
02b47e1f-bdf9-4891-adbb-6a9f8036d157,1016,9140585752,voice,incoming,international,TRUE,29/01/2024 20:13:00,29/01/2024 20:22:36,576,0,P2,182,none,success
92c14219-2b79-4862-bae7-c9fc664141d1,1373,9736904704,voice,outgoing,international,FALSE,08/01/2024 00:52:46,08/01/2024 01:01:22,516,0,P3,105,none,success
b1be6342-3059-4a5f-b36f-056b765a53b1,1035,9101693813,voice,incoming,international,TRUE,17/01/2024 17:03:43,17/01/2024 17:07:23,220,0,P3,130,none,success
4ca606d0-32a1-4f14-be73-05e541e423d8,1687,9790478858,voice,incoming,national,TRUE,22/01/2024 18:01:48,22/01/2024 18:11:48,600,0,P3,137,none,success
c977fa30-17f9-46ae-b1a9-81340c1fcf38,1761,9266496316,voice,incoming,international,TRUE,03/01/2024 08:33:20,03/01/2024 08:41:30,490,0,P4,197,none,success
5570d259-5ff8-4cdb-86b0-332f7bd58b00,1011,9799995619,voice,outgoing,international,FALSE,29/01/2024 20:47:41,29/01/2024 20:51:00,199,0,P4,156,none,success
701c6946-fa77-47e6-998e-e0df75bad302,1719,9834145940,data,outgoing,national,FALSE,23/01/2024 11:16:03,23/01/2024 11:17:20,0,16.64,P0,110,none,success
2c96744f-4ad6-474e-ad37-69103c9da4ef,1039,9686830549,data,incoming,national,FALSE,30/01/2024 17:03:35,30/01/2024 17:08:21,0,25.51,P1,164,none,success
7a606459-e375-49a3-8775-6a293f33aa7a,1838,9799281787,data,incoming,international,TRUE,24/01/2024 04:33:45,24/01/2024 04:39:44,3,22.23,P1,184,L6_simbox,success
3d48edf4-24b7-4897-8b9a-3ea2b94387a1,1251,9556457944,data,outgoing,international,TRUE,01/01/2024 10:43:00,01/01/2024 10:43:59,0,31.69,P2,150,none,success
f9932613-7bff-4e57-bd72-f7682c3a3fcc,1427,9204013521,data,outgoing,international,TRUE,07/01/2024 02:06:07,07/01/2024 02:09:17,0,42.23,P2,191,none,success
37f616af-810f-437a-9615-90aeb1e4efd7,1899,9599163582,data,incoming,international,FALSE,17/01/2024 17:13:00,17/01/2024 17:16:50,0,48.38,P3,136,none,success
ca02f2db-83f7-43cb-a51a-e314a040d01f,1162,9849665630,data,incoming,international,FALSE,24/01/2024 02:39:41,24/01/2024 02:47:46,0,39.26,P3,141,none,success
acf71794-3bc3-49ac-9323-cdefdf9f33de,1519,9975277920,data,incoming,international,TRUE,10/01/2024 18:03:34,10/01/2024 18:04:46,0,23.1,P4,103,none,success
fb9580c7-38e7-4251-9219-27448a520267,1216,9355302690,sms,incoming,national,TRUE,13/01/2024 08:37:22,13/01/2024 08:42:14,0,0,P0,121,none,success
13647d73-dcf1-448b-a472-67995bb89873,1595,9842487258,sms,incoming,international,FALSE,16/01/2024 08:58:50,16/01/2024 09:04:05,0,0,P3,166,none,success
4ae34dc7-a264-48e7-887a-99112e937135,1611,9710697241,sms,incoming,national,TRUE,27/01/2024 08:35:00,27/01/2024 08:42:21,0,0,P3,153,none,success
f7bcea70-e3f1-4981-9961-a14868acca59,1306,9231680542,sms,incoming,international,TRUE,04/01/2024 00:04:25,04/01/2024 00:07:38,0,0,P4,122,none,success
79f85c3b-f190-4b3c-963c-031216331da6,1659,9998956506,sms,incoming,international,TRUE,29/01/2024 20:16:06,29/01/2024 20:20:11,0,0,P4,128,none,success
073c4c46-eee0-4cfe-9a0b-198af2e08fbc,1109,9558738790,sms,incoming,international,TRUE,28/01/2024 22:00:05,28/01/2024 22:02:07,0,0,P4,172,none,success
62f5e8df-d0a5-49c8-af00-7c415598874c,1545,9177645268,sms,incoming,international,TRUE,30/01/2024 22:10:13,30/01/2024 22:19:32,0,0,P4,199,none,success
cd024fff-4fbd-4484-9a55-e3f6843137ff,1285,9674373475,voice,outgoing,national,FALSE,10/01/2024 15:02:54,10/01/2024 15:11:01,487,0,P0,179,none,success
8d83c7b6-10aa-46ab-b749-e52e4d377c8d,1665,9414669521,voice,outgoing,international,TRUE,07/01/2024 23:16:15,07/01/2024 23:19:04,169,0,P1,187,none,success
093dc9cf-1930-44db-b1d5-9ae73616b77f,1804,9048630082,voice,outgoing,national,TRUE,18/01/2024 15:09:16,18/01/2024 15:10:37,81,0,P1,122,none,success
aca968cc-6f4e-4eb5-acd3-86e4f80cb16e,1692,9808550042,voice,outgoing,national,TRUE,10/01/2024 04:19:16,10/01/2024 04:26:11,415,0,P2,120,none,success
a8242572-c088-4912-8806-46a556ce2c3c,1942,9301753594,voice,outgoing,international,TRUE,03/01/2024 14:59:42,03/01/2024 15:07:27,465,0,P2,149,none,success
e9121169-5182-484c-b667-68a23dc427f5,1060,9257982874,voice,incoming,international,FALSE,24/01/2024 17:09:33,24/01/2024 17:17:23,470,0,P3,102,L1_unbilled,success
a1de0075-647c-4e23-8baa-479c55697e41,1126,9160578352,voice,outgoing,national,FALSE,12/01/2024 18:01:30,12/01/2024 18:09:51,501,0,P3,162,none,success
a0592fe8-75b9-49be-8edd-29236b52d3b0,1334,9536423561,data,incoming,national,FALSE,03/01/2024 23:42:19,03/01/2024 23:48:18,0,4.38,P0,174,none,success
f532e7f5-84d9-4fa6-ab36-06f17f55e67d,1628,9607516218,data,outgoing,international,TRUE,11/01/2024 07:03:39,11/01/2024 07:11:05,0,30.26,P0,130,none,success
6bd38bf0-812b-47eb-b1ec-334dba5ed767,1676,9766806289,data,outgoing,international,TRUE,14/01/2024 20:56:28,14/01/2024 21:01:08,0,36.06,P1,144,none,success
8e67e40e-f43f-48aa-8e94-e447af019a1f,1661,9004865092,data,outgoing,national,TRUE,17/01/2024 11:26:32,17/01/2024 11:35:48,0,3.75,P2,111,none,success
aaf6b10d-48f2-4c64-8bb8-95b02edafbc5,1147,9286279002,data,incoming,international,FALSE,09/01/2024 09:27:39,09/01/2024 09:28:03,0,47.46,P2,113,none,success
d18dcdab-c9b9-43de-9d87-225b72659e70,1135,9991765931,data,incoming,international,FALSE,11/01/2024 11:58:56,11/01/2024 12:04:26,0,27.13,P3,124,none,success
5e61ac96-bab8-4d82-907c-28bad232a640,1862,9331030468,data,incoming,international,FALSE,02/01/2024 18:18:08,02/01/2024 18:19:37,2,12.96,P3,115,L6_simbox,success
9ff85466-12f0-468c-940d-d1cf3b6329b7,1330,9043341074,data,outgoing,international,TRUE,13/01/2024 00:24:54,13/01/2024 00:33:58,0,37.65,P4,138,none,success
475f994c-6fce-4065-a09b-9f9c7a9b9e4e,1430,9215730452,sms,outgoing,national,TRUE,03/01/2024 03:14:35,03/01/2024 03:19:33,0,0,P1,193,none,success
d1ded9f2-b127-49a0-8047-11e46d01ac5e,1500,9339051361,sms,outgoing,international,FALSE,12/01/2024 20:19:04,12/01/2024 20:25:53,0,0,P2,173,L11_suppression,suppressed
ecf0071c-3b7a-46b7-a443-51840f342dbf,1590,9905094298,sms,outgoing,national,FALSE,26/01/2024 13:11:44,26/01/2024 13:13:40,0,0,P2,128,none,success
15a63bb5-4e69-4577-bf75-31d89483dcb5,1896,9123864997,sms,outgoing,national,FALSE,03/01/2024 01:53:04,03/01/2024 01:59:49,0,0,P4,118,none,success
3ad7c8b1-ffcf-4e80-9e10-be0bbc6d58a2,1790,9957709264,sms,outgoing,international,TRUE,14/01/2024 03:07:24,14/01/2024 03:16:31,0,0,P4,169,none,success
3557f18e-2506-4b23-ae69-3fcebbbd0256,1096,9763579078,sms,outgoing,international,FALSE,23/01/2024 14:14:50,23/01/2024 14:22:29,0,0,P4,169,none,success
cc469001-d8d2-49f1-bc12-9115079f1fe1,1881,9052371977,voice,outgoing,international,TRUE,09/01/2024 09:47:19,09/01/2024 09:54:27,428,0,P0,136,none,success
b8af2226-a77c-49ba-9590-4e50c058175a,1411,9527705586,voice,outgoing,international,TRUE,21/01/2024 19:47:44,21/01/2024 19:54:13,389,0,P1,131,none,success
b97a2129-a840-488a-b785-acb8d35c8e18,1193,9737347704,voice,incoming,national,TRUE,05/01/2024 15:16:17,05/01/2024 15:25:00,523,0,P2,121,none,success
ffafe5f4-45ad-4727-aa50-0799c26b6380,1762,9879780335,voice,outgoing,international,FALSE,17/01/2024 14:10:16,17/01/2024 14:12:07,111,0,P2,137,none,success
4e5ec071-b3c8-4979-9772-6aeada1dc693,1754,9927630051,voice,incoming,international,FALSE,26/01/2024 14:11:06,26/01/2024 14:14:42,216,0,P3,185,none,success
4c6336b2-1560-47f3-8a25-8ad01fa578c2,1276,9242462771,voice,outgoing,international,FALSE,16/01/2024 17:16:42,16/01/2024 17:25:39,537,0,P3,101,none,success
6349c30e-e03d-4340-99f5-fb38311ba328,1000,9760779432,voice,outgoing,international,TRUE,09/01/2024 06:55:16,09/01/2024 07:02:43,447,0,P4,187,none,success
287d7fec-4fd4-4f90-ab96-fbb104710ba4,1981,9973845204,voice,outgoing,international,FALSE,29/01/2024 14:32:24,29/01/2024 14:38:48,384,0,P4,155,none,success
6242a42e-8117-42d1-a92b-b553e4b2f715,1524,9870788862,voice,incoming,national,FALSE,04/01/2024 20:28:25,04/01/2024 20:32:17,232,0,P4,170,none,success
5721b2db-fb7a-423f-8a55-274648e22aec,1653,9851655867,voice,incoming,international,FALSE,12/01/2024 11:59:01,12/01/2024 12:04:30,329,0,P4,141,none,success
5f5b903e-40ca-4428-b384-7ae3cffe0f23,1431,9688903917,data,outgoing,international,FALSE,15/01/2024 12:10:18,15/01/2024 12:15:30,0,24.32,P1,192,none,success
53027c02-e20f-41df-a7e3-057da8e74405,1044,9694718285,data,outgoing,international,FALSE,28/01/2024 17:12:38,28/01/2024 17:19:38,0,46.97,P1,168,none,success
11ea5f0e-fbc1-4384-b9d6-495238106ab1,1295,9040557376,data,outgoing,national,FALSE,05/01/2024 10:28:55,05/01/2024 10:33:09,0,14.4,P1,195,none,success
40b0399d-5031-472e-812e-40b78adfbb2f,1306,9180103062,data,incoming,national,FALSE,30/01/2024 18:10:40,30/01/2024 18:18:22,0,39.05,P2,101,none,success
438ab2c7-4df2-4eec-b26c-151d5f729c0b,1887,9077772314,data,incoming,international,TRUE,12/01/2024 11:48:43,12/01/2024 11:55:21,0,26.03,P3,176,none,success
3f09f645-6698-4bb6-9872-fdbc4d477bbc,1547,9937238160,data,incoming,international,FALSE,20/01/2024 18:22:06,20/01/2024 18:30:37,0,19.55,P3,195,none,success
aff3a7a6-51c1-4f59-a259-2334a318c594,1585,9789860231,sms,incoming,international,FALSE,04/01/2024 04:59:16,04/01/2024 05:00:27,0,0,P0,103,none,success
6666dcd5-e346-4976-9736-eb6a63ebd766,1535,9983450670,sms,incoming,national,FALSE,12/01/2024 08:47:12,12/01/2024 08:51:33,0,0,P1,197,none,success
ac7eda57-2c4f-4d7f-9d06-b32c4f57a1e1,1555,9443852091,sms,outgoing,national,TRUE,17/01/2024 17:35:38,17/01/2024 17:42:13,0,0,P1,169,none,success
978fa3ca-5a29-4a65-a712-0099da1b07c1,1983,9794100661,sms,outgoing,international,FALSE,11/01/2024 14:05:02,11/01/2024 14:14:14,0,0,P2,177,none,success
d2151696-de86-4823-8eba-267da10ee2f4,1709,9732314044,sms,outgoing,national,FALSE,06/01/2024 02:16:25,06/01/2024 02:26:14,0,0,P3,100,none,success
398ff64f-58b0-49e5-a976-d5195e5c9473,1597,9325225471,sms,incoming,national,TRUE,06/01/2024 04:43:49,06/01/2024 04:44:08,0,0,P3,143,none,success
51e95104-f526-4e8c-8352-99a04390c6d8,1011,9422858543,sms,outgoing,national,FALSE,03/01/2024 11:55:09,03/01/2024 11:57:23,0,0,P3,116,none,success
c68704f2-0a37-4cf5-8eb6-0a6194c1dd6f,1112,9709075511,voice,incoming,international,FALSE,22/01/2024 18:41:37,22/01/2024 18:44:14,157,0,P1,112,none,success
d6232597-989a-4361-ae4d-4beedcd3e448,1886,9576668211,voice,outgoing,national,FALSE,19/01/2024 10:51:29,19/01/2024 10:58:27,418,0,P1,185,none,success
86e5b73a-f48c-49c8-8325-3626f4e76d3a,1280,9753435021,voice,outgoing,national,TRUE,08/01/2024 13:58:39,08/01/2024 14:02:19,220,0,P2,132,none,success
1898b663-9f7f-444c-a38b-6428347840ed,1064,9343379892,voice,incoming,national,TRUE,20/01/2024 22:27:14,20/01/2024 22:28:31,77,0,P2,152,none,success
4f091afb-393a-4651-9ad4-803f2082f587,1537,9801041958,voice,incoming,national,FALSE,07/01/2024 05:49:03,07/01/2024 05:56:01,418,0,P3,191,L5_zero_rated,success
be3f130c-7631-4387-b044-d088087c9ba8,1380,9913167435,voice,incoming,international,TRUE,07/01/2024 06:42:06,07/01/2024 06:47:38,332,0,P4,191,none,success
10e4f8ce-c9fb-46ef-9f41-32c141ade5e7,1649,9214736291,data,incoming,national,FALSE,04/01/2024 23:16:21,04/01/2024 23:22:50,0,17.8,P0,165,none,success
8fa3cf54-7ce5-469f-be34-d58ee64f7b62,1759,9267359781,data,incoming,national,FALSE,26/01/2024 08:30:42,26/01/2024 08:33:47,0,4.47,P0,161,none,success
47e38a79-e929-452c-99f8-d498435d2ba1,1798,9756648122,data,incoming,international,TRUE,15/01/2024 12:58:15,15/01/2024 13:01:28,0,26.23,P1,156,none,success
94009679-44fd-4903-ae4a-9e5d6e8a93df,1706,9276591702,data,outgoing,national,TRUE,12/01/2024 16:40:41,12/01/2024 16:49:26,0,30.51,P1,194,none,success
9545c672-843b-4711-8f20-bf2667945844,1487,9120848100,data,outgoing,national,FALSE,16/01/2024 06:23:33,16/01/2024 06:25:31,0,33.18,P2,158,none,success
c1ab859b-6eef-44be-877a-47674744b8e3,1293,9611762985,data,incoming,international,TRUE,05/01/2024 10:41:14,05/01/2024 10:41:35,0,24.53,P2,177,none,success
4573a996-f887-44af-b106-c3623fde2023,1004,9583989007,data,incoming,national,TRUE,08/01/2024 08:20:00,08/01/2024 08:25:09,0,41.53,P3,120,none,success
05dbdce5-749a-40fb-97e7-345bfc2d622e,1831,9862047282,data,outgoing,national,TRUE,03/01/2024 01:30:03,03/01/2024 01:37:53,0,38.62,P3,193,none,success
79b602e8-58cd-4bd9-b73a-8ef52ceedfc8,1815,9685711187,data,outgoing,national,FALSE,16/01/2024 13:41:32,16/01/2024 13:36:32,0,36.95,P4,196,L13_timestamp,success
5fad20b9-99fe-4716-b2a6-c67158ef31a8,1820,9856699880,sms,outgoing,national,TRUE,22/01/2024 03:17:29,22/01/2024 03:18:04,0,0,P0,157,none,success
1dc403c4-e9e9-426f-a08b-8dbf6af3ab1a,1410,9178256175,sms,incoming,international,FALSE,22/01/2024 06:42:42,22/01/2024 06:46:00,0,0,P1,122,none,success
c2e30ed4-55c2-4ff5-9eda-92b18dc213bf,1084,9231357334,sms,incoming,national,TRUE,26/01/2024 07:52:04,26/01/2024 07:54:31,0,0,P1,189,none,success
d54fa831-334b-4dd7-9791-dc70d2ef35e2,1034,9511348607,sms,incoming,national,TRUE,01/01/2024 11:55:27,01/01/2024 12:01:29,0,0,P2,185,none,success
d1bedadb-93ad-4611-9321-2959fcd3d4a6,1302,9141843220,sms,outgoing,international,TRUE,10/01/2024 23:22:30,10/01/2024 23:32:14,0,0,P2,180,none,success
243381af-30bc-4bed-b9c3-53784c6fd767,1602,9403676886,sms,incoming,national,TRUE,07/01/2024 21:08:04,07/01/2024 21:11:11,0,0,P2,161,L1_unbilled,success
a1985106-8be0-45f4-a0e4-7bd24bb5d36e,1058,9536037295,sms,incoming,international,FALSE,06/01/2024 21:33:33,06/01/2024 21:35:41,0,0,P3,156,none,success
3848880c-4762-4c86-8fc9-8f56532b7a4a,1601,9438758053,sms,incoming,international,TRUE,12/01/2024 10:43:39,12/01/2024 10:51:20,0,0,P3,177,none,success
24fe54dc-5592-44a3-b713-fc5e1580ffc9,1870,9286846104,voice,outgoing,national,FALSE,16/01/2024 22:43:33,16/01/2024 22:47:53,260,0,P0,150,none,success
5c6f12be-fd97-46b7-bf21-9be7c76af259,1403,9507010919,voice,incoming,international,FALSE,07/01/2024 17:48:07,07/01/2024 17:55:47,460,0,P1,112,none,success
a7d4ae00-ce34-4132-9036-1345159eaef7,1790,9132850515,voice,incoming,international,FALSE,23/01/2024 19:11:14,23/01/2024 19:18:14,420,0,P1,124,none,success
3c6864e1-66d0-4d80-a6b5-4e3790cf34aa,1659,9730019175,data,incoming,international,FALSE,25/01/2024 13:04:01,25/01/2024 13:10:41,0,47.3,P0,121,none,success
6093183c-8e5d-4360-8ce6-a3edd9ae2dca,1093,9662785096,data,incoming,international,FALSE,17/01/2024 22:09:02,17/01/2024 22:14:43,0,2.68,P1,101,none,success
4d127c84-9a98-4e4b-b388-d7f8cb904f27,1267,9978945093,data,incoming,international,TRUE,11/01/2024 04:56:49,11/01/2024 05:00:39,0,36.02,P2,173,none,success
260afad0-bf6b-4457-a22a-aae0a35db1c9,1006,9869149080,data,outgoing,national,FALSE,14/01/2024 03:55:43,14/01/2024 04:00:31,0,44.21,P2,104,L11_suppression,suppressed
5f0fb4c2-2eaf-486c-bb42-05918e70de7c,1332,9443392750,data,outgoing,national,TRUE,19/01/2024 01:37:21,19/01/2024 01:45:13,0,1.8,P2,129,none,success
41b9826b-d001-4935-b4df-b10fe1111c93,1250,9582414129,data,outgoing,national,TRUE,20/01/2024 04:53:21,20/01/2024 04:58:16,0,46.71,P3,123,none,success
6131005d-8b49-45f9-8f6e-52bbeb741672,1298,9419857797,data,incoming,national,FALSE,01/01/2024 02:01:28,01/01/2024 02:02:21,0,47.21,P3,133,none,success
0bbc531b-0245-4a69-a7a0-7afd9b137ece,1998,9329896795,data,outgoing,international,TRUE,30/01/2024 18:40:15,30/01/2024 18:48:56,0,28.95,P4,153,none,success
f13214e9-0c00-40bb-8459-f31487403751,1626,9514965775,sms,incoming,national,FALSE,12/01/2024 22:36:34,12/01/2024 22:39:48,0,0,P1,195,none,success
0a9d878f-da18-4367-b36e-83d5cfd50b48,1657,9307058632,sms,incoming,national,TRUE,11/01/2024 03:00:21,11/01/2024 03:06:02,0,0,P2,157,none,success
a6bd9ee3-e4f2-4cdc-a953-440b6b0315c2,1811,9882092205,sms,outgoing,national,FALSE,07/01/2024 04:52:44,07/01/2024 05:01:32,0,0,P3,129,none,success
ccab70d1-7f5c-4b98-9d9d-9c99e86f31b8,1593,9859491226,sms,incoming,national,FALSE,18/01/2024 00:28:25,18/01/2024 00:33:03,0,0,P4,124,none,success
10be3408-7dfc-432f-911f-d1a9d995974d,1917,9998743622,voice,outgoing,international,FALSE,30/01/2024 14:39:31,30/01/2024 14:46:41,430,0,P1,122,none,success
580a9096-a217-4457-bfbe-02a040420d90,1286,9430630163,voice,incoming,national,FALSE,28/01/2024 09:12:00,28/01/2024 09:13:02,62,0,P2,134,none,success
d170d56d-a6ff-4681-bfd0-789074146c53,1138,9165565326,voice,incoming,national,TRUE,06/01/2024 08:51:24,06/01/2024 08:57:38,374,0,P2,129,none,success
3103c183-b9ca-48a9-b4f2-f11162ce7634,1335,9494182100,voice,outgoing,national,FALSE,04/01/2024 14:51:51,04/01/2024 14:56:48,297,0,P4,152,none,success
16999774-a10b-495c-b6ce-dd7509f906f9,1386,9262891233,voice,outgoing,international,FALSE,25/01/2024 13:30:49,25/01/2024 13:36:59,370,0,P4,157,none,success
ab2ae828-af5d-40cb-8352-899f210c8385,1891,9860492968,data,outgoing,international,FALSE,10/01/2024 22:04:49,10/01/2024 22:08:29,0,48.89,P0,176,none,success
25894a2c-9326-4485-9500-6ca7d7c957bb,1067,9659717095,data,incoming,national,FALSE,13/01/2024 04:16:02,13/01/2024 04:19:43,0,27,P0,114,none,success
4dbf230d-5c36-4579-adb9-1d94707f49a7,1291,9851277148,data,incoming,international,TRUE,17/01/2024 08:34:00,17/01/2024 08:39:24,0,2.34,P2,146,none,success
3b2be9cf-471f-436d-86e9-a486c2f24686,1332,9841757185,data,incoming,international,TRUE,10/01/2024 22:52:26,10/01/2024 22:53:57,0,12.56,P3,148,none,success
557816c6-7f83-4641-a4c2-c4f600a6e6a9,1243,9120137896,data,incoming,international,FALSE,27/01/2024 17:52:13,27/01/2024 17:57:36,0,33.87,P3,165,none,success
ab6531bd-d59e-4ac3-a97c-d7a5d884309b,1216,9710201514,data,outgoing,international,FALSE,26/01/2024 15:02:34,26/01/2024 15:11:23,0,7.23,P4,175,none,success
5d0cbb97-26d1-40d3-92bf-31a82daf80ee,1691,9404273259,data,incoming,international,TRUE,01/01/2024 13:00:30,01/01/2024 13:03:43,0,46.81,P4,123,none,success
9ad17dec-64ea-48c3-8e19-e82743c6b824,1122,9324088515,data,outgoing,national,FALSE,05/01/2024 06:37:26,05/01/2024 06:42:30,0,8.43,P4,179,none,success
486513fe-6a14-4f5d-9511-8378060d198b,1801,9957652783,sms,incoming,national,FALSE,03/01/2024 04:05:25,03/01/2024 04:08:59,0,0,P0,193,none,success