cdr_id,subscriber_id,msisdn,call_type,direction,destination_type,roaming_flag,start_time,end_time,duration,data_volume_mb,plan_id,cell_id,ground_truth_leakage_type,mediation_status,rn
84b602a3-6ed2-846d-8a39-f2dc61a38a54,1010,5656421403,voice,outgoing,national,FALSE,01/01/2024 10:00:00,01/01/2024 10:05:00,5,0,P3,100,none,success,
84b602a3-6ed2-846d-8a39-f2dc61a38a54,1010,5656421403,voice,outgoing,national,FALSE,01/01/2024 10:00:00,01/01/2024 10:05:00,5,0,P3,100,L4_duplicate,success,
84b602a3-6ed2-846d-8a39-f2dc61a38b54,1010,5656421403,voice,outgoing,national,FALSE,01/01/2024 10:00:00,01/01/2024 10:05:00,5,0,P3,100,L4_duplicate,success,
84b602a3-6ed2-846d-8a39-g2dc61a38c63,1011,5756421403,voice,outgoing,national,FALSE,01/01/2024 10:00:00,01/01/2024 10:05:00,5,0,P2,103,none,success,
84b602a3-6ed2-846d-8a39-g2dc61a38c63,1011,5756421403,voice,outgoing,national,FALSE,01/01/2024 10:00:00,01/01/2024 10:05:00,5,0,P2,103,L4_duplicate,success,
84b602a3-6ed2-846d-8a39-g2dc61a39c63,1011,5756421403,voice,outgoing,national,FALSE,01/01/2024 10:00:00,01/01/2024 10:05:00,5,0,P2,103,L4_duplicate,success,
84b602a3-6ed2-846d-8a39-h2dc61a38b62,1012,5856421403,voice,outgoing,national,FALSE,01/01/2024 10:00:00,01/01/2024 10:05:00,5,0,P1,104,none,success,
84b602a3-6ed2-846d-8a39-h2dc61a38b62,1012,5856421403,voice,outgoing,national,FALSE,01/01/2024 10:00:00,01/01/2024 10:05:00,5,0,P1,104,L4_duplicate,success,
84b602a3-6ed2-846d-8a39-h2dc61a38b62,1012,5856421403,voice,outgoing,national,FALSE,01/01/2024 10:00:00,01/01/2024 10:05:00,5,0,P1,104,L4_duplicate,success,
ab9922ef-5d29-4786-858d-b64695d81287,1174,9564756097,data,incoming,national,FALSE,19/01/2024 19:48:16,19/01/2024 19:54:17,0,2.22,P1,100,none,success,1
7651b8b2-874e-4bb8-ac20-89c1487bcd54,1114,9059433963,data,incoming,national,TRUE,24/01/2024 19:14:49,24/01/2024 19:20:39,0,2.66,P3,100,none,success,1
8075ab35-eb55-4a46-b280-be6f4f1ee380,1832,9763262888,data,outgoing,national,FALSE,18/01/2024 12:38:17,18/01/2024 12:38:40,0,12.97,P3,100,none,success,1
4f439595-ab20-46b3-820e-b31de203d57f,1752,9060277773,data,outgoing,international,TRUE,12/01/2024 19:19:30,12/01/2024 19:23:13,0,12.16,P2,100,none,success,1
efea2f65-2974-4829-af7a-a22be12d9460,1899,9968752124,sms,outgoing,national,TRUE,07/01/2024 19:53:10,07/01/2024 19:56:03,0,0,P1,100,none,success,1
0df00d58-db9e-49f5-a4dd-77caf84a06f6,1549,9759553295,sms,incoming,national,FALSE,06/01/2024 05:32:54,06/01/2024 05:42:22,0,0,P4,100,none,success,1
d8099d9a-6745-4ee7-8c4d-1c70ce364645,1952,9853038247,sms,outgoing,international,FALSE,26/01/2024 12:13:32,26/01/2024 12:16:53,0,0,P1,100,L1_unbilled,success,1
9eba234a-714f-4f0b-9593-e7a266425502,1381,9653683999,voice,outgoing,international,TRUE,13/01/2024 03:21:30,13/01/2024 03:30:24,534,0,P1,100,L11_suppression,suppressed,1
209eed00-f03e-4228-9329-8a96a108a390,1767,9674964335,voice,incoming,national,TRUE,14/01/2024 07:03:58,14/01/2024 07:06:57,179,0,P2,100,none,success,1
b9052712-cdc2-4192-9efe-61f7098096ff,1105,9764771211,voice,outgoing,international,TRUE,01/01/2024 12:19:18,01/01/2024 12:22:51,213,0,P2,100,none,success,1
813bc5b7-a4cf-4a89-972b-c09989ca239e,1514,9331077312,voice,outgoing,international,TRUE,09/01/2024 19:12:48,09/01/2024 19:18:08,320,0,P1,100,none,success,1
203363f3-42fc-4603-ae20-56b8232c71bd,1083,9698335236,data,incoming,international,FALSE,19/01/2024 03:36:33,19/01/2024 03:38:38,0,28.33,P0,101,none,success,1
c189de53-3475-4bcd-8cba-cafc83bf7281,1969,9128221108,sms,outgoing,national,FALSE,24/01/2024 01:09:07,24/01/2024 01:11:01,0,0,P4,101,none,success,1
fc32ba66-ede7-4e99-b6b0-ba679bd3efe2,1919,9343841759,sms,outgoing,international,TRUE,16/01/2024 10:09:09,16/01/2024 10:14:13,0,0,P3,101,none,success,1
5b98afe7-5a2c-4996-bc66-4ddf7125eb86,1846,9507282840,sms,outgoing,national,TRUE,09/01/2024 12:17:26,09/01/2024 12:23:23,0,0,P0,101,none,success,1
d784e97c-1ae7-4843-a126-5e1fec468594,1433,9580098844,sms,outgoing,national,FALSE,12/01/2024 21:14:06,12/01/2024 21:20:46,0,0,P1,101,none,success,1
53a0ae27-f234-4327-9dc2-1e8a3e98e80d,1152,9374561662,sms,incoming,international,FALSE,09/01/2024 01:05:55,09/01/2024 01:08:52,0,0,P0,101,none,success,1
a850ca5b-13b7-4adb-ab89-dec68f2e0a31,1085,9818254936,voice,outgoing,international,TRUE,13/01/2024 15:11:48,13/01/2024 15:14:57,189,0,P0,101,none,success,1
eb2c1f4a-7cc4-460a-be51-44be76b57bfe,1097,9023824218,voice,incoming,national,FALSE,21/01/2024 04:51:12,21/01/2024 04:51:53,41,0,P2,101,none,success,1
87891678-c3d2-419c-9154-036932b24bee,1639,9242521398,voice,outgoing,national,FALSE,24/01/2024 14:20:37,24/01/2024 14:29:57,560,0,P4,101,none,success,1
f2864423-b436-4401-ac06-0c157547d9a0,1922,9544108191,voice,incoming,international,TRUE,26/01/2024 15:18:12,26/01/2024 15:21:19,187,0,P0,101,none,success,1
757003b3-09d6-4402-8f44-f511a9197431,1965,9328621896,data,outgoing,international,FALSE,20/01/2024 00:06:12,20/01/2024 00:13:15,0,9.32,P3,102,none,success,1
a94dd736-5308-40c3-adbd-52f3d9c1eb9e,1444,9816405314,data,outgoing,national,FALSE,27/01/2024 05:28:10,27/01/2024 05:37:03,0,0.11,P1,102,none,success,1
b4be7027-f1c6-4a42-bd41-9805b8625d04,1238,9945772449,data,outgoing,international,FALSE,04/01/2024 20:41:31,04/01/2024 20:46:52,0,42.91,P4,102,none,success,1
00750c4e-ccb7-4f42-8adf-1fb06e3b166a,1433,9975358140,sms,outgoing,international,TRUE,27/01/2024 04:30:09,27/01/2024 04:31:08,0,0,P3,102,none,success,1
edaa5548-8e79-4d10-a558-57c96e8a674d,1832,9141766947,voice,incoming,national,FALSE,20/01/2024 15:41:55,20/01/2024 15:50:06,491,0,P2,102,none,success,1
fb5f5780-4fad-4f33-9eec-cfd4934735c7,1234,9653823072,voice,incoming,national,FALSE,21/01/2024 13:30:29,21/01/2024 13:25:29,202,0,P2,102,L13_timestamp,success,1
f0616827-ed34-46c5-9c0b-8cdcbea6191e,1548,9595490369,voice,outgoing,international,TRUE,03/01/2024 18:45:22,03/01/2024 18:50:53,331,0,P4,102,none,success,1
7f878a2c-3606-4891-9373-226f31a7af48,1854,9803782603,data,incoming,international,FALSE,03/01/2024 10:40:21,03/01/2024 10:44:57,0,41.79,P1,103,none,success,1
dc9327f3-6929-47ef-99c4-8959f075a1d7,1965,9312084684,data,outgoing,international,TRUE,15/01/2024 06:41:14,15/01/2024 06:41:25,0,14.71,P4,103,none,success,1
4e9e2402-8bd6-4496-bab8-26ae9390450c,1488,9477781926,sms,outgoing,national,TRUE,19/01/2024 12:15:40,19/01/2024 12:24:44,0,0,P1,103,none,success,1
16205eaf-c715-4ab3-b07e-c4b59eff5fbc,1234,9096155351,sms,outgoing,international,FALSE,06/01/2024 23:02:13,06/01/2024 23:09:56,0,0,P1,103,none,success,1
2da12074-989c-4c34-97e1-ba7481395012,1209,9167512747,sms,incoming,international,TRUE,19/01/2024 13:07:50,19/01/2024 13:16:06,,0,P3,103,L12_partial,success,1
4b4bec1a-414d-4897-8989-5875215df44f,1673,9077332097,voice,outgoing,national,TRUE,18/01/2024 05:19:45,18/01/2024 05:21:39,114,0,P4,103,none,success,1
0f42d9f2-794c-4ff7-bef3-24efc610aae2,1898,9320244681,voice,incoming,international,TRUE,22/01/2024 03:23:58,22/01/2024 03:30:50,412,0,P4,103,none,success,1
cb1bc306-bfc7-404a-8c11-9055ee5b4321,1907,9527299917,data,incoming,international,FALSE,16/01/2024 00:19:16,16/01/2024 00:23:19,0,26.15,P2,104,none,success,1
3cd107a3-a1b3-4840-b912-8e8c6d04b42b,1771,9450594419,data,outgoing,national,TRUE,24/01/2024 03:52:11,24/01/2024 03:54:28,0,26.12,P3,104,none,success,1
ba9cfe00-8cf5-4c1e-aa3b-2cc4dc9a4154,1706,9402743253,data,outgoing,national,FALSE,10/01/2024 21:05:14,10/01/2024 21:11:43,0,21.08,P2,104,none,success,1
630f696a-0545-4a7b-af43-b143038f3a89,1410,9636099929,data,incoming,international,TRUE,26/01/2024 09:05:41,26/01/2024 09:13:01,0,10.02,P2,104,none,success,1
c049b0c6-7f2b-418f-b54d-97e74f79e0ca,1542,9276464056,sms,incoming,national,FALSE,02/01/2024 14:51:33,02/01/2024 14:58:56,0,0,P2,104,none,success,1
29425276-b4c1-4cba-8fc3-a4507fd7f042,1215,9857812157,sms,outgoing,national,FALSE,27/01/2024 10:10:49,27/01/2024 10:18:53,0,0,P1,104,none,success,1
2184e703-6dc0-4ab5-9c0b-757dc06e05e1,1978,9369151389,sms,incoming,national,FALSE,27/01/2024 13:48:50,27/01/2024 13:54:17,0,0,P1,104,none,success,1
c6de5aee-85bc-4a7a-be8f-a3071fca6f84,1028,9489804996,voice,incoming,national,TRUE,12/01/2024 12:41:00,12/01/2024 12:43:19,139,0,P2,104,none,success,1
ba869924-f151-499d-97d0-cb8cfdcb386b,1545,9446694613,voice,outgoing,national,FALSE,07/01/2024 12:35:26,07/01/2024 12:38:40,194,0,P3,104,none,success,1
30284a62-682a-407f-ba25-7fb17f4a6c7e,1553,9804362569,voice,incoming,international,FALSE,11/01/2024 04:20:28,11/01/2024 04:26:06,338,0,P0,104,none,success,1
32fa668e-5cd2-4b2a-b033-6d31bea562c9,1119,9833799794,voice,incoming,international,TRUE,21/01/2024 10:12:03,21/01/2024 10:18:55,412,0,P2,104,none,success,1
9adad51d-6bc6-44c1-9538-4dfe50f0b5fb,1854,9139692560,voice,outgoing,international,FALSE,24/01/2024 13:36:26,24/01/2024 13:40:08,222,0,P2,104,none,success,1
911181b4-f332-4908-aedf-ce963ad2d70c,1381,9917187553,data,outgoing,international,FALSE,07/01/2024 05:51:51,07/01/2024 05:58:29,0,5.8,P2,105,none,success,1
5cac81f6-9c01-42d7-b40e-af8f065522c3,1713,9268216086,data,outgoing,national,TRUE,26/01/2024 14:44:56,26/01/2024 14:48:02,0,5.28,P4,105,none,success,1
20932e7e-e3ce-4e59-849a-2eaae6ff836b,1330,9008844635,data,outgoing,national,FALSE,28/01/2024 02:25:32,28/01/2024 02:25:55,0,12.74,P0,105,none,success,1
39500b4d-c89e-4f4c-8c77-28eff194c62a,1198,9308054834,data,incoming,national,TRUE,25/01/2024 17:56:37,25/01/2024 17:58:28,0,4.45,P1,105,none,success,1
53468ed0-a99a-488c-a921-96ace2450f27,1591,9129890334,data,incoming,national,TRUE,07/01/2024 15:08:32,07/01/2024 15:15:45,5,15.37,P3,105,L6_simbox,success,1
748704cf-91e7-4b69-9e95-cd78d9dd2008,1719,9178322141,data,incoming,international,FALSE,12/01/2024 15:19:41,12/01/2024 15:23:15,0,0.69,P0,105,none,success,1
31d72e72-ac72-4dce-b4ad-bad3c053d2d3,1333,9256325242,sms,outgoing,international,FALSE,20/01/2024 12:51:05,20/01/2024 12:53:43,0,0,P4,105,none,success,1
81da11e8-e563-4f82-bd11-f6cb73595d95,1553,9543136810,sms,outgoing,international,TRUE,10/01/2024 07:01:56,10/01/2024 07:09:04,0,0,P2,105,none,success,1
361786ff-177c-4cf6-bdd1-5fefdfa6c1f8,1386,9720040225,sms,incoming,international,FALSE,30/01/2024 14:38:00,30/01/2024 14:38:17,0,0,P1,105,none,success,1
3cd201c0-cded-430e-82a5-79cf45fc9ce3,1197,9938831287,sms,incoming,international,TRUE,15/01/2024 08:15:55,15/01/2024 08:20:52,0,0,P0,105,none,success,1
8f7de6b3-0aab-4713-8f2d-035b629aa00c,1259,9887984855,sms,incoming,international,FALSE,12/01/2024 04:38:43,12/01/2024 04:46:31,0,0,P3,105,none,success,1
3a1cff97-dc85-464b-96e5-8703400a701d,1443,9667810698,voice,outgoing,national,FALSE,21/01/2024 04:16:53,21/01/2024 04:23:49,416,0,P2,105,none,success,1
0d76f9f6-66eb-458f-bcd0-a3032bd934b9,1695,9835069103,voice,outgoing,international,FALSE,25/01/2024 00:47:33,25/01/2024 00:55:48,495,0,P1,105,none,success,1
e7d7e9fc-bf48-4411-872f-b1dfb6e4a108,1980,9324606406,voice,outgoing,international,TRUE,08/01/2024 22:35:55,08/01/2024 22:40:24,269,0,P4,105,none,success,1
238fbf67-b81c-4955-a147-2b2e06797275,1965,9153821381,data,incoming,international,FALSE,08/01/2024 04:29:12,08/01/2024 04:36:14,0,42.03,P1,106,none,success,1
1fcbb30d-cc68-4160-bea7-70beca88f8bc,1635,9006759842,sms,outgoing,national,TRUE,21/01/2024 16:27:17,21/01/2024 16:31:02,0,0,P4,106,L11_suppression,suppressed,1
c30ec53d-2c1b-4450-bd26-01bff455884e,1234,9304896517,sms,outgoing,international,TRUE,09/01/2024 17:40:52,09/01/2024 17:46:39,0,0,P2,106,none,success,1
1b895d66-cb61-4baf-bdd5-5e37e2acbe42,1541,9239510999,sms,outgoing,national,TRUE,27/01/2024 03:35:42,27/01/2024 03:42:07,0,0,P2,106,L1_unbilled,success,1
ec85efd2-6ad4-4022-ab44-1a1d0f5efd7f,1091,9666982256,sms,outgoing,national,TRUE,18/01/2024 20:37:58,18/01/2024 20:38:51,0,0,P4,106,none,success,1
6c1c1bbb-1e8e-4274-9b59-c19c3c3c5443,1535,9495887191,sms,outgoing,national,FALSE,18/01/2024 18:35:41,18/01/2024 18:37:44,0,0,P4,106,none,success,1
d1143042-e69c-4fd4-b5e2-ff5dc0f32591,1886,9003870539,sms,outgoing,national,TRUE,10/01/2024 07:50:41,10/01/2024 07:57:12,0,0,P1,106,none,success,1
cab02e90-17bb-4608-9854-f22abff84fa0,1447,9359146270,voice,outgoing,international,TRUE,29/01/2024 06:25:09,29/01/2024 06:34:41,572,0,P2,106,none,success,1
94607764-2522-4d6f-a242-dd93650e96dd,1520,9454333612,voice,incoming,international,FALSE,14/01/2024 11:29:27,14/01/2024 11:39:08,581,0,P1,106,none,success,1
50a41cc5-2e60-4997-9c58-de984013238d,1027,9343763017,voice,incoming,national,TRUE,22/01/2024 20:16:22,22/01/2024 20:20:42,260,0,P2,106,none,success,1
16fd69a6-5b90-4121-9840-507edd9d2b54,1295,9793719654,voice,outgoing,national,TRUE,06/01/2024 14:17:49,06/01/2024 14:18:17,28,0,P4,106,none,success,1
0eecf826-29b5-4a7b-b792-ab518a384bfc,1300,9240674824,data,incoming,national,FALSE,25/01/2024 01:26:47,25/01/2024 01:29:20,0,19.26,P2,107,none,success,1
1ea72193-d917-4a5a-9030-072bdcc83ca0,1825,9632912699,sms,incoming,international,FALSE,02/01/2024 18:27:21,02/01/2024 18:29:00,0,0,P0,107,none,success,1
0d4c6961-b1dc-4968-87fe-c3767bdd7cca,1140,9813837935,voice,outgoing,national,FALSE,05/01/2024 02:57:39,05/01/2024 03:05:12,453,0,P0,107,none,success,1
bc0ba882-7ef9-4ef3-b57c-9d426b7c0939,1143,9712310699,voice,incoming,international,TRUE,28/01/2024 09:38:03,28/01/2024 09:41:03,180,0,P1,107,none,success,1
b02a95df-2735-4972-8954-384e63e09fa2,1144,9198531767,voice,outgoing,national,FALSE,17/01/2024 18:02:39,17/01/2024 18:11:48,549,0,P4,107,none,success,1
b1194965-9e93-4824-b9d1-5390cd587913,1658,9191516524,data,outgoing,international,TRUE,12/01/2024 04:55:29,12/01/2024 05:00:28,0,15.47,P2,108,none,success,1
d355954c-c45f-4f23-a83b-daf4a09bccbd,1667,9260512141,data,outgoing,international,FALSE,18/01/2024 23:20:02,18/01/2024 23:20:12,0,11.35,P4,108,none,success,1
dcef23a2-c578-4b50-a0f1-1dfa99c034bb,1230,9979732012,data,incoming,national,TRUE,21/01/2024 23:58:43,22/01/2024 00:00:33,0,22.7,P2,108,none,success,1
44231a47-670e-486a-8ea3-e8e6fd173148,1279,9166468370,data,incoming,national,FALSE,30/01/2024 03:58:36,30/01/2024 04:03:39,0,41.04,P3,108,none,success,1
7d360bf7-d188-43bd-9a37-ffe006ba89f3,1341,9412982391,data,outgoing,international,FALSE,24/01/2024 15:27:24,24/01/2024 15:33:52,0,24,P3,108,L2_wrong_tariff,success,1
cf1d6c90-f508-49ae-aa15-aa042e87721b,1184,9915661833,data,incoming,international,TRUE,15/01/2024 16:46:01,15/01/2024 16:46:20,0,8.11,P2,108,none,success,1
b47f6a05-6d30-448f-9c7c-0ac36599c2f6,1283,9350887555,data,incoming,international,FALSE,12/01/2024 17:30:01,12/01/2024 17:39:42,0,46.2,P3,108,none,success,1
10071f06-394a-4c39-a390-4059270ae865,1418,9314458599,data,outgoing,international,TRUE,06/01/2024 13:06:03,06/01/2024 13:07:54,0,3.22,P2,108,none,success,1
0e3a7066-ad2b-4b4f-a22b-11bb01015c20,1161,9093194483,sms,incoming,national,TRUE,05/01/2024 08:00:45,05/01/2024 08:06:33,0,0,P1,108,L2_wrong_tariff,success,1
06e38c1a-dee8-43f9-a110-42606ae0df64,1208,9740790195,sms,incoming,international,TRUE,21/01/2024 01:16:00,21/01/2024 01:18:13,0,0,P3,108,none,success,1
1bca3669-0e37-4730-9e5b-1ad5cc143106,1002,9676718883,sms,incoming,international,TRUE,19/01/2024 07:50:57,19/01/2024 07:56:31,0,0,P1,108,none,success,1
2079dccc-3d9e-4e17-915a-c11d1181c95c,1720,9298142150,sms,incoming,national,FALSE,20/01/2024 07:13:01,20/01/2024 07:13:53,0,0,P1,108,none,success,1
498247fa-938c-493e-94d4-8c5263b2bde8,1824,9430201073,sms,incoming,international,FALSE,26/01/2024 06:08:56,26/01/2024 06:16:13,0,0,P2,108,none,success,1
f6569d36-8ad8-4690-937b-8a22b366dfca,1407,9724458104,sms,incoming,national,TRUE,14/01/2024 12:19:19,14/01/2024 12:27:42,0,0,P2,108,none,success,1
14b7abc3-f0b3-4d16-9e6b-5a1d43a13e62,1294,9052398227,voice,incoming,international,FALSE,07/01/2024 22:08:49,07/01/2024 22:11:49,180,0,P0,108,none,success,1
01890c8d-7e9b-4378-80ce-b7b8c9480999,1837,9798323414,data,outgoing,national,FALSE,21/01/2024 13:08:56,21/01/2024 13:14:33,0,34.29,P1,109,none,success,1
c3069211-dfd6-4b40-8aaa-99bfcf47e081,1711,9173065654,data,outgoing,national,FALSE,30/01/2024 08:09:51,30/01/2024 08:17:20,0,19.95,P1,109,none,success,1
dde621a1-24ce-48c9-9d05-d8152f7df2ec,1151,9730787910,sms,outgoing,national,TRUE,22/01/2024 22:32:29,22/01/2024 22:41:32,0,0,P2,109,none,success,1
460b6256-2b08-46f4-9365-5ed82dde469f,1067,9631320082,sms,incoming,international,TRUE,05/01/2024 20:11:32,05/01/2024 20:16:40,0,0,P1,109,none,success,1
f006b733-a4cd-4d7c-954e-e81a3406cb54,1956,9423301188,sms,incoming,national,FALSE,19/01/2024 15:00:12,19/01/2024 15:07:44,0,0,P3,109,none,success,1
f534ecd9-4b92-4924-ae31-aa071dd5aabc,1599,9882691961,voice,outgoing,international,FALSE,21/01/2024 09:29:08,21/01/2024 09:30:46,98,0,P3,109,none,success,1
d7292c0b-8539-4923-be1d-b707be79dcdf,1465,9217201096,voice,incoming,international,FALSE,22/01/2024 21:32:08,22/01/2024 21:38:37,389,0,P2,109,none,success,1
44347959-cb0f-4fe2-9c68-60789cfc4947,1675,9646488653,data,outgoing,international,TRUE,23/01/2024 02:19:17,23/01/2024 02:26:37,0,16.49,P0,110,none,success,1
00980021-d3ef-436b-988c-2e6f7aacaa93,1769,9635793818,data,incoming,national,TRUE,05/01/2024 18:32:48,05/01/2024 18:36:03,0,0.94,P1,110,none,success,1
826ad6ef-4aa2-4f13-acdd-0f8c7a1a1db0,1373,9187561181,data,outgoing,international,TRUE,15/01/2024 01:25:43,15/01/2024 01:27:38,0,42.02,P2,110,none,success,1
741916d7-0923-45ed-8db3-70587d90da19,1291,9225056324,data,outgoing,national,TRUE,14/01/2024 23:32:01,14/01/2024 23:33:45,0,24.47,P1,110,none,success,1
3a95da87-ba81-4677-9360-843007ca7f81,1134,9722717520,sms,outgoing,international,TRUE,20/01/2024 14:33:32,20/01/2024 14:36:36,0,0,P4,110,none,success,1
b66b40e9-5a1a-4f79-b96f-f972549233a6,1297,9029486018,sms,outgoing,international,FALSE,01/01/2024 13:29:58,01/01/2024 13:36:13,0,0,P4,110,none,success,1
4f93b336-e124-4c44-aefa-4096b93fffcd,1118,9312883046,sms,incoming,international,TRUE,01/01/2024 18:36:58,01/01/2024 18:44:36,0,0,P3,110,none,success,1
fb439ccd-8748-4427-a8f0-8d0b13962efb,1996,9689381313,voice,incoming,national,FALSE,09/01/2024 18:17:04,09/01/2024 18:21:32,268,0,P1,110,none,success,1
f7d029c1-6fd3-411e-a21b-53f2c7ad6f87,1869,9161426384,voice,incoming,national,FALSE,24/01/2024 00:23:36,24/01/2024 00:31:35,479,0,P1,110,none,success,1
b4eee52b-9632-4ad3-b3e1-2d2f56c62425,1961,9402582281,voice,outgoing,national,FALSE,12/01/2024 01:53:09,12/01/2024 02:02:50,581,0,P2,110,none,success,1
95fef638-8c8d-403c-b696-d0034b9693ad,1885,9647382545,voice,incoming,international,FALSE,25/01/2024 03:39:42,25/01/2024 03:47:47,485,0,P2,110,none,success,1
77099231-b3e4-4840-9137-98d719594b55,1856,9785170583,voice,incoming,national,FALSE,28/01/2024 21:33:02,28/01/2024 21:38:54,352,0,P3,110,none,success,1
8e48dc05-8b6f-4cda-8ce8-c6df73679a2e,1015,9449775113,data,outgoing,national,FALSE,24/01/2024 02:54:17,24/01/2024 03:00:44,0,48.14,P4,111,none,success,1
cc670af6-4a7f-41a0-8ad4-8bf05c9e9c0c,1756,9814490104,data,incoming,international,TRUE,16/01/2024 06:56:16,16/01/2024 07:01:12,0,21.07,P4,111,none,success,1
fc033109-da5a-4479-a124-1a9dadc09631,1140,9196823216,sms,incoming,international,TRUE,15/01/2024 11:28:57,15/01/2024 11:30:19,0,0,P2,111,none,success,1
817dc274-ea8f-4b06-9830-2c347ed1926e,1616,9297701379,sms,incoming,national,TRUE,08/01/2024 19:11:10,08/01/2024 19:18:46,0,0,P3,111,none,success,1
5059cb20-d78a-4ddb-bede-7890090f7d47,1701,9153873151,sms,incoming,national,TRUE,18/01/2024 17:56:04,18/01/2024 18:04:11,0,0,P1,111,none,success,1
898d5031-4d9f-4015-98a3-471b7f0cb219,1068,9940044937,sms,incoming,national,FALSE,30/01/2024 19:50:21,30/01/2024 19:51:45,0,0,P3,111,none,success,1
e241a1a3-dc2e-49e6-baff-f249ee216890,1525,9242226666,sms,outgoing,international,FALSE,14/01/2024 08:45:18,14/01/2024 08:51:29,0,0,P2,111,none,success,1
79266e63-8b92-4197-ba03-7ba451e11109,1430,9520796739,voice,incoming,international,FALSE,26/01/2024 08:35:15,26/01/2024 08:41:55,400,0,P1,111,L3_roaming_gap,success,1
9860562e-62ff-4dd4-bd07-8212c2dc4efa,1441,9535353723,data,incoming,national,TRUE,13/01/2024 18:18:10,13/01/2024 18:22:15,0,35.95,P3,112,none,success,1
7d1df9fb-e8d5-4af8-966c-2160191dba57,1871,9436498695,data,outgoing,international,TRUE,27/01/2024 02:15:36,27/01/2024 02:22:25,0,21.2,P2,112,none,success,1
4463f92d-0440-4724-a6a4-79370d7ac6db,1103,9439193883,data,outgoing,national,FALSE,06/01/2024 20:11:56,06/01/2024 20:18:25,0,4.33,P2,112,none,success,1
8ba4fa06-7f12-48cd-ac3b-ac38a631c021,1812,9656075966,data,incoming,national,TRUE,18/01/2024 04:57:46,18/01/2024 05:01:03,0,37.62,P0,112,none,success,1
20ed276a-dac7-4fec-9792-60cf93fc9257,1364,9385761185,sms,incoming,national,TRUE,09/01/2024 09:05:14,09/01/2024 09:07:19,0,0,P1,112,none,success,1
4ef6b919-eee4-403e-8ac2-68c3ab5f14b3,1475,9272034502,voice,outgoing,international,FALSE,11/01/2024 19:25:41,11/01/2024 19:28:54,193,0,P1,112,none,success,1
1cc43669-4464-489e-b5c9-7cc40bf3f914,1761,9508738292,data,outgoing,international,FALSE,06/01/2024 00:17:56,06/01/2024 00:24:24,0,30.54,P2,113,none,success,1
4906da48-5772-4856-ae7b-66a86d337cd0,1830,9626082678,data,outgoing,national,FALSE,17/01/2024 12:20:36,17/01/2024 12:27:05,0,42.77,P0,113,none,success,1
6f5c8023-00d0-455f-b359-28375e396e9b,1411,9781562526,data,incoming,international,TRUE,22/01/2024 07:44:11,22/01/2024 07:52:31,0,47.43,P3,113,none,success,1
d775dfd7-1270-475b-8b74-1a1745608613,1474,9451444871,data,incoming,national,TRUE,16/01/2024 01:57:24,16/01/2024 01:52:24,0,6.69,P0,113,L13_timestamp,success,1
ad4ea843-653d-44e4-97ad-62c2c4c3f67f,1786,9884377867,data,incoming,international,TRUE,02/01/2024 23:22:51,02/01/2024 23:29:56,0,46.56,P0,113,none,success,1
f724706c-7064-4254-8923-ac7c0ce30cc9,1993,9075031354,sms,outgoing,international,FALSE,14/01/2024 07:50:06,14/01/2024 07:54:02,0,0,P3,113,none,success,1
2466517b-0f01-4f5e-9746-54842740856e,1071,9807707146,sms,outgoing,national,FALSE,28/01/2024 19:25:51,28/01/2024 19:30:43,0,0,P0,113,none,success,1
efbc7bea-fcca-42be-b2a6-223aa910a8da,1559,9330288174,voice,outgoing,national,TRUE,02/01/2024 10:47:39,02/01/2024 10:49:34,115,0,P1,113,none,success,1
819629a2-e222-451c-8bb2-6699ca5b8526,1174,9701362808,voice,incoming,national,FALSE,09/01/2024 16:38:23,09/01/2024 16:46:31,488,0,P1,113,none,success,1
6270b92c-8891-4c1d-bee2-63f7ec5aa701,1351,9058259632,data,outgoing,international,TRUE,28/01/2024 23:22:57,28/01/2024 23:32:17,0,47.27,P1,114,none,success,1
702c12da-80ec-4748-92ce-61a82ce008b4,1712,9807548082,data,outgoing,international,FALSE,11/01/2024 04:52:34,11/01/2024 04:53:00,0,14.13,P0,114,none,success,1
9e62e21a-451c-4f37-b0f4-8c3b2a5cdbea,1698,9235828976,sms,outgoing,international,FALSE,09/01/2024 14:36:46,09/01/2024 14:39:31,0,0,P3,114,none,success,1
dbfe069e-56b3-4d3c-8c40-53fa85f1d9e1,1003,9994558045,sms,incoming,international,TRUE,08/01/2024 02:41:06,08/01/2024 02:48:13,0,0,P1,114,none,success,1
03e30824-37b7-4869-a8f8-177d6f071809,1724,9142981219,sms,outgoing,national,FALSE,01/01/2024 05:24:42,01/01/2024 05:24:57,0,0,P3,114,none,success,1
a94d3acc-04e0-453f-94a8-ba8c485a0001,1768,9134265298,sms,incoming,national,FALSE,16/01/2024 02:08:14,16/01/2024 02:15:20,0,0,P0,114,none,success,1
26cfee5a-142c-4508-83b0-80dc28d700bf,1884,9031687072,sms,outgoing,international,FALSE,14/01/2024 23:08:08,14/01/2024 23:15:40,0,0,P4,114,none,success,1
7bc6447e-59a1-4c41-92ae-a57d6aae22bc,1584,9991099880,voice,outgoing,national,TRUE,15/01/2024 07:57:22,15/01/2024 08:04:40,438,0,P2,114,none,success,1
28c516f7-80cb-4e9b-a6c0-5fabdb5d2a87,1945,9829087850,voice,incoming,international,TRUE,15/01/2024 15:50:01,15/01/2024 15:52:26,145,0,P0,114,none,success,1
e38dda64-4220-4dec-8d90-e0109bb1dc21,1075,9787493111,voice,outgoing,international,TRUE,11/01/2024 02:40:08,11/01/2024 02:41:18,70,0,P1,114,none,success,1
cd760f9b-5a39-498f-a563-3b8e56b336e1,1810,9094791728,voice,incoming,international,FALSE,09/01/2024 11:12:36,09/01/2024 11:19:10,394,0,P3,114,L2_wrong_tariff,success,1
1d4c8762-f4bd-4473-bf30-7e3941f04dda,1807,9318557191,voice,outgoing,international,FALSE,12/01/2024 14:26:18,12/01/2024 14:29:52,214,0,P2,114,none,success,1
56dffb71-ce20-4778-a08a-7bf26b497c8d,1172,9323618937,voice,outgoing,national,FALSE,04/01/2024 20:53:25,04/01/2024 20:57:40,255,0,P2,114,none,success,1
98f79cff-d73e-481c-b165-68ed6cb2bc04,1804,9311366730,data,incoming,national,TRUE,06/01/2024 13:48:40,06/01/2024 13:53:18,0,21.24,P4,115,none,success,1
a3b812d7-4e46-45f7-a3f0-79c6d26a73d4,1703,9761071502,data,outgoing,international,TRUE,28/01/2024 23:14:07,28/01/2024 23:16:05,0,10.85,P2,115,none,success,1
0dc57887-825f-49ff-9d49-ad518bace58e,1392,9867120663,sms,incoming,national,TRUE,17/01/2024 18:10:37,17/01/2024 18:19:21,0,0,P3,115,none,success,1
c1fad672-8bc8-42ef-bf65-c4cd2df5fe4d,1253,9158445486,sms,outgoing,international,FALSE,24/01/2024 22:29:02,24/01/2024 22:33:37,0,0,P1,115,none,success,1
d89f87bc-40bf-4a10-967b-48f744c0c48c,1874,9004885275,sms,incoming,national,FALSE,18/01/2024 17:25:32,18/01/2024 17:28:01,0,0,P3,115,none,success,1
c7452f9b-5b04-4d09-9d5d-9f8e2fe051ac,1026,9695160261,sms,outgoing,international,FALSE,19/01/2024 19:48:27,19/01/2024 19:54:33,0,0,P4,115,none,success,1
2835fd2e-97ab-403a-a66b-821725326e0c,1145,9196421651,voice,incoming,national,FALSE,20/01/2024 03:44:51,20/01/2024 03:52:16,445,0,P2,115,none,success,1
5c565488-a3dd-4f2e-9c2a-256061687729,1605,9488974427,voice,outgoing,national,FALSE,23/01/2024 01:10:22,23/01/2024 01:13:29,187,0,P1,115,none,success,1
338eb2c4-62c9-4d04-a2e2-1443e4dc929a,1837,9798711776,voice,incoming,international,FALSE,29/01/2024 14:59:45,29/01/2024 15:00:28,43,0,P0,115,none,success,1
cc60fb26-ac51-4e31-8a8b-a8fb2d550ef4,1674,9865255089,data,incoming,international,TRUE,02/01/2024 18:03:15,02/01/2024 18:05:38,0,30.03,P2,116,none,success,1
81778fe4-fcdf-44da-965f-a7ab02d88abf,1070,9497151210,data,incoming,national,TRUE,28/01/2024 07:59:32,28/01/2024 08:06:00,0,46.28,P2,116,none,success,1
f231e4b6-2680-46e1-a3ee-fa32f67f6b88,1947,9370499271,data,incoming,international,FALSE,20/01/2024 22:38:25,20/01/2024 22:45:52,0,25.35,P4,116,none,success,1
14f819f1-84f5-44da-95c0-9e319464f2f1,1870,9498490616,data,incoming,international,TRUE,25/01/2024 23:33:18,25/01/2024 23:38:30,0,49.67,P2,116,none,success,1
34822cc6-667d-4199-9ccc-872f238a4c14,1701,9536472994,data,incoming,international,FALSE,30/01/2024 18:52:26,30/01/2024 18:57:55,0,49.28,P0,116,none,success,1
dbcbebce-92d7-4102-9f3b-abbf74b89606,1225,9772406396,sms,outgoing,national,FALSE,13/01/2024 08:05:06,13/01/2024 08:08:44,0,0,P3,116,none,success,1
def7a6bf-c71d-465b-84ba-f5f507d2fc71,1860,9187896251,voice,incoming,international,FALSE,13/01/2024 04:36:50,13/01/2024 04:42:41,351,0,P0,116,none,success,1
a40eebb3-d8f6-439a-8145-b09b085f8354,1752,9261143861,voice,outgoing,international,TRUE,17/01/2024 00:08:53,17/01/2024 00:17:55,542,0,P0,116,none,success,1
fd07df51-dad3-4563-a956-0241884c29b9,1326,9927987636,voice,incoming,international,TRUE,11/01/2024 19:53:55,11/01/2024 20:01:39,464,0,P0,116,none,success,1
ad84816e-c831-4f2a-8e47-1620d6507d13,1885,9439861091,data,outgoing,national,TRUE,21/01/2024 19:59:59,21/01/2024 20:00:27,0,14.49,P3,117,none,success,1
bb8b03f2-cc54-4dec-9986-f56030bc1160,1391,9267926628,data,outgoing,international,TRUE,22/01/2024 15:54:32,22/01/2024 16:02:27,0,39.2,P0,117,none,success,1
5923802c-b26c-438a-91d4-991e83047a0d,1756,9458125217,sms,outgoing,national,FALSE,05/01/2024 07:52:14,05/01/2024 07:57:29,0,0,P4,117,none,success,1
5b1dc9dc-4f1a-4393-a221-cfe4fdd58b11,1573,9607156224,sms,incoming,national,FALSE,05/01/2024 17:40:29,05/01/2024 17:47:40,0,0,P1,117,none,success,1
92404b8b-3edc-4b28-b86a-bb799db7e6a9,1954,9773969014,sms,incoming,international,FALSE,17/01/2024 20:49:20,17/01/2024 20:53:20,0,0,P0,117,none,success,1
4cffa875-cdcf-482d-8b8f-0db71bb0660c,1078,9850343830,sms,incoming,international,TRUE,23/01/2024 16:42:03,23/01/2024 16:43:49,0,0,P0,117,none,success,1
1ec7252b-a434-4109-940c-60cc643332a8,1528,9698705899,sms,incoming,national,TRUE,17/01/2024 15:31:24,17/01/2024 15:32:49,0,0,P3,117,none,success,1
90c1a07e-4793-4c2f-9693-017a77d7ee4f,1213,9479039116,sms,incoming,national,FALSE,18/01/2024 09:34:29,18/01/2024 09:40:03,0,0,P2,117,none,success,1
f97239c4-2815-401b-9713-04e216c7d339,1005,9104381940,sms,outgoing,national,TRUE,22/01/2024 03:35:37,22/01/2024 03:42:13,0,0,P0,117,none,success,1
1c1810ca-2bff-42b5-9175-86ecd32b78e3,1152,9371303722,sms,outgoing,international,FALSE,01/01/2024 13:33:55,01/01/2024 13:35:48,0,0,P4,117,none,success,1
f093ce71-ac7e-4a69-8841-47b1cd90be72,1498,9101377866,voice,outgoing,national,TRUE,11/01/2024 13:23:37,11/01/2024 13:25:05,88,0,P3,117,none,success,1
b843664b-f555-4e23-97a2-6319682e445b,1631,9461768926,voice,incoming,national,TRUE,02/01/2024 02:47:29,02/01/2024 02:51:31,242,0,P2,117,none,success,1
a8c73fa7-8a28-4d75-b647-767b0235f49b,1650,9093220583,data,outgoing,international,FALSE,03/01/2024 09:36:44,03/01/2024 09:44:02,0,10.15,P0,118,none,success,1
30e2437e-980d-4c3f-ae58-a712f44b50f8,1412,9848627321,data,outgoing,national,TRUE,04/01/2024 23:29:41,04/01/2024 23:38:39,0,17.98,P2,118,none,success,1
b04d7275-e4ef-442d-9b06-af2da169e608,1582,9911278346,sms,outgoing,national,FALSE,23/01/2024 04:05:25,23/01/2024 04:13:50,0,0,P1,118,none,success,1
ff0fc590-4ed9-4d9d-b32d-2d459dce344b,1322,9668176311,voice,outgoing,national,FALSE,04/01/2024 21:19:00,04/01/2024 21:28:15,555,0,P5,118,L9_misclass,success,1
bb531f87-eeeb-4cdc-8185-7de7e40f8431,1765,9077210317,voice,incoming,national,FALSE,18/01/2024 02:00:42,18/01/2024 02:04:37,235,0,P1,118,none,success,1
6fcd31dd-d7f6-49b5-b457-7ab1a1e9f254,1343,9495983551,voice,incoming,national,TRUE,04/01/2024 03:38:47,04/01/2024 03:39:59,72,0,P2,118,none,success,1
9bc71a3d-1487-4ff0-bcaa-bd0a9ed63cf0,1179,9931518049,data,outgoing,national,FALSE,27/01/2024 15:07:13,27/01/2024 15:11:19,0,21.87,P4,119,none,success,1
6961c332-4907-44a3-a583-240c4db4594b,1297,9684907346,data,incoming,international,TRUE,30/01/2024 00:20:58,30/01/2024 00:25:10,0,4.9,P2,119,none,success,1
ca0c62b1-cc52-4a3a-a4a1-49b3957b4198,1746,9870044263,data,outgoing,national,FALSE,26/01/2024 16:27:19,26/01/2024 16:33:06,0,44.24,P2,119,none,success,1
511a9424-33c3-4165-9365-625185b0fc32,1304,9233853081,sms,incoming,national,FALSE,10/01/2024 14:16:21,10/01/2024 14:21:43,0,0,P2,119,none,success,1
4e0f0fe1-f398-4486-83a2-945d80f8ab3b,1723,9153994018,sms,incoming,international,FALSE,27/01/2024 04:02:34,27/01/2024 04:04:14,,0,P3,119,L12_partial,success,1
edee10d4-5194-41b7-8841-bdd45731629a,1166,9434763536,sms,outgoing,national,FALSE,28/01/2024 18:46:49,28/01/2024 18:51:06,0,0,P3,119,none,success,1
d169d143-291c-48ed-a910-e847fd441c3d,1905,9692606739,sms,incoming,international,FALSE,09/01/2024 21:31:57,09/01/2024 21:33:27,0,0,P2,119,none,success,1
0d458697-4f3f-4984-b2bf-02d7af7c3689,1411,9211119412,sms,incoming,international,FALSE,24/01/2024 13:33:57,24/01/2024 13:35:21,0,0,P0,119,none,success,1
55235108-4082-4c19-9987-ef4321d904e5,1859,9726187343,voice,outgoing,national,FALSE,20/01/2024 11:11:53,20/01/2024 11:16:40,287,0,P3,119,none,success,1
2bde5a5e-e56e-4b3f-8da4-28ac9405afe8,1587,9310074305,voice,outgoing,international,FALSE,09/01/2024 05:42:50,09/01/2024 05:46:43,233,0,P2,119,none,success,1
ad691f68-ef24-46b3-817a-caadba25d6b0,1500,9491358468,voice,incoming,international,FALSE,15/01/2024 12:05:22,15/01/2024 12:11:37,375,0,P3,119,none,success,1
b1ef6e71-45d8-4c85-87db-08c42f4a8b4b,1076,9796704782,voice,outgoing,international,FALSE,17/01/2024 01:52:32,17/01/2024 02:01:31,539,0,P0,119,none,success,1
8620e1eb-08ac-487c-8b70-7323bdcfdf2f,1248,9759280483,data,outgoing,national,TRUE,16/01/2024 16:03:48,16/01/2024 16:07:24,0,30.58,P2,120,none,success,1
cf8e5bb3-0e99-4c90-8a27-301acde0f3eb,1271,9488054657,data,incoming,national,FALSE,09/01/2024 04:11:56,09/01/2024 04:15:16,0,33.04,P4,120,L11_suppression,suppressed,1
4386deb7-d492-4b6c-8553-67a5ca062afb,1837,9093929238,sms,incoming,international,FALSE,08/01/2024 09:46:34,08/01/2024 09:51:39,0,0,P0,120,none,success,1
cf3e76e0-0b82-4927-90ff-fb02f2979ffa,1212,9237030228,sms,incoming,international,FALSE,20/01/2024 19:28:23,20/01/2024 19:36:20,0,0,P0,120,none,success,1
a4885694-5a59-448f-8fc8-b22f9d4b75eb,1790,9608428658,sms,incoming,national,FALSE,10/01/2024 00:57:00,10/01/2024 00:59:42,0,0,P3,120,none,success,1
9ed2eae9-d224-4f19-a210-e8932b43d703,1225,9745531504,sms,incoming,international,FALSE,26/01/2024 23:27:57,26/01/2024 23:28:25,0,0,P1,120,none,success,1
e403f309-7abe-4b63-9f3e-1926e9033ad6,1142,9628446074,sms,outgoing,national,TRUE,18/01/2024 05:30:54,18/01/2024 05:33:35,0,0,P0,120,none,success,1
f60f4fe1-aecb-415b-bf62-e3bdc42789fd,1408,9495476471,sms,outgoing,national,TRUE,19/01/2024 23:41:07,19/01/2024 23:43:01,0,0,P3,120,none,success,1
566bf9d4-4f6b-4005-9552-90b97885c266,1108,9522203136,sms,incoming,national,FALSE,19/01/2024 00:36:32,19/01/2024 00:46:02,0,0,P4,120,none,success,1
b6781053-d472-410f-9ea0-c307247a10b4,1325,9924661058,voice,outgoing,national,TRUE,05/01/2024 00:03:57,05/01/2024 00:10:02,365,0,P1,120,L5_zero_rated,success,1
615830c7-e047-48c6-bb06-4deb6046f6dc,1585,9463633039,data,outgoing,national,TRUE,24/01/2024 14:19:58,24/01/2024 14:21:38,0,17.54,P0,121,none,success,1
27b85033-0b69-442e-9d24-93a8fa17d9c9,1815,9450818623,data,incoming,national,TRUE,05/01/2024 20:08:46,05/01/2024 20:18:11,0,26.4,P3,121,none,success,1
719cd6cc-79dc-4f59-bdb6-bf8751681ee1,1629,9053206339,data,incoming,international,TRUE,24/01/2024 02:21:13,24/01/2024 02:25:14,0,28.29,P0,121,none,success,1
989365c4-c7a6-47d9-aee2-ea53a17bc920,1000,9000520755,sms,incoming,international,FALSE,10/01/2024 00:52:01,10/01/2024 00:55:00,0,0,P4,121,none,success,1
027d801b-e677-47f7-80af-0b7f80477de0,1431,9440017133,sms,incoming,international,FALSE,16/01/2024 12:07:11,16/01/2024 12:12:50,0,0,P2,121,none,success,1
a728ba49-78fd-4099-a921-812cb20ee496,1826,9270084073,voice,incoming,national,FALSE,05/01/2024 10:09:26,05/01/2024 10:11:57,151,0,P1,121,none,success,1
8eb50a81-96f5-4f55-82f8-848431b211b3,1844,9356582944,voice,outgoing,international,TRUE,05/01/2024 06:36:55,05/01/2024 06:42:37,342,0,P1,121,none,success,1
67ce4f7f-9638-425e-b3cf-82732ee53d4e,1578,9128782306,voice,incoming,national,TRUE,20/01/2024 20:44:23,20/01/2024 20:48:51,268,0,P4,121,none,success,1
c2642bee-eb01-456c-bad7-84c487e69866,1795,9062668810,data,outgoing,international,TRUE,07/01/2024 12:14:50,07/01/2024 12:20:30,0,20.7,P1,122,none,success,1
8aa840d0-be23-4f5a-ae46-5d61a5d79b85,1141,9937323601,data,incoming,international,FALSE,08/01/2024 02:15:07,08/01/2024 02:16:06,0,14.46,P4,122,none,success,1
6fe930f8-317a-4ff0-8e0a-54f9d3860a72,1104,9808050984,sms,incoming,national,FALSE,28/01/2024 20:09:11,28/01/2024 20:13:31,0,0,P2,122,none,success,1
d066d167-b4d2-4dbd-b3a8-a4aa29cf6b87,1489,9733890257,sms,incoming,national,FALSE,07/01/2024 22:36:48,07/01/2024 22:43:40,0,0,P0,122,none,success,1
469dab8a-fb7f-4342-b604-5f861145454e,1136,9736050818,sms,outgoing,national,FALSE,29/01/2024 18:59:01,29/01/2024 19:02:05,0,0,P1,122,none,success,1
25da464f-c0c3-4dca-8e43-4da5dc5a8105,1831,9178444185,sms,incoming,international,FALSE,13/01/2024 10:07:47,13/01/2024 10:09:00,0,0,P3,122,L1_unbilled,success,1
e34336d3-a946-4124-9edf-cd371efc3c97,1535,9648992822,sms,outgoing,national,FALSE,09/01/2024 22:16:22,09/01/2024 22:16:48,0,0,P0,122,none,success,1
98be2ade-26db-4692-9120-977c3176bb84,1161,9907298454,sms,outgoing,international,TRUE,20/01/2024 06:54:59,20/01/2024 07:03:52,0,0,P2,122,none,success,1
3806b3f4-e7e2-40a9-843b-8df02785fed0,1909,9684577264,sms,outgoing,national,FALSE,11/01/2024 07:01:55,11/01/2024 07:03:15,0,0,P4,122,none,success,1
96ce6f52-7f5b-4241-9791-c8958288e49c,1890,9898216548,sms,outgoing,international,FALSE,14/01/2024 02:15:52,14/01/2024 02:25:28,0,0,P2,122,none,success,1
2d5f03e8-c5df-4393-b215-1b9d79e4dedd,1400,9328694059,sms,outgoing,national,TRUE,23/01/2024 14:30:50,23/01/2024 14:40:36,0,0,P3,122,none,success,1
fb2c4a16-1a0a-4be2-b4a3-253fd9f99a60,1014,9563580241,sms,outgoing,international,FALSE,07/01/2024 11:47:57,07/01/2024 11:56:15,0,0,P2,122,none,success,1
5b3ea7e8-f6bc-4e44-a4ec-3e416ff716b5,1907,9390133109,sms,outgoing,international,FALSE,03/01/2024 06:08:53,03/01/2024 06:12:20,0,0,P4,122,none,success,1
7134e822-1ea9-468d-82ee-8d0d2242994f,1271,9210572660,voice,outgoing,international,TRUE,16/01/2024 23:50:52,16/01/2024 23:53:02,130,0,P2,122,none,success,1
63fbbe5d-da63-48d2-8763-e69bbb73b9bc,1912,9852501851,voice,outgoing,international,TRUE,25/01/2024 08:02:20,25/01/2024 08:08:50,390,0,P1,122,none,success,1
f5e183b2-0b90-4de1-bec7-a69ddeedbe78,1843,9147479775,voice,incoming,national,TRUE,10/01/2024 06:38:30,10/01/2024 06:38:52,22,0,P2,122,none,success,1
05c63b15-d145-443a-8a4f-b24ecab546e6,1636,9933986780,voice,outgoing,national,TRUE,30/01/2024 23:54:02,30/01/2024 23:59:13,311,0,P3,122,none,success,1
56c6e7dc-dda5-40ea-9210-b15b3eb202c1,1350,9644569365,data,incoming,international,TRUE,23/01/2024 04:47:38,23/01/2024 04:53:00,0,0.78,P1,123,none,success,1
e3f282d0-4eb4-449b-8711-8975aac0abe6,1460,9744220662,data,outgoing,international,TRUE,18/01/2024 10:52:51,18/01/2024 11:01:21,0,0.75,P1,123,none,success,1
514e990e-77fa-4c8b-81af-6504765fce43,1643,9110664072,data,incoming,international,TRUE,27/01/2024 11:46:14,27/01/2024 11:53:18,0,29.96,P3,123,none,success,1
c36d6999-a659-4935-9045-0ccccf4dc3a9,1865,9754276280,data,outgoing,national,FALSE,12/01/2024 03:09:34,12/01/2024 03:15:08,0,36.25,P3,123,none,success,1
f9b6eb23-7e10-4515-922b-a3f83386bb0c,1295,9948533428,sms,outgoing,international,FALSE,10/01/2024 05:01:35,10/01/2024 05:06:44,0,0,P3,123,none,success,1
4a6fb5e9-42a7-4621-bf64-67dc438b40e8,1867,9662235963,sms,incoming,international,FALSE,16/01/2024 13:24:20,16/01/2024 13:27:23,0,0,P3,123,L3_roaming_gap,success,1
80233810-8dfd-49ff-8312-6638815fde45,1750,9029107097,sms,incoming,international,FALSE,18/01/2024 20:17:45,18/01/2024 20:24:37,0,0,P4,123,none,success,1
6bea7b33-7e02-4be2-9db6-91c67d934a2c,1765,9320212076,sms,incoming,national,TRUE,12/01/2024 10:20:30,12/01/2024 10:24:13,0,0,P1,123,none,success,1
5f3fda12-e4bf-4b18-8d27-bada65ad14d3,1852,9527150964,sms,incoming,national,TRUE,29/01/2024 07:58:33,29/01/2024 08:04:20,0,0,P2,123,none,success,1
027a175e-595e-4140-a60e-bd94a492d94b,1036,9183692126,voice,outgoing,national,TRUE,21/01/2024 10:48:20,21/01/2024 10:56:41,501,0,P0,123,none,success,1
c865d5ab-bbd2-477e-9cc1-455071cd185a,1583,9280532139,voice,outgoing,international,FALSE,25/01/2024 06:11:00,25/01/2024 06:18:58,478,0,P2,123,none,success,1
4f97ab94-b8c1-4908-8d2d-c323c6d96d4e,1480,9471190676,voice,incoming,national,FALSE,21/01/2024 19:22:31,21/01/2024 19:29:04,393,0,P4,123,none,success,1
e7c95849-68d9-4a42-8a87-541772bd21f3,1427,9566684503,voice,incoming,national,TRUE,28/01/2024 19:11:07,28/01/2024 19:11:40,33,0,P4,123,none,success,1
5f99e697-0a9a-4588-9cc7-36534d617c1d,1413,9379904526,voice,outgoing,international,TRUE,21/01/2024 10:27:43,21/01/2024 10:28:22,39,0,P0,123,none,success,1
e1e1c0fa-03b6-4d69-9871-c545bec66242,1399,9731855044,voice,incoming,national,TRUE,10/01/2024 01:57:01,10/01/2024 02:03:49,408,0,P0,123,none,success,1
a5bab6b9-225a-4002-a244-7e8ac41cfd41,1633,9222705381,data,incoming,national,FALSE,22/01/2024 04:55:51,22/01/2024 04:59:14,0,21.19,P3,124,none,success,1
e3a7a38e-05c0-49eb-8316-77105126bc61,1451,9834873167,data,outgoing,national,TRUE,13/01/2024 01:11:29,13/01/2024 01:19:50,0,8.5,P2,124,none,success,1
dcd0eefc-7573-4daf-8572-93edbda6a0a5,1759,9582362056,data,outgoing,national,TRUE,24/01/2024 17:58:35,24/01/2024 17:59:38,0,23.97,P0,124,none,success,1
df599406-1768-4295-89e3-b9f9395540dd,1372,9266457020,data,incoming,national,TRUE,05/01/2024 12:20:46,05/01/2024 12:24:29,0,26.57,P3,124,none,success,1
aa8184d5-39e5-4176-96f7-c3b5c61bb0da,1118,9443436189,data,incoming,international,TRUE,10/01/2024 15:59:10,10/01/2024 16:06:24,0,0.64,P1,124,none,success,1
d1362c72-e05e-4369-b71e-d66842f9e0dd,1492,9945737517,sms,outgoing,international,FALSE,17/01/2024 14:43:28,17/01/2024 14:45:09,0,0,P3,124,none,success,1
da603d23-a270-4ba7-adf0-9fb4d3632e75,1930,9773023213,voice,outgoing,international,TRUE,22/01/2024 20:47:48,22/01/2024 20:57:34,586,0,P0,124,none,success,1
8a5ecd34-cf18-43cf-978b-ed585c70a0b7,1556,9204632045,voice,incoming,international,FALSE,25/01/2024 01:34:49,25/01/2024 01:41:26,397,0,P4,124,none,success,1
07464181-18d3-45c1-8134-73b8bf46f59a,1006,9655271526,voice,incoming,international,FALSE,28/01/2024 09:17:53,28/01/2024 09:26:56,543,0,P2,124,none,success,1
c310658c-8c2c-4f9c-af7c-26eb08b40200,1532,9305019203,voice,outgoing,national,FALSE,08/01/2024 07:35:18,08/01/2024 07:42:54,456,0,P1,124,none,success,1
f754932e-9971-4864-9437-fbc512ac21cb,1299,9323240640,voice,incoming,national,FALSE,05/01/2024 00:24:26,05/01/2024 00:29:18,292,0,P3,124,none,success,1
908f7276-d06f-46e8-adb9-9228e9b79b29,1643,9192069285,voice,outgoing,national,FALSE,08/01/2024 14:01:43,08/01/2024 14:02:10,27,0,P3,124,none,success,1
a5566a31-259b-4868-8411-9259ce907236,1847,9034003011,data,outgoing,international,FALSE,23/01/2024 02:35:00,23/01/2024 02:43:31,0,9.22,P4,125,none,success,1
edf4a583-22ee-43b0-809b-af0997095e32,1666,9816596386,data,incoming,international,TRUE,23/01/2024 17:58:57,23/01/2024 18:06:13,0,8.88,P4,125,none,success,1
cb36f5d1-2bdd-4388-95b3-520134f229ff,1568,9256754632,data,outgoing,national,TRUE,18/01/2024 22:31:16,18/01/2024 22:35:21,0,45.5,P3,125,none,success,1
c19df079-d227-4da6-a820-56d483839298,1960,9066061105,sms,outgoing,international,TRUE,24/01/2024 04:09:00,24/01/2024 04:17:55,0,0,P1,125,none,success,1
8a37cb50-e908-4842-a324-bdedb4c04ae6,1997,9276325494,sms,incoming,national,TRUE,19/01/2024 14:26:28,19/01/2024 14:33:12,0,0,P0,125,none,success,1
a510e8cf-0772-45b3-a718-47e091b186b0,1839,9718300889,sms,outgoing,international,FALSE,10/01/2024 05:34:53,10/01/2024 05:29:53,0,0,P0,125,L13_timestamp,success,1
ce5e7fb5-612a-4bc5-9806-385893732af5,1480,9654423877,sms,outgoing,international,TRUE,13/01/2024 20:47:03,13/01/2024 20:56:03,0,0,P0,125,none,success,1
113f85a9-cecf-40eb-a229-c4adc1255f11,1649,9571883706,voice,incoming,international,TRUE,28/01/2024 09:32:37,28/01/2024 09:39:18,401,0,P0,125,none,success,1
7a3ac92d-af20-487d-9a79-052c3ddd0905,1992,9411335511,voice,incoming,national,TRUE,28/01/2024 17:48:26,28/01/2024 17:51:58,212,0,P4,125,none,success,1
0a1091fb-b8c7-4558-beff-c65456095610,1912,9708294513,voice,incoming,national,FALSE,18/01/2024 12:33:32,18/01/2024 12:38:45,313,0,P2,125,none,success,1
1007f478-1d02-4eb2-aa72-cff6a8c76ce5,1129,9192759445,sms,incoming,international,FALSE,29/01/2024 21:02:15,29/01/2024 21:04:10,0,0,P0,126,none,success,1
9ec81a58-0250-428a-90de-293cb6f812f7,1462,9235809349,sms,outgoing,national,FALSE,10/01/2024 20:48:15,10/01/2024 20:57:32,0,0,P0,126,none,success,1
7e5e8218-8300-4f04-8bf2-7467542f96cb,1314,9012028289,sms,outgoing,international,FALSE,05/01/2024 19:12:13,05/01/2024 19:17:49,0,0,P0,126,none,success,1
f9bbb89f-aa9d-40fd-adf7-3e980e4c196e,1489,9414344999,voice,outgoing,national,FALSE,24/01/2024 21:42:27,24/01/2024 21:47:22,295,0,P5,126,L9_misclass,success,1
0ff9905f-9eb1-4ef1-b809-131cf6a35d71,1600,9538725565,voice,outgoing,national,FALSE,25/01/2024 05:51:51,25/01/2024 05:59:05,434,0,P5,126,L9_misclass,success,1
721f245b-84c2-4ce9-903b-2ea59e327522,1039,9070051555,data,incoming,national,FALSE,10/01/2024 11:42:03,10/01/2024 11:47:37,0,8.14,P1,127,none,success,1
3dd1e6f7-317f-4818-8c2f-1d8b41d18bdd,1040,9892483609,data,incoming,national,TRUE,21/01/2024 18:35:35,21/01/2024 18:40:31,0,21.21,P4,127,none,success,1
b50f3fbf-2e92-4e25-9372-a3dba0a7ec29,1021,9123857689,data,incoming,international,TRUE,10/01/2024 19:28:55,10/01/2024 19:31:17,0,22.79,P0,127,none,success,1
8b2c5c1d-caf7-492f-a657-840c603ed2eb,1343,9906247578,sms,incoming,international,TRUE,07/01/2024 18:46:22,07/01/2024 18:51:06,0,0,P4,127,none,success,1
f5600fe7-cce8-4e8e-8df8-cbd5c9882364,1404,9298289730,sms,outgoing,international,FALSE,09/01/2024 03:02:37,09/01/2024 03:11:50,0,0,P1,127,none,success,1
497be208-bf40-42c4-b496-2c5bb2cbf3b8,1648,9432518632,sms,incoming,national,FALSE,06/01/2024 11:00:49,06/01/2024 11:06:08,0,0,P2,127,none,success,1
30bd21ae-4cd7-45e8-96a1-914600ff1bd8,1322,9265265240,sms,incoming,international,FALSE,15/01/2024 02:14:57,15/01/2024 02:23:03,0,0,P4,127,none,success,1
fbd7dbc8-3210-499d-9739-28d3e3bc666b,1227,9245045473,sms,outgoing,national,FALSE,22/01/2024 12:57:06,22/01/2024 13:05:32,0,0,P2,127,none,success,1
8df769b5-bb96-478f-a3d0-826c192c7a99,1469,9278063664,voice,incoming,national,TRUE,15/01/2024 19:47:26,15/01/2024 19:57:16,590,0,P2,127,none,success,1
aee0c20b-c572-4f69-b048-e693f5c87e2e,1446,9402984109,voice,outgoing,international,TRUE,02/01/2024 20:33:33,02/01/2024 20:39:08,335,0,P3,127,none,success,1
f69e9a0d-15d9-4832-ae44-553940c8284f,1390,9425344107,voice,outgoing,national,TRUE,25/01/2024 08:09:21,25/01/2024 08:13:21,240,0,P0,127,none,success,1
44757825-8c9c-4dc1-96b1-50511f364197,1864,9835103184,voice,outgoing,international,TRUE,23/01/2024 22:50:58,23/01/2024 22:57:41,403,0,P1,127,none,success,1
9c8a8e75-fd24-4fae-bdd3-579a34fd4476,1978,9962077855,data,outgoing,international,TRUE,12/01/2024 11:18:01,12/01/2024 11:24:43,0,12.94,P3,128,none,success,1
7142cca6-c26b-4f5d-8921-7cfc9e2c5174,1233,9034543089,data,outgoing,national,TRUE,02/01/2024 11:37:27,02/01/2024 11:43:25,0,34.68,P2,128,none,success,1
3e0f7a4a-5f7a-4e88-9600-28e1bc5c552a,1038,9143201280,data,outgoing,international,TRUE,02/01/2024 06:14:49,02/01/2024 06:23:13,0,10.27,P0,128,none,success,1
9af013fb-17c9-4a18-af1d-91850135465b,1164,9068266553,data,outgoing,national,FALSE,08/01/2024 16:39:56,08/01/2024 16:41:05,0,15.07,P4,128,none,success,1
5640e863-c0fa-4781-9f55-1294de8d1433,1118,9170946406,data,outgoing,international,TRUE,17/01/2024 03:26:16,17/01/2024 03:33:41,0,48.73,P1,128,none,success,1
4bff5b8f-c08b-4c6d-a024-783fe197913e,1459,9779007874,sms,incoming,international,TRUE,05/01/2024 16:41:39,05/01/2024 16:44:53,0,0,P3,128,none,success,1
39acbef1-40d3-42fa-a8f2-ef72eff0b3da,1931,9208235282,sms,incoming,international,TRUE,21/01/2024 16:46:21,21/01/2024 16:55:44,0,0,P2,128,none,success,1
51cc2b0a-bad2-484d-bae4-431d952eac8e,1856,9960974248,voice,outgoing,national,TRUE,12/01/2024 08:53:52,12/01/2024 08:54:41,49,0,P1,128,none,success,1
e3ca4d98-5ef6-492a-b6c7-00af51f0071d,1311,9598095808,voice,incoming,international,FALSE,14/01/2024 07:59:55,14/01/2024 08:02:43,168,0,P4,128,none,success,1
458d948b-c0d9-4b09-a76a-0e95310a973e,1741,9477706179,voice,incoming,national,FALSE,06/01/2024 13:27:49,06/01/2024 13:29:33,104,0,P2,128,L1_unbilled,success,1
c757160c-73f2-4378-a2db-5a8a798bfa1e,1106,9777204713,data,outgoing,national,FALSE,03/01/2024 16:04:25,03/01/2024 16:08:47,0,26.72,P3,129,none,success,1
65c65a41-c3b5-42e8-9e20-bd1432c28235,1213,9100544947,data,incoming,international,FALSE,18/01/2024 04:10:07,18/01/2024 04:17:58,0,15.53,P2,129,none,success,1
b42d81cd-f51e-49c6-9c68-709cbd766119,1732,9648611444,data,outgoing,national,FALSE,27/01/2024 02:25:26,27/01/2024 02:33:15,0,49.2,P3,129,none,success,1
5820f080-e1ff-49eb-a797-42dc7b1d4618,1056,9510893896,sms,outgoing,national,TRUE,28/01/2024 21:56:10,28/01/2024 22:02:47,0,0,P1,129,none,success,1
12c06d6b-50bb-4393-9ffc-b49b0219861f,1227,9873972587,sms,incoming,national,TRUE,22/01/2024 00:50:28,22/01/2024 00:55:01,0,0,P5,129,L9_misclass,success,1
81badef3-7769-49c1-8c83-b0c8726b4ef1,1797,9906147759,sms,incoming,national,TRUE,05/01/2024 09:34:43,05/01/2024 09:40:08,0,0,P3,129,none,success,1
21a84254-a777-4fe1-8e3d-e0e816d55d7b,1205,9340657070,voice,outgoing,national,TRUE,05/01/2024 16:17:53,05/01/2024 16:20:01,128,0,P4,129,none,success,1
6fd313a4-e02d-4f5f-8551-9260796ff381,1125,9579872383,voice,outgoing,international,TRUE,01/01/2024 23:20:46,01/01/2024 23:28:26,460,0,P3,129,none,success,1
cf324683-7768-4b71-82b1-bf4efe08aabd,1006,9957279354,voice,incoming,international,FALSE,03/01/2024 23:58:46,04/01/2024 00:06:51,485,0,P3,129,none,success,1
9d61ffd7-442f-4a75-a7c7-9c7ec95fe169,1367,9305574735,voice,outgoing,international,TRUE,15/01/2024 07:08:52,15/01/2024 07:14:17,325,0,P1,129,none,success,1
803a40ff-4f51-429c-9acf-c2d270629280,1233,9834483924,voice,outgoing,national,FALSE,03/01/2024 16:12:09,03/01/2024 16:16:11,242,0,P1,129,L5_zero_rated,success,1
f532e7f5-84d9-4fa6-ab36-06f17f55e67d,1628,9607516218,data,outgoing,international,TRUE,11/01/2024 07:03:39,11/01/2024 07:11:05,0,30.26,P0,130,none,success,1
625cf9d1-8a8e-470f-ad8f-8616385dc1f0,1876,9762839690,data,incoming,international,FALSE,08/01/2024 17:06:57,08/01/2024 17:16:09,0,46.3,P1,130,none,success,1
229e04f5-4e5d-4818-9b42-8bd6cf868244,1386,9295713603,sms,outgoing,international,FALSE,01/01/2024 04:00:16,01/01/2024 04:05:17,0,0,P1,130,none,success,1
18a0be88-9231-4e8b-8e39-dcd4d2bc0ca5,1007,9582066459,sms,incoming,national,FALSE,08/01/2024 12:39:02,08/01/2024 12:43:46,0,0,P1,130,none,success,1
209db8d6-537d-4a42-83bc-9a0b225bb614,1235,9861151726,voice,outgoing,international,FALSE,01/01/2024 03:57:46,01/01/2024 03:59:36,110,0,P3,130,L11_suppression,suppressed,1
2d1104b5-28e7-4b1d-904f-bffe7a3af74b,1441,9662426918,voice,outgoing,national,FALSE,25/01/2024 18:06:58,25/01/2024 18:07:57,59,0,P4,130,none,success,1
3dbd552e-540c-421a-a74e-87e652b13bb2,1697,9682894337,voice,incoming,national,TRUE,30/01/2024 09:36:29,30/01/2024 09:38:16,107,0,P4,130,none,success,1
6a709024-e693-4aaf-9144-366145efa53b,1395,9264691560,voice,outgoing,national,TRUE,06/01/2024 11:08:44,06/01/2024 11:09:39,55,0,P0,130,L1_unbilled,success,1
0561cb8f-5e12-4666-9dda-493768e8b629,1139,9867879655,data,outgoing,national,FALSE,21/01/2024 18:41:47,21/01/2024 18:42:33,0,22.98,P1,131,none,success,1
db32d0ed-c9e5-4241-8c35-99ef0143fed5,1991,9151958195,data,incoming,international,TRUE,02/01/2024 03:00:28,02/01/2024 03:08:43,0,18.79,P4,131,none,success,1
e2fc39e0-3b34-4ca1-ba46-aea34dbfd36e,1543,9758770305,data,outgoing,national,TRUE,12/01/2024 14:26:27,12/01/2024 14:27:20,0,49.33,P2,131,L2_wrong_tariff,success,1
16fd3a86-0ac6-4e53-a082-a7e1f9699751,1416,9769594832,data,outgoing,national,FALSE,15/01/2024 09:58:02,15/01/2024 10:01:45,0,17.77,P1,131,none,success,1
23d7fa70-bf30-4bd5-9742-39744ab87321,1077,9648779127,data,outgoing,national,FALSE,10/01/2024 06:03:55,10/01/2024 06:07:03,0,16.46,P4,131,none,success,1
db4aa75e-12e9-47c6-a1e9-ba70e28b0430,1025,9055763203,data,outgoing,international,TRUE,07/01/2024 11:41:26,07/01/2024 11:48:22,0,46.97,P1,131,none,success,1
37dee58f-0523-4246-a534-0eb883b2a79d,1537,9610509809,sms,outgoing,national,TRUE,13/01/2024 14:00:48,13/01/2024 14:02:06,0,0,P2,131,none,success,1
1172d5f3-d739-4062-b7bf-74d0c543e7da,1900,9669303084,voice,outgoing,national,FALSE,22/01/2024 18:55:05,22/01/2024 19:00:56,351,0,P1,131,none,success,1
f9a6fffe-b22e-48b3-8b52-0588dfa33696,1347,9398866439,voice,outgoing,national,FALSE,20/01/2024 07:16:13,20/01/2024 07:21:44,331,0,P1,131,none,success,1
8f09c06d-74a8-4193-9425-3609c3230a61,1507,9516220071,data,incoming,national,FALSE,10/01/2024 00:03:18,10/01/2024 00:07:49,0,8.26,P4,132,none,success,1
d23341ef-c5f1-4758-8ba1-de943c6fe80f,1664,9440824231,data,incoming,international,TRUE,21/01/2024 23:10:53,21/01/2024 23:11:44,0,25.03,P0,132,none,success,1
b310e5a0-756c-4fef-8bb0-926f32914a22,1108,9106876532,data,incoming,national,FALSE,26/01/2024 05:40:52,26/01/2024 05:46:59,0,38.72,P4,132,none,success,1
472d7859-25e1-4a4e-941d-99a686e51fbc,1416,9151980387,data,outgoing,national,TRUE,29/01/2024 03:42:14,29/01/2024 03:47:35,0,12.46,P2,132,none,success,1
658ec839-b0ef-46a5-b6bd-4c63e9397319,1900,9311152589,data,incoming,national,TRUE,06/01/2024 01:21:41,06/01/2024 01:29:48,0,19.01,P0,132,none,success,1
423d8b9e-7b7a-4d4c-928d-086e9d1e5b68,1249,9738542857,data,incoming,national,TRUE,09/01/2024 00:29:18,09/01/2024 00:29:43,0,14.74,P3,132,none,success,1
5c49ad60-db8b-4969-8e51-18155e6df300,1150,9328120101,sms,outgoing,national,FALSE,08/01/2024 08:00:37,08/01/2024 08:04:24,0,0,P1,132,none,success,1
3d13ebe9-4d9e-4273-9631-e46cfad93b85,1046,9518384667,sms,outgoing,national,FALSE,10/01/2024 18:28:13,10/01/2024 18:31:35,0,0,P4,132,none,success,1
0ce32eea-7919-4d7c-a6d0-eccd80fde411,1075,9117684660,sms,incoming,international,FALSE,09/01/2024 00:48:02,09/01/2024 00:56:22,0,0,P2,132,none,success,1
e698cae8-5b53-4904-901a-7533a14682a5,1160,9415392882,sms,outgoing,international,TRUE,21/01/2024 20:15:20,21/01/2024 20:18:14,0,0,P0,132,none,success,1
8df2d4c7-1a97-47a4-bb6f-84ec55715959,1393,9487907994,voice,incoming,national,FALSE,23/01/2024 07:37:46,23/01/2024 07:38:54,68,0,P2,132,L1_unbilled,success,1
f5523464-43cd-463b-b7e8-45a66bcc7156,1232,9947982529,voice,outgoing,national,FALSE,02/01/2024 00:32:11,02/01/2024 00:39:03,412,0,P4,132,none,success,1
ba2adb0e-5704-47db-bd38-6e69c26ac3bd,1927,9708698719,voice,outgoing,national,FALSE,28/01/2024 09:41:32,28/01/2024 09:49:36,484,0,P2,132,none,success,1
0ac1480b-af76-4c65-b181-5dcb4df2d56e,1075,9513314685,voice,outgoing,national,FALSE,19/01/2024 04:28:17,19/01/2024 04:35:58,461,0,P4,132,none,success,1
66a89618-0458-49a0-a9a7-91914db74226,1904,9317162082,data,incoming,national,TRUE,15/01/2024 00:04:03,15/01/2024 00:12:43,0,4.64,P5,133,L9_misclass,success,1
b7f2aea4-087c-44e5-862d-8c95b6a3fa70,1471,9232726446,data,incoming,national,FALSE,29/01/2024 05:44:10,29/01/2024 05:50:27,0,9.45,P3,133,none,success,1
861d1f9a-7495-45ed-bc52-96ef9608eadc,1605,9128336357,data,outgoing,international,FALSE,07/01/2024 03:49:49,07/01/2024 03:53:24,0,46.27,P2,133,none,success,1
b69f6111-6791-46d3-95ac-ea3bb9ec5fb0,1843,9796339376,sms,incoming,national,TRUE,10/01/2024 22:55:53,10/01/2024 23:05:16,0,0,P4,133,none,success,1
3291907a-49a9-4ebb-b4b0-7f1d3f02cd21,1724,9723052029,sms,incoming,national,FALSE,03/01/2024 09:04:55,03/01/2024 09:06:10,,0,P4,133,L12_partial,success,1
065f357a-e5ab-42c5-8901-4f1dc39adc8c,1890,9041698412,voice,incoming,national,TRUE,20/01/2024 16:38:43,20/01/2024 16:44:32,349,0,P1,133,L5_zero_rated,success,1
21912821-e723-43e4-b02c-07cc7b305310,1830,9511894767,voice,outgoing,national,FALSE,04/01/2024 17:46:54,04/01/2024 17:52:52,358,0,P2,133,none,success,1
218b2394-51ef-420f-9c30-c7f3162c5a6e,1489,9120085937,data,outgoing,international,TRUE,19/01/2024 22:55:56,19/01/2024 23:03:29,0,29.73,P2,134,L3_roaming_gap,success,1
44d1af52-104f-41e8-8489-eead6e3669f6,1998,9628039696,data,incoming,national,FALSE,14/01/2024 03:21:06,14/01/2024 03:30:30,0,37.22,P0,134,none,success,1
2b96cfd6-685c-48c3-adb0-c350c98cf328,1891,9857089298,sms,outgoing,national,FALSE,01/01/2024 15:14:27,01/01/2024 15:17:05,0,0,P4,134,none,success,1
8c4871a9-8f1d-4961-a023-4dafcf595781,1091,9342953249,sms,outgoing,international,FALSE,15/01/2024 17:39:36,15/01/2024 17:44:24,0,0,P1,134,none,success,1
27ebdf30-bba6-426f-8da1-7f279d3baad8,1668,9134126436,sms,incoming,national,TRUE,03/01/2024 04:04:42,03/01/2024 04:14:42,,0,P3,134,L12_partial,success,1
5556fd06-d9ea-4426-bfa9-d884f3549af5,1894,9813755449,sms,outgoing,national,FALSE,08/01/2024 17:15:57,08/01/2024 17:20:36,0,0,P2,134,none,success,1
921275cd-8365-4b35-80f3-74f564e1e158,1633,9199137650,sms,incoming,national,FALSE,09/01/2024 22:39:28,09/01/2024 22:46:47,0,0,P0,134,none,success,1
d0aeb3e2-679e-45a9-a8f0-4d7458a992a2,1976,9361831011,sms,outgoing,national,TRUE,12/01/2024 17:05:03,12/01/2024 17:05:29,0,0,P3,134,none,success,1
edbb4f8a-1bd0-4f08-90c3-4d527fa62d1a,1921,9131918922,voice,outgoing,international,TRUE,12/01/2024 20:06:22,12/01/2024 20:09:45,203,0,P1,134,none,success,1
d965dec7-6bce-481d-82ad-49b70b07f5a9,1623,9206090065,voice,incoming,international,TRUE,27/01/2024 01:54:39,27/01/2024 01:59:33,294,0,P0,134,L2_wrong_tariff,success,1
0b8605fb-384a-4087-a8a1-784db1008710,1020,9777427481,data,outgoing,international,TRUE,15/01/2024 15:48:07,15/01/2024 15:53:09,0,7.52,P2,135,none,success,1
66c3877a-4d4a-4d84-8118-22a55a06603e,1157,9886967246,data,incoming,international,TRUE,22/01/2024 22:46:16,22/01/2024 22:49:49,0,31.88,P3,135,none,success,1
5f06f9d1-086e-45ec-8627-a77c8490f5f9,1238,9137306499,data,incoming,national,TRUE,07/01/2024 07:16:34,07/01/2024 07:17:42,0,36.87,P4,135,none,success,1
7aaac84c-22aa-4553-bcde-2eb3b9de4850,1992,9592642840,sms,outgoing,national,FALSE,22/01/2024 14:05:02,22/01/2024 14:06:57,0,0,P4,135,none,success,1
ddb40ff5-6c42-47ac-81d8-e4aca88f9552,1035,9620211461,sms,incoming,international,FALSE,19/01/2024 14:34:21,19/01/2024 14:40:07,0,0,P2,135,none,success,1
09b2b0f9-f23c-48d2-9666-ee74e3e7f391,1714,9594956515,sms,outgoing,international,TRUE,12/01/2024 00:47:18,12/01/2024 00:56:33,0,0,P3,135,none,success,1
fac205ac-68b4-4d8e-b52d-6d0b8b377cbf,1497,9280770604,sms,incoming,international,TRUE,24/01/2024 04:57:22,24/01/2024 05:06:09,0,0,P4,135,none,success,1
3fee4f83-5b31-46a9-a132-b270fe6eaf76,1231,9013486424,voice,outgoing,national,TRUE,14/01/2024 18:53:59,14/01/2024 19:03:30,571,0,P4,135,none,success,1
2dafea43-9241-4906-819d-7704f3b05f14,1590,9731454987,data,incoming,national,TRUE,02/01/2024 07:18:34,02/01/2024 07:22:50,0,16.77,P0,136,none,success,1
1fc8897b-ed62-4853-b12e-020559e6da47,1320,9924308259,data,incoming,national,FALSE,26/01/2024 00:18:46,26/01/2024 00:23:55,0,10.69,P0,136,none,success,1
2b8ea24a-c1ad-4de7-a5db-28dc20d23caf,1849,9777082292,data,outgoing,international,TRUE,10/01/2024 05:10:26,10/01/2024 05:15:59,0,23.74,P4,136,none,success,1
57196eb3-db9b-4462-95b5-1c43403c05e2,1588,9179361914,sms,outgoing,national,FALSE,22/01/2024 02:09:27,22/01/2024 02:10:23,0,0,P2,136,none,success,1
247ee1f3-36a6-4c21-b1b5-d68458b26504,1521,9073968998,voice,outgoing,international,TRUE,26/01/2024 17:48:47,26/01/2024 17:50:06,79,0,P0,136,none,success,1
b6cfe328-d017-48e3-8963-2eb8febe596c,1742,9434083675,voice,incoming,national,TRUE,24/01/2024 16:03:40,24/01/2024 16:03:54,14,0,P2,136,none,success,1
3b25540d-3077-484d-abb2-0ba2df4e6e69,1228,9147926041,data,outgoing,national,TRUE,26/01/2024 07:43:36,26/01/2024 07:48:21,0,41.6,P0,137,none,success,1
db2b12db-4b05-428a-82ed-c51a2b359ba4,1679,9793131242,data,incoming,national,TRUE,03/01/2024 00:42:21,03/01/2024 00:49:58,0,15.03,P1,137,none,success,1
b076f0b3-005d-4027-a1d2-ca5d29f048fb,1655,9165239080,data,incoming,national,FALSE,27/01/2024 02:12:14,27/01/2024 02:16:10,0,43.5,P1,138,none,success,1
736d9ffd-aaec-464c-bc03-00b4cf8df7fe,1695,9857604435,data,outgoing,national,TRUE,16/01/2024 12:11:00,16/01/2024 12:06:00,0,37.71,P0,138,L13_timestamp,success,1
d83e8f9d-a3e1-4729-9de0-b93af67cd3cc,1680,9626297384,data,incoming,national,TRUE,15/01/2024 19:21:24,15/01/2024 19:27:53,0,2.06,P0,138,none,success,1
3a72227a-2d71-41b3-af1b-68ac16cc89b5,1679,9418183523,sms,incoming,national,FALSE,05/01/2024 02:29:47,05/01/2024 02:35:41,0,0,P4,138,none,success,1
10c756d6-9c0e-492d-895c-8793413e0646,1801,9380241856,sms,incoming,national,TRUE,24/01/2024 18:58:27,24/01/2024 19:00:35,0,0,P3,138,none,success,1
3f3d7d7f-9ebf-4151-b1c2-98e9729410c5,1860,9050247325,voice,incoming,national,FALSE,02/01/2024 17:26:09,02/01/2024 17:28:17,128,0,P1,138,none,success,1
9e10a982-9fc3-4bc5-95bd-ff9c3258245f,1469,9923083248,voice,outgoing,international,FALSE,03/01/2024 07:53:03,03/01/2024 07:55:40,157,0,P4,138,L5_zero_rated,success,1
977a3f6f-f8fd-4a5a-995c-490eeccddbaa,1829,9453205244,data,outgoing,national,FALSE,08/01/2024 00:17:48,08/01/2024 00:19:37,0,15.44,P1,139,L5_zero_rated,success,1
7e0156bb-02e6-4763-bb1e-874e8597345b,1587,9705375553,data,incoming,national,FALSE,10/01/2024 12:53:14,10/01/2024 12:57:25,0,22.49,P1,139,none,success,1
d35f38d0-06bb-47b9-834b-881e8edfa0f1,1126,9350126407,data,outgoing,national,TRUE,11/01/2024 03:47:30,11/01/2024 03:48:20,0,20.69,P3,139,none,success,1
ae2ef8b5-98a1-44cc-bbe4-5b5c258de585,1283,9355255756,data,outgoing,international,TRUE,20/01/2024 23:18:16,20/01/2024 23:20:27,0,35.27,P0,139,none,success,1
28e863af-1941-4382-a39d-f9e187785fa8,1023,9504914675,data,incoming,national,TRUE,26/01/2024 16:07:57,26/01/2024 16:17:05,0,26.35,P4,139,none,success,1
61bac8a1-f029-425d-aaea-dd7e273c4038,1947,9997876176,data,outgoing,international,FALSE,28/01/2024 10:09:12,28/01/2024 10:13:18,0,42.31,P3,139,none,success,1
249e97fe-0e12-42ee-97db-850792a7aa10,1415,9418918159,data,incoming,international,FALSE,05/01/2024 06:43:01,05/01/2024 06:44:43,0,26.41,P3,139,none,success,1
89672f52-a04f-47fc-b110-1bff28b5cc70,1848,9832057463,sms,outgoing,national,TRUE,16/01/2024 03:08:15,16/01/2024 03:14:31,0,0,P3,139,none,success,1
0d896052-51d4-4c37-b241-226415884464,1972,9579373082,sms,incoming,national,FALSE,20/01/2024 23:11:50,20/01/2024 23:16:22,0,0,P1,139,none,success,1
4847036d-f8f4-46c2-b916-76ee1b2f1519,1259,9518128263,sms,incoming,international,TRUE,29/01/2024 02:29:37,29/01/2024 02:32:30,0,0,P0,139,none,success,1
096cf90c-9724-46bc-bdc8-e45353a9415c,1378,9848744905,sms,incoming,national,TRUE,04/01/2024 12:31:19,04/01/2024 12:35:53,0,0,P4,139,none,success,1
95fd7b63-ae29-4210-9924-fc4015eb1192,1388,9471477753,voice,incoming,international,TRUE,27/01/2024 14:52:42,27/01/2024 14:58:24,342,0,P2,139,none,success,1
2ca84994-cc85-46b0-abc6-9ba6a2246fcc,1692,9003352582,voice,incoming,international,TRUE,27/01/2024 05:00:51,27/01/2024 05:04:57,246,0,P1,139,none,success,1
753f8264-fb55-4540-85d8-c0a9c00fe7aa,1167,9671343556,voice,outgoing,national,FALSE,15/01/2024 19:02:05,15/01/2024 19:03:08,63,0,P2,139,none,success,1
1dcf9f89-82ae-4591-93a3-237a027a7056,1219,9798926378,data,outgoing,international,TRUE,22/01/2024 18:00:32,22/01/2024 18:01:26,0,27.4,P4,140,none,success,1
51896c8b-6c03-49b1-bdf2-f8b06874bbc8,1024,9350254872,data,incoming,international,FALSE,03/01/2024 21:48:45,03/01/2024 21:51:11,0,19.09,P4,140,none,success,1
0cfa0d04-42ad-4f80-9838-09f354d6bc11,1250,9343225306,data,incoming,international,TRUE,20/01/2024 01:10:19,20/01/2024 01:12:37,0,25.99,P2,140,none,success,1
bf3fb22d-2735-4725-b273-cc600be6804e,1599,9218276270,sms,outgoing,international,TRUE,20/01/2024 15:56:05,20/01/2024 16:03:25,0,0,P4,140,none,success,1
d1906d55-c212-4e4e-a5e1-1a3dfaa53ab4,1097,9699783765,sms,incoming,international,TRUE,26/01/2024 10:11:34,26/01/2024 10:20:08,0,0,P3,140,L11_suppression,suppressed,1
13350f4e-9a93-4540-a9e6-0339b63384a7,1797,9366029992,sms,incoming,international,FALSE,28/01/2024 06:19:04,28/01/2024 06:26:17,0,0,P4,140,none,success,1
84f45c4c-1f7f-4845-9622-8778ba5f8109,1859,9977070466,sms,incoming,international,FALSE,14/01/2024 18:33:35,14/01/2024 18:42:20,0,0,P4,140,none,success,1
13c4866c-c01b-4b92-93a7-1fabda99c8ef,1587,9523585135,sms,incoming,international,TRUE,26/01/2024 09:56:59,26/01/2024 10:03:13,0,0,P1,140,none,success,1
41009a25-f283-44dd-88bd-e8d2ad775180,1050,9045113420,sms,outgoing,international,FALSE,19/01/2024 17:37:34,19/01/2024 17:40:57,0,0,P1,140,none,success,1
5f0f958b-88f4-44f2-84f2-35a9fe53ee56,1085,9214877427,voice,incoming,national,TRUE,25/01/2024 00:45:30,25/01/2024 00:46:04,34,0,P4,140,none,success,1
8496f842-d285-4222-9dac-ae8153a160f0,1783,9445436978,voice,incoming,international,TRUE,06/01/2024 12:53:27,06/01/2024 12:56:04,157,0,P1,140,none,success,1
99ad8ef7-a8c2-4a1b-b399-007f93242877,1520,9428618654,data,outgoing,international,TRUE,25/01/2024 04:46:49,25/01/2024 04:48:48,0,14.39,P1,141,none,success,1
ad129804-0d90-41e8-81e0-487b16812458,1632,9250801899,data,outgoing,national,FALSE,05/01/2024 20:44:17,05/01/2024 20:53:49,0,34.07,P3,141,none,success,1
aa75d1eb-ea1f-4de5-9b58-bd0f9befe24c,1260,9533923174,data,outgoing,international,FALSE,09/01/2024 17:51:51,09/01/2024 17:52:17,0,34.44,P4,141,none,success,1
9a61b905-96a9-4e6d-9653-fee6720adbf6,1378,9849658896,data,outgoing,international,TRUE,12/01/2024 06:52:52,12/01/2024 06:55:29,0,7.3,P1,141,none,success,1
c7429760-7cc7-4021-a91e-ad1f3e1a4fcf,1341,9697656483,data,incoming,international,FALSE,13/01/2024 03:30:12,13/01/2024 03:39:53,0,13.6,P4,141,none,success,1
7b236fd5-e860-4989-8f1b-16bd9924c274,1988,9357519669,data,incoming,national,FALSE,15/01/2024 06:11:24,15/01/2024 06:17:20,0,17.66,P5,141,L9_misclass,success,1
5136b5d4-6f6d-46f0-92fe-3c966fdd49dc,1577,9551860937,sms,incoming,national,TRUE,08/01/2024 05:24:53,08/01/2024 05:27:48,0,0,P0,141,none,success,1
4a2b133a-2e89-4862-921d-b8053b6143f0,1316,9542732906,voice,incoming,national,TRUE,13/01/2024 14:50:36,13/01/2024 14:58:47,491,0,P0,141,none,success,1
f2c0899a-5ec2-479a-a37f-a39c21f304bb,1527,9946449189,voice,outgoing,international,TRUE,15/01/2024 00:33:41,15/01/2024 00:34:04,23,0,P1,141,none,success,1
77430a29-b224-47f2-9340-95fca586a140,1758,9798977666,voice,incoming,international,FALSE,03/01/2024 09:59:00,03/01/2024 10:07:03,2,0,P2,141,L6_simbox,success,1
546f3c83-8663-4669-bbad-5620d941a320,1210,9713861212,voice,outgoing,national,FALSE,28/01/2024 17:44:16,28/01/2024 17:49:05,289,0,P3,141,none,success,1
e58b511a-c4a5-471a-bc8d-62c9ddd16561,1695,9365280894,data,incoming,international,TRUE,27/01/2024 20:06:06,27/01/2024 20:14:37,0,29.36,P2,142,none,success,1
0f07197c-9171-4782-acab-715e60d1113b,1746,9495961908,data,incoming,national,TRUE,12/01/2024 00:50:42,12/01/2024 00:53:19,0,0.62,P1,142,none,success,1
997ce022-33d1-434d-8abc-7f6eda2442b4,1192,9169268478,data,incoming,international,TRUE,16/01/2024 16:35:33,16/01/2024 16:41:22,1,30.93,P2,142,L6_simbox,success,1
6510b611-8fcb-48ac-adb7-554b17ae5d69,1014,9435296727,data,outgoing,national,TRUE,28/01/2024 07:04:31,28/01/2024 07:12:57,0,16.58,P1,142,none,success,1
b6b14fce-986d-4fba-98db-fd2a728952e4,1554,9053640395,sms,incoming,international,TRUE,18/01/2024 21:54:28,18/01/2024 22:02:34,0,0,P1,142,none,success,1
9957ea0c-69c2-4319-90eb-cb6bc61495b1,1145,9641589519,sms,incoming,international,TRUE,10/01/2024 13:18:20,10/01/2024 13:27:47,0,0,P3,142,none,success,1
46e61ea6-9635-4e25-9ff7-3e33718d56de,1892,9745250855,voice,incoming,national,FALSE,01/01/2024 03:18:47,01/01/2024 03:26:12,445,0,P0,142,none,success,1
c75314f4-99cb-46be-9c86-f590cd377c48,1324,9763498193,voice,outgoing,national,TRUE,11/01/2024 04:36:41,11/01/2024 04:45:46,545,0,P4,142,L1_unbilled,success,1
f68d74ac-5172-4b80-81bd-0a798cf2818f,1239,9287123805,voice,incoming,national,TRUE,26/01/2024 17:48:10,26/01/2024 17:56:36,506,0,P4,142,none,success,1
4086af4f-3bec-4936-9296-cd7a587df168,1596,9447851839,voice,incoming,international,FALSE,11/01/2024 18:35:49,11/01/2024 18:45:15,566,0,P3,142,none,success,1
00d9e9a2-401d-4b60-a10c-75d2b3ef2d43,1919,9841397299,voice,outgoing,international,FALSE,30/01/2024 17:20:11,30/01/2024 17:20:53,42,0,P4,142,none,success,1
a3be08d9-b04a-40e1-9e3c-97ed8ea22d53,1569,9444651552,voice,outgoing,international,FALSE,06/01/2024 01:23:11,06/01/2024 01:31:27,496,0,P2,142,none,success,1
a3a72046-89a3-4d53-8cc7-89abaa2d9d78,1995,9735441295,data,incoming,national,FALSE,24/01/2024 19:57:41,24/01/2024 20:03:15,0,43.09,P4,143,none,success,1
48945763-c106-46be-b598-df79bc3aba1b,1824,9537173436,data,incoming,national,TRUE,05/01/2024 13:56:19,05/01/2024 13:57:20,0,0.65,P0,143,none,success,1
6ad57605-c747-4d42-bfe1-0bd33359dc38,1022,9108815245,data,outgoing,national,TRUE,25/01/2024 10:00:43,25/01/2024 10:10:30,0,14.23,P3,143,none,success,1
a8ba455f-ba91-4590-b468-3e1e51796e78,1037,9795525704,data,incoming,international,TRUE,21/01/2024 17:28:26,21/01/2024 17:29:47,0,13.89,P1,143,L1_unbilled,success,1
ef609004-7ca9-49c8-8c15-2e8a506a4c4c,1482,9833222854,data,outgoing,international,FALSE,27/01/2024 08:06:18,27/01/2024 08:10:41,0,40.74,P3,143,none,success,1
92125edd-ce9d-4db6-a3ca-6022dbdc7768,1380,9243008494,data,outgoing,national,TRUE,20/01/2024 01:05:19,20/01/2024 01:08:30,0,28.83,P1,143,none,success,1
e4169902-9d98-48a8-b340-08ab343199ed,1678,9715171930,sms,outgoing,national,TRUE,23/01/2024 10:29:31,23/01/2024 10:33:56,0,0,P2,143,none,success,1
5e23528b-f747-4760-bb8b-1acd4d5a581a,1292,9280698890,sms,outgoing,international,TRUE,20/01/2024 12:48:29,20/01/2024 12:50:42,0,0,P2,143,none,success,1
9accc2d6-ee40-4044-bdf8-fbbefe97ce97,1207,9665662329,voice,incoming,international,FALSE,23/01/2024 20:08:15,23/01/2024 20:12:45,270,0,P3,143,none,success,1
74985dc5-5f96-4bbe-a20d-af8685507d33,1259,9264717572,voice,incoming,national,TRUE,24/01/2024 01:21:26,24/01/2024 01:27:20,354,0,P3,143,none,success,1
64c2e3b2-d3c4-422b-a1a1-d29d7fffe81c,1006,9452228225,voice,outgoing,international,FALSE,26/01/2024 22:00:05,26/01/2024 22:04:58,293,0,P3,143,none,success,1
45f1155a-bc9a-41a2-9123-dcad30330d6d,1814,9472896526,voice,outgoing,national,FALSE,03/01/2024 22:38:37,03/01/2024 22:44:01,324,0,P2,143,none,success,1
776693fe-16a3-494d-a383-80ff0081069a,1499,9406206401,voice,incoming,international,FALSE,24/01/2024 07:26:52,24/01/2024 07:34:31,459,0,P1,143,none,success,1
56a76897-1fd9-4812-a68b-ab0a88e0bec5,1199,9201213911,data,incoming,international,FALSE,19/01/2024 16:23:53,19/01/2024 16:26:02,0,36.58,P0,144,none,success,1
afa05e94-bb60-40c3-b06d-b21c31b6b728,1019,9425731802,data,outgoing,national,TRUE,18/01/2024 12:10:55,18/01/2024 12:16:49,0,23.89,P0,144,none,success,1
7b6c4a59-b179-4b90-9580-b167776566b6,1034,9776600923,data,incoming,international,FALSE,15/01/2024 10:44:41,15/01/2024 10:47:02,0,9.07,P2,144,none,success,1
0352b3d8-0d92-4fc2-a731-8cce55b40d10,1935,9930144314,data,outgoing,national,TRUE,24/01/2024 13:37:50,24/01/2024 13:41:51,0,10.52,P1,144,none,success,1
d6b75911-1b23-4529-b001-9f405aab75f6,1223,9855572230,data,outgoing,national,TRUE,20/01/2024 15:37:56,20/01/2024 15:46:37,0,44.96,P3,144,none,success,1
9df259a2-f94f-42f5-98ed-77aae0cb4854,1682,9180165177,sms,outgoing,national,FALSE,02/01/2024 04:16:26,02/01/2024 04:23:21,0,0,P0,144,none,success,1
e9b3c817-d2be-4d50-a8ac-fbd98aa593a5,1849,9919727711,sms,outgoing,international,FALSE,13/01/2024 11:27:49,13/01/2024 11:29:19,0,0,P2,144,none,success,1
68fda277-48de-4667-9e4e-008ed591717d,1230,9245233408,sms,outgoing,international,TRUE,28/01/2024 11:49:16,28/01/2024 11:56:24,0,0,P3,144,none,success,1
9c2b0210-c761-464f-a83e-68bbbcfce0a1,1374,9984646787,sms,incoming,national,FALSE,07/01/2024 00:07:06,07/01/2024 00:13:51,0,0,P2,144,L11_suppression,suppressed,1
5da0b21c-cc1f-4f65-8490-a9d927660952,1170,9520553115,sms,incoming,national,FALSE,14/01/2024 17:56:33,14/01/2024 18:04:22,0,0,P2,144,none,success,1
a37784c8-c20e-4708-8c59-b28c067b48d4,1597,9489216923,voice,outgoing,international,TRUE,17/01/2024 17:29:58,17/01/2024 17:35:01,303,0,P1,144,none,success,1
e8a013a1-a275-4c34-af8a-07842042a0bd,1387,9069050014,voice,incoming,national,FALSE,21/01/2024 04:44:58,21/01/2024 04:49:58,300,0,P2,144,none,success,1
27208d8c-a538-470e-a949-d64924375504,1990,9432099615,data,incoming,international,FALSE,21/01/2024 07:38:02,21/01/2024 07:40:47,0,39.84,P2,145,none,success,1
6d839fb4-14ac-4c2b-b4df-776dcb925340,1740,9039390430,data,incoming,international,FALSE,13/01/2024 17:57:22,13/01/2024 18:02:34,0,48.47,P0,145,L2_wrong_tariff,success,1
d2520e39-2e1f-467c-b9a5-fa380e38d99c,1082,9996512161,sms,outgoing,national,FALSE,17/01/2024 07:48:25,17/01/2024 07:53:27,0,0,P0,145,none,success,1
8af92214-87a4-43c8-9689-66d29a79e81a,1399,9882140234,sms,incoming,international,FALSE,29/01/2024 13:27:28,29/01/2024 13:27:47,0,0,P0,145,none,success,1
e261a622-5f03-46dd-b07f-b43061905973,1900,9798740398,voice,outgoing,national,FALSE,11/01/2024 15:15:16,11/01/2024 15:17:30,134,0,P1,145,none,success,1
27b9c04a-d90a-4cd8-96e7-864f0c5954b0,1677,9039491127,voice,outgoing,international,TRUE,12/01/2024 21:35:12,12/01/2024 21:42:29,437,0,P0,145,none,success,1
3b4fdf5d-f5a2-4a29-85cc-e08225eb9963,1630,9741646437,data,incoming,national,TRUE,13/01/2024 14:43:47,13/01/2024 14:46:03,0,2.87,P3,146,none,success,1
b031c524-b5ce-4225-8c8d-dd4bba9306ff,1376,9281175858,data,outgoing,national,FALSE,03/01/2024 14:09:52,03/01/2024 14:16:34,0,42.32,P1,146,none,success,1
35106f5b-115d-40c9-9528-d4e6bb96ec56,1363,9902422521,data,outgoing,national,FALSE,12/01/2024 20:29:09,12/01/2024 20:35:45,0,29.32,P0,146,none,success,1
b4c53f87-fe54-49b4-9e2f-dac54bad5952,1195,9291384568,data,incoming,international,TRUE,18/01/2024 20:20:52,18/01/2024 20:27:55,0,16.89,P1,146,none,success,1
0904cdc3-db50-4e3e-a530-c8c55b986141,1531,9244174927,data,incoming,international,TRUE,02/01/2024 02:42:55,02/01/2024 02:46:44,0,21.79,P0,146,none,success,1
1d49ed86-4e65-4936-8211-af24b9c1cff4,1935,9566244522,data,outgoing,national,FALSE,16/01/2024 08:35:26,16/01/2024 08:39:27,0,1.87,P4,146,none,success,1
058b175a-4eac-405c-8c35-cbeab0bb94cc,1276,9872120322,data,incoming,national,FALSE,19/01/2024 00:50:04,19/01/2024 00:58:25,0,49.3,P0,146,L1_unbilled,success,1
74d2dc22-95ee-4adb-84c2-30347b3f12ae,1779,9849826523,data,incoming,national,FALSE,28/01/2024 19:05:11,28/01/2024 19:07:39,0,18.99,P0,146,none,success,1
e59be93c-9e48-4054-8e84-1ce36aa3d130,1600,9998223044,sms,incoming,international,TRUE,29/01/2024 00:05:30,29/01/2024 00:08:04,0,0,P3,146,none,success,1
e15dc0e1-4a4d-41b7-a032-6f25c6406379,1073,9958363435,sms,incoming,national,FALSE,16/01/2024 09:43:58,16/01/2024 09:46:52,0,0,P2,146,none,success,1
ebcb6e64-dd12-456e-b1fb-81e6396b87b3,1639,9147757871,sms,outgoing,international,FALSE,28/01/2024 19:32:35,28/01/2024 19:40:48,0,0,P0,146,none,success,1
ab9b04bd-08ee-49f8-bb52-b4d4cb805531,1324,9311601635,sms,outgoing,national,FALSE,22/01/2024 04:30:28,22/01/2024 04:37:02,0,0,P5,146,L9_misclass,success,1
3aaa23e8-ce4b-4e8f-8001-b706b6b9ff93,1664,9865590472,voice,outgoing,international,TRUE,02/01/2024 08:23:55,02/01/2024 08:30:44,409,0,P0,146,none,success,1
ca5eb5c2-19f5-4d78-a140-78b9bb184771,1745,9065968433,voice,incoming,national,FALSE,16/01/2024 03:47:23,16/01/2024 03:56:05,522,0,P3,146,none,success,1
8d2227b7-4879-4af9-b7e3-470dbfd84d04,1197,9240883580,voice,outgoing,national,FALSE,21/01/2024 12:06:03,21/01/2024 12:09:27,204,0,P3,146,none,success,1
9d4cc5fa-847b-47d1-ae0d-0eb0f2cea561,1179,9680757677,data,incoming,national,FALSE,02/01/2024 04:38:43,02/01/2024 04:41:28,0,46,P0,147,none,success,1
73decdfe-d565-4fcd-8e64-2e0844da35db,1012,9207598694,data,outgoing,international,FALSE,02/01/2024 00:41:44,02/01/2024 00:45:45,0,47.76,P2,147,none,success,1
a7271a98-006a-45d9-b98e-53663ee43ffe,1755,9890430399,data,incoming,national,FALSE,29/01/2024 20:13:27,29/01/2024 20:18:41,0,16.3,P4,147,none,success,1
285b554f-e6b7-4a44-bccc-1c6ffa6e738e,1945,9974903025,data,incoming,international,FALSE,09/01/2024 19:07:29,09/01/2024 19:15:28,0,15.39,P3,147,none,success,1
56cd0c0e-4183-46e8-b520-f82a207e2acd,1002,9940981895,data,incoming,national,TRUE,06/01/2024 07:59:17,06/01/2024 08:02:50,0,45.79,P2,147,none,success,1
7dc72fd7-7aa0-46e0-8a37-9e053720d880,1376,9397542365,sms,incoming,international,TRUE,18/01/2024 01:42:26,18/01/2024 01:49:33,0,0,P2,147,none,success,1
06a7affd-9755-4ee9-ba34-08099ee86e1b,1383,9544261537,sms,outgoing,international,TRUE,27/01/2024 18:27:46,27/01/2024 18:37:03,0,0,P1,147,none,success,1
92a74c13-3745-45a8-818d-a999b64df6de,1935,9422428346,sms,incoming,international,FALSE,02/01/2024 06:36:32,02/01/2024 06:39:24,,0,P0,147,L12_partial,success,1
f45009ca-ef8c-407d-bf7c-b593633c4dd0,1718,9396191413,sms,outgoing,international,TRUE,08/01/2024 04:39:56,08/01/2024 04:46:45,0,0,P0,147,none,success,1
2b5ce783-fe7c-4421-af16-a0b821c6f06d,1009,9444017325,sms,outgoing,international,TRUE,11/01/2024 13:13:57,11/01/2024 13:22:19,0,0,P2,147,none,success,1
12e69a67-2a0a-43a4-81f8-e865ae2a5be4,1816,9564937570,voice,outgoing,national,FALSE,10/01/2024 07:12:44,10/01/2024 07:20:28,464,0,P2,147,none,success,1
da056962-9c03-4ce9-9d7a-519ad969fc25,1063,9430469588,voice,outgoing,national,TRUE,07/01/2024 21:19:18,07/01/2024 21:21:08,110,0,P5,147,L9_misclass,success,1
4de7b2e3-d1d0-40d1-bc69-a7574effb271,1685,9244958208,voice,outgoing,national,TRUE,28/01/2024 02:37:38,28/01/2024 02:40:15,157,0,P0,147,none,success,1
3dd847ed-ef8d-4990-9600-337a358b7a0d,1889,9264798884,voice,incoming,national,TRUE,27/01/2024 19:49:42,27/01/2024 19:50:39,57,0,P0,147,none,success,1
80e013d9-1082-4a0f-bdb3-94a2d3f418de,1174,9939228197,voice,outgoing,national,TRUE,11/01/2024 06:25:38,11/01/2024 06:31:57,379,0,P4,147,none,success,1
b2778102-470d-48a0-8200-9ef786110df5,1149,9489954458,data,incoming,national,TRUE,13/01/2024 23:42:26,13/01/2024 23:47:19,0,41.74,P3,148,none,success,1
b3d2ac86-2d18-4adb-9d1e-bcc3ad108dc6,1870,9305398687,sms,incoming,national,FALSE,20/01/2024 14:54:27,20/01/2024 15:01:18,0,0,P3,148,none,success,1
443a5640-ff14-401d-9af2-2731e715e48b,1822,9897791273,sms,incoming,national,FALSE,02/01/2024 00:47:31,02/01/2024 00:56:15,0,0,P1,148,none,success,1
d13871b5-1916-4d1c-9c94-6022e65c595c,1836,9874244059,sms,outgoing,national,FALSE,14/01/2024 15:30:33,14/01/2024 15:37:22,0,0,P1,148,none,success,1
b1888501-8bb9-470e-b5f2-557789a21b46,1515,9540878989,voice,incoming,national,TRUE,04/01/2024 12:28:36,04/01/2024 12:29:51,75,0,P2,148,none,success,1
8210d808-5c7d-427b-85c5-bd4def2446ae,1398,9376004181,voice,incoming,international,TRUE,25/01/2024 11:49:53,25/01/2024 11:58:11,498,0,P3,148,none,success,1