cdr_id,subscriber_id,event_time,leakage_type,event_date,month,year
3f61b183-665e-4d77-8a0c-2b90e37eb80e,1828,01/01/2024 04:39:42,L1,01/01/2024,1,2024
d978d062-d57e-4770-90a7-cb4ccf4d9a15,1415,01/01/2024 06:08:14,L1,01/01/2024,1,2024
30639bcb-b33a-42bd-878f-c5ddd10aba92,1106,01/01/2024 18:05:38,L1,01/01/2024,1,2024
a24ed6eb-7138-4e40-afa0-df119a1a4467,1598,01/01/2024 23:08:35,L1,01/01/2024,1,2024
93bb19c8-ddde-43cc-86ce-b52235894d52,1250,01/01/2024 07:52:42,L1,01/01/2024,1,2024
3cb7c95d-03ee-415d-a2b1-f4b73d01ed25,1490,01/01/2024 02:59:08,L1,01/01/2024,1,2024
ba2f02e7-5b4c-44e8-982e-98cb31045e70,1027,01/01/2024 08:53:48,L1,01/01/2024,1,2024
75fd6c23-bb9e-4203-a95c-b445a7760d0c,1700,01/01/2024 00:54:02,L1,01/01/2024,1,2024
f1b49c0b-7b35-4019-a4ce-2e82cff9b709,1077,01/01/2024 04:53:11,L1,01/01/2024,1,2024
5c0cbe96-2b14-4f3f-9705-fee11a21dd17,1090,01/01/2024 08:51:51,L1,01/01/2024,1,2024
72f5e787-e40b-48e2-9306-5a36c5bfe872,1774,01/01/2024 11:14:43,L1,01/01/2024,1,2024
c342735d-fe1f-4e4e-bee0-de47f3880217,1749,01/01/2024 19:12:09,L1,01/01/2024,1,2024
ef0f2139-c5ad-479c-a7ae-1aaf2c112d40,1503,01/01/2024 23:22:23,L1,01/01/2024,1,2024
e0fa2d15-bdc5-44f4-96a6-35a81904ea25,1014,01/01/2024 18:38:46,L1,01/01/2024,1,2024
6ec42043-9979-46bc-94e1-bec22680857d,1849,01/01/2024 07:08:52,L1,01/01/2024,1,2024
a28db02d-6c2d-46af-8f03-f304a4d45bb1,1134,01/01/2024 17:11:06,L1,01/01/2024,1,2024
956f2a81-c7e5-4175-a316-d1b898895b9e,1476,01/01/2024 09:18:24,L1,01/01/2024,1,2024
eb50c0f9-6279-4b0e-b605-08bd972ab57c,1725,01/01/2024 19:57:01,L1,01/01/2024,1,2024
ea1a53da-9628-4dc4-8df9-002944b12b46,1880,01/01/2024 19:25:59,L1,01/01/2024,1,2024
a9a4d337-e9cc-46f5-9e75-86697c05d010,1707,01/01/2024 04:05:10,L1,01/01/2024,1,2024
af02b530-f426-4d37-a4da-64bbb93f0a46,1150,02/01/2024 11:13:59,L1,02/01/2024,1,2024
3a5bcd0f-f3ad-4907-a5f3-3088f39ba742,1005,02/01/2024 15:50:46,L1,02/01/2024,1,2024
897b22f8-1a35-4dc5-8ffe-285429aaec68,1471,02/01/2024 14:51:41,L1,02/01/2024,1,2024
e31ca22e-39e6-469a-b9e5-b827cf5fa91f,1526,02/01/2024 18:09:04,L1,02/01/2024,1,2024
f1ac4f96-a834-47f1-b134-243b11e5a52b,1770,02/01/2024 16:37:11,L1,02/01/2024,1,2024
20cab01f-a75d-4148-8432-3651daf9501a,1161,02/01/2024 17:15:50,L1,02/01/2024,1,2024
0e1a2e64-dd2f-4a8b-aea4-2989815115c9,1711,02/01/2024 07:09:26,L1,02/01/2024,1,2024
3d2e9a39-7a0c-4137-80af-d2d8991da27d,1949,02/01/2024 02:20:40,L1,02/01/2024,1,2024
9788ce56-55bb-4861-9124-6775fea75ffb,1656,02/01/2024 16:05:44,L1,02/01/2024,1,2024
bfd070e0-5c11-4592-bfe9-d26fe527df06,1223,02/01/2024 12:54:46,L1,02/01/2024,1,2024
d93bdc79-fa3c-40a1-b57f-67f8d4b3ac30,1695,02/01/2024 13:46:16,L1,02/01/2024,1,2024
56d73990-cc6c-47e8-add1-91b372e1057b,1878,02/01/2024 18:50:34,L1,02/01/2024,1,2024
c1a0da98-3213-4abf-9f66-6eb7410d4510,1626,02/01/2024 04:36:01,L1,02/01/2024,1,2024
0c0cfc41-66a6-4950-ae0a-38994a6c2896,1240,03/01/2024 00:43:30,L1,03/01/2024,1,2024
1cf44e58-c9d4-44e5-9df8-91ac3b38be95,1330,03/01/2024 10:33:49,L1,03/01/2024,1,2024
b90fbf85-601c-4052-aa04-595d59b2359d,1351,03/01/2024 09:51:55,L1,03/01/2024,1,2024
80959ba0-a01f-42c2-88f4-f8f19e1bac30,1792,03/01/2024 14:49:50,L1,03/01/2024,1,2024
14935cda-fe3f-4fa9-ba12-cfdf79a2f052,1394,03/01/2024 06:52:03,L1,03/01/2024,1,2024
2dd4bf68-a5ff-4e1e-93ed-c43c95af1850,1343,03/01/2024 21:37:53,L1,03/01/2024,1,2024
f8f46576-4f23-49d3-a30b-645e1df3ce04,1874,03/01/2024 23:14:31,L1,03/01/2024,1,2024
20224bb4-d554-4449-8e15-83253600afee,1059,03/01/2024 12:40:40,L1,03/01/2024,1,2024
eddfa437-8ab6-4b65-84f7-cebf7c817302,1401,03/01/2024 17:52:27,L1,03/01/2024,1,2024
237d21c3-0ee5-4ca1-9954-201b0e28ae60,1769,03/01/2024 03:22:50,L1,03/01/2024,1,2024
36c5f652-8fe9-4db6-878e-077c1e5b0cbb,1427,03/01/2024 12:41:32,L1,03/01/2024,1,2024
89ca737a-2689-424b-b437-0b2d0282a96e,1046,04/01/2024 19:01:08,L1,04/01/2024,1,2024
bf632e87-1921-4d63-b8de-d1db98e10944,1310,04/01/2024 23:16:46,L1,04/01/2024,1,2024
fc2d9676-c6c5-4b8b-8d89-a6645945fcfd,1483,04/01/2024 21:19:14,L1,04/01/2024,1,2024
6e5aad05-14a8-4ef8-98fa-3e636525584e,1344,04/01/2024 03:15:43,L1,04/01/2024,1,2024
1f83bba5-2ea3-473c-9f4a-ff0020591e7e,1460,04/01/2024 20:32:03,L1,04/01/2024,1,2024
93fea360-7319-4994-8b00-2cbaa5955369,1717,04/01/2024 18:53:51,L1,04/01/2024,1,2024
9a4eedfc-b17f-4bac-b8b8-9602ff889abf,1863,04/01/2024 03:40:18,L1,04/01/2024,1,2024
47ecb73d-4df6-45f2-8f5f-2e971dfcdb57,1897,04/01/2024 22:15:26,L1,04/01/2024,1,2024
ad3ae151-07bf-44fc-9604-42bcbda5eaf1,1336,04/01/2024 16:34:47,L1,04/01/2024,1,2024
c26f65c5-9b4c-4820-b357-b9afb7695eea,1380,04/01/2024 11:50:04,L1,04/01/2024,1,2024
b64cb9c5-4862-46c9-bac1-c57f5f92288a,1624,04/01/2024 16:23:10,L1,04/01/2024,1,2024
f15852aa-9a16-40c4-a56d-e2adecabc998,1797,04/01/2024 11:31:53,L1,04/01/2024,1,2024
991a53c5-8fb4-48d7-9063-8f2be3140530,1774,04/01/2024 13:27:47,L1,04/01/2024,1,2024
517a959a-e813-4b2a-afb2-ed11d3e8ba98,1001,04/01/2024 04:12:20,L1,04/01/2024,1,2024
927841f2-ac4a-4c6f-a204-283830354e5f,1504,04/01/2024 16:01:08,L1,04/01/2024,1,2024
e8d6ec90-5643-4ebc-9871-813ba667098b,1255,04/01/2024 06:43:12,L1,04/01/2024,1,2024
c5e83591-dd0b-491d-8757-99340667e63a,1840,04/01/2024 06:52:19,L1,04/01/2024,1,2024
5faa35a1-455a-4988-990b-9d28a76216ff,1409,04/01/2024 18:02:28,L1,04/01/2024,1,2024
9db2d008-829e-40a4-80d1-ff4f502ea420,1668,04/01/2024 12:17:50,L1,04/01/2024,1,2024
27f4e064-c053-4fda-8d90-00491518634a,1672,04/01/2024 09:51:47,L1,04/01/2024,1,2024
9a0be7e7-760e-4300-8998-dc47dfee441a,1294,04/01/2024 22:47:36,L1,04/01/2024,1,2024
53b364c7-1633-4947-b4e5-b698a4119b67,1450,04/01/2024 11:44:57,L1,04/01/2024,1,2024
e2d551d0-338f-4be6-98fb-f4da761ee593,1727,05/01/2024 02:10:12,L1,05/01/2024,1,2024
4fb3d2ce-e533-4c2a-9dc7-d76d4f154373,1820,05/01/2024 04:37:19,L1,05/01/2024,1,2024
a0ce39e2-5aa5-4417-881e-49ab8f0e2db5,1641,05/01/2024 03:44:27,L1,05/01/2024,1,2024
1c640200-b6f3-4736-9eef-b47d67f2122d,1256,05/01/2024 13:31:37,L1,05/01/2024,1,2024
e24498d4-00aa-49c6-ab50-8ae45d343f15,1436,05/01/2024 04:35:25,L1,05/01/2024,1,2024
abd243b5-ca60-43da-9d0a-081866730e46,1816,05/01/2024 12:57:04,L1,05/01/2024,1,2024
e8a17cfc-efbc-401b-a581-3db7cb495086,1820,05/01/2024 22:31:41,L1,05/01/2024,1,2024
cabacf84-81d7-4aa6-8e21-bdc3ba09d5ba,1975,05/01/2024 17:02:15,L1,05/01/2024,1,2024
04b5f4eb-2658-4aec-896f-4464c626b89f,1488,05/01/2024 13:45:12,L1,05/01/2024,1,2024
999b4d5d-1977-45da-9ec7-e4167ab22264,1647,05/01/2024 04:12:31,L1,05/01/2024,1,2024
825d98d9-55cd-4759-9e2a-ab1a29668faf,1875,05/01/2024 03:33:43,L1,05/01/2024,1,2024
f55c3c1d-39d9-42c1-87f5-a8dc08cfb52f,1943,05/01/2024 07:12:48,L1,05/01/2024,1,2024
35c0e2af-1453-4a54-a496-9dcfe6ddfa0c,1922,05/01/2024 18:01:00,L1,05/01/2024,1,2024
821cd0a8-432b-4611-af03-a5895c034e16,1022,05/01/2024 12:40:36,L1,05/01/2024,1,2024
e6841074-2549-4cf9-94e3-7c5373fc7d01,1719,05/01/2024 02:39:15,L1,05/01/2024,1,2024
f1185359-dd93-4e01-bfe6-00a44209f646,1403,05/01/2024 13:42:33,L1,05/01/2024,1,2024
81d2542a-4c4c-45d6-b744-7e7fb4cf1048,1518,05/01/2024 18:18:01,L1,05/01/2024,1,2024
f8acbe8e-e86c-4eee-9489-59d315b1d0ef,1227,05/01/2024 00:36:04,L1,05/01/2024,1,2024
a3c84435-f3fe-46df-a9cc-a845154ea11c,1412,05/01/2024 08:19:48,L1,05/01/2024,1,2024
0fe78ae0-1932-44b9-8539-2eced42f4d6b,1732,06/01/2024 23:54:54,L1,06/01/2024,1,2024
ac09424c-8194-4e46-ac00-955fe32628b7,1498,06/01/2024 08:41:55,L1,06/01/2024,1,2024
6a709024-e693-4aaf-9144-366145efa53b,1395,06/01/2024 11:08:44,L1,06/01/2024,1,2024
2e9c1f92-7c1b-4268-bddf-94dce3e20305,1639,06/01/2024 21:52:50,L1,06/01/2024,1,2024
84506f06-9eec-4c53-be56-c0128ddab152,1683,06/01/2024 23:12:04,L1,06/01/2024,1,2024
3d29ffe7-7c80-414f-829d-93b35aadaaef,1274,06/01/2024 06:54:53,L1,06/01/2024,1,2024
863c8ef7-6cf2-4fb1-af06-80d942fc944e,1799,06/01/2024 20:56:26,L1,06/01/2024,1,2024
9b7ec09e-9505-40cb-bb32-c702732259ab,1990,06/01/2024 01:56:39,L1,06/01/2024,1,2024
5cbc7a8b-5e33-454f-81e3-33356bc969df,1796,06/01/2024 02:26:36,L1,06/01/2024,1,2024
458d948b-c0d9-4b09-a76a-0e95310a973e,1741,06/01/2024 13:27:49,L1,06/01/2024,1,2024
b340dd39-7d60-4b5c-a788-ec6f9ba633f3,1463,06/01/2024 06:38:29,L1,06/01/2024,1,2024
2df1b674-8961-476b-99b6-fa6c47e6c70e,1715,06/01/2024 02:16:34,L1,06/01/2024,1,2024
56a88105-8191-4595-9a06-f586c1e58074,1608,06/01/2024 00:18:35,L1,06/01/2024,1,2024
0a770e40-cbfc-4e2d-8313-dd337b371293,1122,06/01/2024 00:53:02,L1,06/01/2024,1,2024
68b27dc6-e728-4f70-b6c5-14fdcd3cfcc4,1973,06/01/2024 23:05:23,L1,06/01/2024,1,2024
5370bec5-be1f-4658-a8d7-8f3274d26292,1780,06/01/2024 14:15:39,L1,06/01/2024,1,2024
36272537-00d6-4568-b9e4-986aff1b2aea,1678,06/01/2024 06:06:15,L1,06/01/2024,1,2024
8f92e19f-98eb-4d9f-a737-cd787e4116cb,1150,06/01/2024 21:20:01,L1,06/01/2024,1,2024
f15d28d7-0d2d-4604-95c6-14f08c5709fd,1619,06/01/2024 16:03:09,L1,06/01/2024,1,2024
2b5795b1-5a0a-4661-8bcf-e76b7525854a,1782,06/01/2024 03:31:13,L1,06/01/2024,1,2024
a8e1e0aa-4401-47d9-9958-7afe1e5ede2b,1343,07/01/2024 15:52:53,L1,07/01/2024,1,2024
771de0db-66dc-4bec-a295-4df72b71a0dd,1491,07/01/2024 22:51:09,L1,07/01/2024,1,2024
c76b992a-73bf-4e98-bbfd-42fe75e1311d,1078,07/01/2024 18:34:33,L1,07/01/2024,1,2024
3cc5c18d-0133-4143-896b-992e1371daf3,1809,07/01/2024 14:31:55,L1,07/01/2024,1,2024
8f19009d-8bb8-4428-aa81-79ea2c6399b8,1450,07/01/2024 18:48:57,L1,07/01/2024,1,2024
7dd12512-6f34-414f-b838-fe5720a4e94e,1465,07/01/2024 22:00:16,L1,07/01/2024,1,2024
67dd403d-cd20-4181-bfb5-0c8270a68b30,1901,07/01/2024 06:11:30,L1,07/01/2024,1,2024
0921afe3-6720-432f-b580-9b3dd0e823ce,1971,07/01/2024 06:16:19,L1,07/01/2024,1,2024
807e0772-a44b-4b03-910f-355f36826b2c,1989,07/01/2024 17:08:00,L1,07/01/2024,1,2024
1f61bab6-e442-4bc0-9d0d-b522b46a1ffe,1169,07/01/2024 09:18:52,L1,07/01/2024,1,2024
31ac42ab-2875-4432-9604-94ed1a03738f,1394,07/01/2024 16:33:13,L1,07/01/2024,1,2024
1f2b91bb-e9ec-438d-8dde-f23f6c33a35e,1961,07/01/2024 10:39:06,L1,07/01/2024,1,2024
243381af-30bc-4bed-b9c3-53784c6fd767,1602,07/01/2024 21:08:04,L1,07/01/2024,1,2024
c60e60d5-aedf-47e1-a182-b980f4d5bf0f,1230,07/01/2024 00:35:26,L1,07/01/2024,1,2024
b0241ce4-ade7-40a1-9de2-87c7dd4606c9,1790,08/01/2024 18:44:57,L1,08/01/2024,1,2024
813f4214-fd28-4abd-986f-c4ff5bb2dc9d,1238,08/01/2024 07:09:19,L1,08/01/2024,1,2024
056d8820-68f0-495a-aba3-154d740e3d56,1466,08/01/2024 09:38:52,L1,08/01/2024,1,2024
583d542b-d9ed-412a-a132-e746c97a318c,1110,08/01/2024 01:33:29,L1,08/01/2024,1,2024
6a4ffab3-d0d1-4325-baf6-f2fbbfd614c1,1322,08/01/2024 19:31:00,L1,08/01/2024,1,2024
8fc9c0c8-2869-4090-9c20-2695f1710eb7,1096,08/01/2024 09:51:47,L1,08/01/2024,1,2024
62b74359-4e36-4e08-98a0-2b000c483952,1440,08/01/2024 10:55:54,L1,08/01/2024,1,2024
11f8c9ef-1f36-4b8a-afb8-c4a2bc9aa3dc,1304,08/01/2024 06:58:20,L1,08/01/2024,1,2024
7142e7e3-c832-48d2-ab71-cb4ff27d3a4d,1064,08/01/2024 20:11:51,L1,08/01/2024,1,2024
97088919-7473-4a99-beed-bab2281a4c92,1075,08/01/2024 22:28:55,L1,08/01/2024,1,2024
2183c56f-bb6f-4b17-b561-b51a9d53879d,1794,08/01/2024 22:15:50,L1,08/01/2024,1,2024
180abf95-c08c-44ff-a492-6b196a358a29,1125,08/01/2024 14:37:52,L1,08/01/2024,1,2024
b6f96a41-bf46-4191-9b40-9a840d018b53,1131,08/01/2024 18:45:20,L1,08/01/2024,1,2024
7db5d95d-c83e-4711-a184-d640395e4dec,1068,08/01/2024 06:19:15,L1,08/01/2024,1,2024
433fffe8-511a-4977-8299-b0bd9e3ae894,1676,08/01/2024 12:45:28,L1,08/01/2024,1,2024
8e0177d6-4ff3-42d1-a267-16dd7d5cc190,1692,09/01/2024 05:01:40,L1,09/01/2024,1,2024
a0b0a0ef-ef97-473e-aa37-3377f7cdfcc2,1595,09/01/2024 15:54:36,L1,09/01/2024,1,2024
c81b8872-bb26-4829-bd6d-fd4ef702f541,1407,09/01/2024 04:30:58,L1,09/01/2024,1,2024
5c356316-cb97-43f9-a0b6-80256a110bcc,1408,09/01/2024 12:49:35,L1,09/01/2024,1,2024
6fb5d585-8552-44fe-bd79-0a4ce34c55f3,1435,09/01/2024 01:39:48,L1,09/01/2024,1,2024
42c259b2-94c7-4827-ad11-c09a7b5995ac,1772,09/01/2024 19:13:20,L1,09/01/2024,1,2024
43e755bd-4e4d-4c61-b45a-eea4040adbd5,1465,09/01/2024 01:26:41,L1,09/01/2024,1,2024
23baa455-3f0d-4d93-a7c4-68b728b82ea4,1542,09/01/2024 23:00:07,L1,09/01/2024,1,2024
4c352b55-71f2-42b7-b208-85298e768aa9,1629,09/01/2024 23:45:04,L1,09/01/2024,1,2024
272de1d2-59a6-4961-94c1-21bc9ffa9b91,1324,09/01/2024 00:36:00,L1,09/01/2024,1,2024
3dbf9d74-dfcf-47b4-b1d3-1fdcf6cf9e66,1507,09/01/2024 15:22:53,L1,09/01/2024,1,2024
91838913-dca5-487c-9fbe-97be3df356b9,1753,09/01/2024 07:00:13,L1,09/01/2024,1,2024
40a966bd-c7bc-4d2c-b554-f059087e49bc,1351,09/01/2024 14:02:24,L1,09/01/2024,1,2024
78e69abc-e595-4419-81ba-a7601bee3e9a,1019,09/01/2024 22:44:25,L1,09/01/2024,1,2024
8b4824b8-c7a1-440c-888f-1281f5acb28d,1719,09/01/2024 01:53:05,L1,09/01/2024,1,2024
a8f35505-b06d-4ee8-a102-5e4d8c5f19a4,1754,09/01/2024 14:11:28,L1,09/01/2024,1,2024
d841fc53-4b79-40ac-8402-b47bafd02217,1973,09/01/2024 01:13:22,L1,09/01/2024,1,2024
ba611832-e8f7-4215-b144-7a933f571589,1025,09/01/2024 01:13:01,L1,09/01/2024,1,2024
b3b7083c-f38f-478f-9cd3-37c262894d6e,1503,09/01/2024 21:45:17,L1,09/01/2024,1,2024
e68f8b8e-37a1-4b36-af36-e8c0f5cfa652,1585,10/01/2024 05:02:14,L1,10/01/2024,1,2024
fc95b08d-c8f9-4be6-8aa2-f5cb225131f7,1925,10/01/2024 01:24:28,L1,10/01/2024,1,2024
a4eb2606-0343-407f-8aa3-52eab103821d,1549,10/01/2024 04:48:29,L1,10/01/2024,1,2024
e4adbc9e-e69f-4805-a592-542ab9f724d6,1777,10/01/2024 06:46:26,L1,10/01/2024,1,2024
1497289a-0b89-4531-99ed-fd5c5699a86d,1308,10/01/2024 12:08:19,L1,10/01/2024,1,2024
57f584aa-5e02-4142-9818-f5ad70bab4ad,1953,10/01/2024 00:00:58,L1,10/01/2024,1,2024
b04e4416-87f2-4f0d-8f22-630a95d071a2,1763,10/01/2024 10:53:01,L1,10/01/2024,1,2024
13289b6e-2dce-4a9f-bc2e-fe8adb3752cd,1532,10/01/2024 21:02:38,L1,10/01/2024,1,2024
aac15b3c-fa19-4ba2-9b5a-dc6f742604ae,1384,10/01/2024 12:13:49,L1,10/01/2024,1,2024
f0aaa680-7baf-4c5d-a19f-5597132148a2,1954,10/01/2024 05:56:48,L1,10/01/2024,1,2024
7f6966fd-7b16-4c09-b5af-73fda23e3bab,1481,10/01/2024 15:09:35,L1,10/01/2024,1,2024
b0f967c4-98b5-4655-bef5-29ede2b3b383,1278,10/01/2024 08:54:45,L1,10/01/2024,1,2024
08819e2c-8a9a-43c9-a355-59a4795e8668,1489,10/01/2024 16:34:15,L1,10/01/2024,1,2024
4749e3ab-d12a-4c16-ade4-b80a0ca81f34,1675,10/01/2024 08:27:47,L1,10/01/2024,1,2024
fe220758-c23a-46f0-8eb8-c546889ffa01,1935,10/01/2024 07:29:01,L1,10/01/2024,1,2024
2bbdef00-79f0-4054-a174-5bb5933e521b,1864,11/01/2024 12:42:29,L1,11/01/2024,1,2024
4830fd38-8206-4bee-a08d-60a99477774a,1601,11/01/2024 22:13:30,L1,11/01/2024,1,2024
f0c5c14e-21ee-48f6-8c27-0116c86c2a96,1025,11/01/2024 03:21:32,L1,11/01/2024,1,2024
5ac80552-5904-4a5c-bf6e-0ed9555a39e6,1813,11/01/2024 20:19:35,L1,11/01/2024,1,2024
c75314f4-99cb-46be-9c86-f590cd377c48,1324,11/01/2024 04:36:41,L1,11/01/2024,1,2024
7258506b-a296-4138-bd2d-83fd838980a9,1647,11/01/2024 07:42:32,L1,11/01/2024,1,2024
e0b9d733-890c-4cbb-b70f-ea62f1ae0168,1983,11/01/2024 21:27:15,L1,11/01/2024,1,2024
570ff51c-5f5d-42c0-b85e-9d34efb9f2af,1136,11/01/2024 13:18:51,L1,11/01/2024,1,2024
0ba1d1f4-91cd-468b-95bc-7fc472275423,1015,11/01/2024 00:06:22,L1,11/01/2024,1,2024
c4f5839d-906a-439e-a27b-9847290af02a,1230,11/01/2024 07:32:54,L1,11/01/2024,1,2024
f74123c7-8c49-44f2-adbb-b1c949b5ef3e,1799,11/01/2024 07:39:14,L1,11/01/2024,1,2024
2b7ffe12-f842-4e15-83e1-5e80693bcbeb,1652,11/01/2024 14:47:31,L1,11/01/2024,1,2024
a3cfb9e1-f00b-465e-970d-3e1e6a7e2b57,1948,11/01/2024 15:07:35,L1,11/01/2024,1,2024
5d6a616b-6da2-4083-9bfe-68ce84d3af54,1013,11/01/2024 14:23:59,L1,11/01/2024,1,2024
3be94d8e-1191-4e71-8713-001f4dd7f56f,1112,11/01/2024 11:54:59,L1,11/01/2024,1,2024
f5dbb86f-2560-4efd-a182-cbce34938492,1316,11/01/2024 07:52:38,L1,11/01/2024,1,2024
6149ccbe-b3eb-42d6-953a-a2cb761de363,1179,11/01/2024 09:35:14,L1,11/01/2024,1,2024
6c1d3058-27a9-47e4-8375-c21a60ea1342,1446,12/01/2024 10:19:42,L1,12/01/2024,1,2024
a46448e4-3b6a-4498-b8be-7783a2969847,1304,12/01/2024 00:55:11,L1,12/01/2024,1,2024
9a3d03d6-3c9f-487f-b4c5-184519a5e85b,1623,12/01/2024 14:02:54,L1,12/01/2024,1,2024
c2e58d3a-1a11-4711-8db3-e8711b383edf,1425,12/01/2024 09:01:02,L1,12/01/2024,1,2024
1c7db438-bd6f-4f6e-a394-18117d2620af,1023,12/01/2024 19:27:39,L1,12/01/2024,1,2024
f3fa0999-5fa5-4a57-9a00-07dac03d1900,1254,12/01/2024 17:43:03,L1,12/01/2024,1,2024
fa8ea4f3-d528-4478-91a2-0649cc387de2,1067,12/01/2024 04:39:13,L1,12/01/2024,1,2024
783e9b2e-618a-4632-82bc-9c66ac0a5c0a,1709,12/01/2024 07:17:50,L1,12/01/2024,1,2024
787b929b-bb5f-4ca8-a13c-f67e075550d6,1021,12/01/2024 07:10:10,L1,12/01/2024,1,2024
6517915f-f245-4701-ae15-1b5c5ca967ff,1658,12/01/2024 13:58:36,L1,12/01/2024,1,2024
2aae1377-3b4c-430f-b274-78c253e7736e,1505,12/01/2024 18:06:09,L1,12/01/2024,1,2024
dcef7ffd-ae72-43a3-9b14-63423375dd6d,1360,12/01/2024 20:44:47,L1,12/01/2024,1,2024
bf551daf-9f96-4f42-8d47-86fdbe71ebbb,1127,12/01/2024 03:08:22,L1,12/01/2024,1,2024
c2e485ad-8b45-4391-9515-2f3b99c9d34c,1251,12/01/2024 17:32:24,L1,12/01/2024,1,2024
7146c017-53af-486b-9167-98bcd8fe1cbe,1674,13/01/2024 04:04:18,L1,13/01/2024,1,2024
9bfd7250-c015-4c01-99e7-06bf0da16484,1230,13/01/2024 11:24:36,L1,13/01/2024,1,2024
c5d9af25-d04d-47d3-9853-e43d7641dc42,1530,13/01/2024 17:03:03,L1,13/01/2024,1,2024
c33ca36f-06c9-4d08-8d04-3c1ac71228a9,1867,13/01/2024 04:25:16,L1,13/01/2024,1,2024
d25b04f0-f949-446a-85ce-47d86d9477bf,1829,13/01/2024 08:07:27,L1,13/01/2024,1,2024
982f6839-feeb-4b81-a53e-d74b84496537,1908,13/01/2024 03:22:04,L1,13/01/2024,1,2024
2cb9ac6d-8809-4857-b477-d1d4d570aea8,1324,13/01/2024 20:08:24,L1,13/01/2024,1,2024
4624be5b-cc3f-41ae-90b2-dfe9dac37cf0,1981,13/01/2024 12:58:53,L1,13/01/2024,1,2024
25da464f-c0c3-4dca-8e43-4da5dc5a8105,1831,13/01/2024 10:07:47,L1,13/01/2024,1,2024
2b752d42-21c3-48ee-9e2f-00ce11e5dedb,1861,13/01/2024 01:40:08,L1,13/01/2024,1,2024
d4479b0e-2546-496a-94ff-13b3698a5fb2,1515,13/01/2024 00:25:56,L1,13/01/2024,1,2024
da5a15e1-4c12-4955-9992-adb9facd443e,1448,14/01/2024 05:44:29,L1,14/01/2024,1,2024
3a8bda80-f79e-496e-93bd-14e3ce1b7c4c,1938,14/01/2024 00:50:53,L1,14/01/2024,1,2024
8d0f481c-c110-44c6-b7cc-b4a51a2bf660,1077,14/01/2024 10:06:10,L1,14/01/2024,1,2024
3e7fbc59-9581-4e2a-8aaf-bed7fd8167bb,1078,14/01/2024 14:38:20,L1,14/01/2024,1,2024
b104f7ca-3215-42e2-a377-3a813f072398,1829,14/01/2024 11:37:42,L1,14/01/2024,1,2024
fbafead3-3e7d-4ba5-a870-daa090d6f9b8,1280,14/01/2024 16:57:20,L1,14/01/2024,1,2024
a3609e20-efb9-4f28-b168-e41cf80014ee,1036,14/01/2024 21:04:52,L1,14/01/2024,1,2024
f53c37fe-c872-401f-b98f-b9bb9bc27cb7,1283,14/01/2024 17:20:40,L1,14/01/2024,1,2024
be709018-a033-4ba5-89fa-3313abffa043,1406,14/01/2024 05:31:54,L1,14/01/2024,1,2024
ab441801-6ab7-42c6-8107-ae922e9ec10a,1410,14/01/2024 06:32:32,L1,14/01/2024,1,2024
6da6f589-6215-4d97-b570-4bf80d1fbb93,1452,15/01/2024 06:51:00,L1,15/01/2024,1,2024
e7b2b4e3-bbf9-414c-8a37-345f7f89a88c,1061,15/01/2024 16:14:16,L1,15/01/2024,1,2024
97b66820-564f-4cfe-adcf-d9b7940d58d6,1154,15/01/2024 12:33:38,L1,15/01/2024,1,2024
10db3911-11c1-4284-bda9-34299c580439,1237,15/01/2024 16:57:31,L1,15/01/2024,1,2024
74aaa533-5d52-489f-b0c0-4685ffbd492a,1651,15/01/2024 18:20:27,L1,15/01/2024,1,2024
4bcbbf28-2c28-41c3-9bbb-56cc798fbb99,1634,15/01/2024 04:37:07,L1,15/01/2024,1,2024
d345df78-ecb8-4943-9df8-0e851fa8335f,1312,15/01/2024 04:04:03,L1,15/01/2024,1,2024
b0b136f6-454d-499e-9cca-9863c16bcb5e,1079,15/01/2024 10:01:49,L1,15/01/2024,1,2024
cbd3de10-9c9c-4b3e-a934-6c2263b97e6a,1580,15/01/2024 05:31:02,L1,15/01/2024,1,2024
ae62781d-b6d0-456f-b30c-450c248a3120,1357,15/01/2024 06:06:30,L1,15/01/2024,1,2024
25cdafb5-9540-4499-9da9-cf143e7cf31b,1428,15/01/2024 11:31:07,L1,15/01/2024,1,2024
f26003af-6829-427a-b352-21f60eb7b63d,1769,15/01/2024 17:29:59,L1,15/01/2024,1,2024
44846433-8e94-4f92-b70a-959088ba6422,1175,15/01/2024 22:42:03,L1,15/01/2024,1,2024
e78e7b41-f9b3-4ed3-ac2b-abf4139660ee,1970,15/01/2024 21:29:57,L1,15/01/2024,1,2024
a5b9ce21-5e62-4738-b4d4-d5096bddd4cc,1099,15/01/2024 04:32:57,L1,15/01/2024,1,2024
840c5ff1-39fe-4a66-956c-69103f30bfcd,1292,15/01/2024 01:23:44,L1,15/01/2024,1,2024
662bad45-7fd7-4fc2-b969-f4f83617aadb,1070,16/01/2024 16:02:03,L1,16/01/2024,1,2024
1ddf7b7f-686b-468f-87e8-6d96f437da1a,1166,16/01/2024 13:03:48,L1,16/01/2024,1,2024
42d1e759-22a6-4c72-8331-5aac564c0f79,1920,16/01/2024 08:24:53,L1,16/01/2024,1,2024
7cf9dd19-8399-4189-aeed-e7bc8229a0c5,1765,16/01/2024 21:41:52,L1,16/01/2024,1,2024
0251f207-c27a-484f-b849-6cda760a0a2b,1243,16/01/2024 16:59:49,L1,16/01/2024,1,2024
0cdda7c9-4895-44d4-87bd-a28e7ae3502b,1646,16/01/2024 21:25:05,L1,16/01/2024,1,2024
61ce0a20-680c-422a-ac4e-3322129d5629,1232,16/01/2024 08:10:06,L1,16/01/2024,1,2024
9371e23a-c3ff-47bc-bbdf-bd74ef0c1dcc,1225,16/01/2024 21:41:30,L1,16/01/2024,1,2024
9217700e-f196-42b3-aae7-b39ee41e6e20,1512,16/01/2024 00:53:59,L1,16/01/2024,1,2024
5e1a886e-32ba-438c-937a-b28e7ae47842,1149,16/01/2024 07:26:39,L1,16/01/2024,1,2024
2691b452-f820-43ec-8b7d-fd66e840b432,1192,16/01/2024 18:46:06,L1,16/01/2024,1,2024
0f1d9848-1de6-44a5-a3ed-418247e1d48e,1222,16/01/2024 13:13:33,L1,16/01/2024,1,2024
a348c627-3983-4680-a44b-ac97547bfeb9,1006,16/01/2024 23:25:44,L1,16/01/2024,1,2024
1deebef1-58f8-4492-b079-b6e78d9496c4,1709,16/01/2024 04:57:33,L1,16/01/2024,1,2024
76eaf248-522d-4dde-9d35-649a798baed1,1180,16/01/2024 16:19:03,L1,16/01/2024,1,2024
bcc0e685-ea84-4a29-b782-4b4477edb6b6,1703,16/01/2024 04:00:06,L1,16/01/2024,1,2024
572eaf91-007e-48ba-bb53-ca5c36d52236,1839,16/01/2024 13:45:16,L1,16/01/2024,1,2024
3c989afc-bd53-4c84-992c-fea3a5d68341,1960,16/01/2024 07:05:26,L1,16/01/2024,1,2024
20b13642-3643-4806-8fcf-11e87053473d,1323,16/01/2024 09:48:37,L1,16/01/2024,1,2024
b390afae-322d-43c7-a2f2-06489bd7591d,1779,17/01/2024 13:20:43,L1,17/01/2024,1,2024
a0c20f60-70c5-4ad7-ad48-2d258c0ba64b,1218,17/01/2024 17:07:08,L1,17/01/2024,1,2024
51899869-303d-4672-baea-d24d07e0ef7d,1475,17/01/2024 10:00:45,L1,17/01/2024,1,2024
c25e2d4c-f95a-40f6-ab8d-3f669d47be90,1183,17/01/2024 00:03:21,L1,17/01/2024,1,2024
a7699406-a9ec-4b31-9a5c-af4855e46cd6,1761,17/01/2024 22:47:12,L1,17/01/2024,1,2024
40b51ee1-df4f-497a-ba2d-20e5c1fd02af,1549,17/01/2024 06:37:08,L1,17/01/2024,1,2024
a6ac44ae-16f5-4d32-886f-3e986c9c1944,1510,17/01/2024 02:28:52,L1,17/01/2024,1,2024
c30c5367-7737-4983-846a-5ee741c3709a,1729,17/01/2024 02:11:47,L1,17/01/2024,1,2024
600266a3-f87d-4d9b-9534-7ce85156b42b,1797,17/01/2024 13:37:01,L1,17/01/2024,1,2024
225ca40a-1ab3-4087-8a1a-9d7f68695490,1104,17/01/2024 11:13:30,L1,17/01/2024,1,2024
8ede2ac0-b809-4cb8-99b9-ac05b0afb228,1439,17/01/2024 15:35:28,L1,17/01/2024,1,2024
855a0ef6-e9ab-4c16-be75-6d88d0fce388,1735,17/01/2024 14:49:49,L1,17/01/2024,1,2024
e96273c3-1f9f-4e7b-965c-b640f41cf813,1625,17/01/2024 02:30:43,L1,17/01/2024,1,2024
848afbbe-9e72-40f4-aab7-c395287f236d,1264,17/01/2024 11:28:24,L1,17/01/2024,1,2024
11f5c2de-20f0-40c9-b629-1241461fe250,1838,17/01/2024 14:29:45,L1,17/01/2024,1,2024
0db4d7d2-f119-4423-9123-d680ebe820c7,1358,17/01/2024 08:05:16,L1,17/01/2024,1,2024
783ec60c-eed7-4823-a5b8-e0e7d26c4b83,1150,17/01/2024 18:44:45,L1,17/01/2024,1,2024
22be26c0-dc1e-41d0-b0e1-f658424aa201,1646,18/01/2024 09:39:53,L1,18/01/2024,1,2024
b6079953-5691-4553-8a08-c4521c143007,1343,18/01/2024 05:09:30,L1,18/01/2024,1,2024
00fc967f-0ce5-44e2-b0b4-f2f3547c89ec,1673,18/01/2024 16:43:09,L1,18/01/2024,1,2024
a41714d9-6f23-48d3-8e7f-8ced675fbeef,1953,18/01/2024 05:59:35,L1,18/01/2024,1,2024
8e6e5c30-1eeb-42f0-bab5-2a48dc69e973,1580,18/01/2024 16:30:55,L1,18/01/2024,1,2024
3f69938d-530f-4332-93bf-71352fe2136a,1076,18/01/2024 08:23:08,L1,18/01/2024,1,2024
0a33273d-ec21-4824-9c34-be00a20b0b4f,1787,18/01/2024 14:38:22,L1,18/01/2024,1,2024
59f4dacc-24e5-49fa-8080-64d86d6a6200,1788,18/01/2024 00:16:44,L1,18/01/2024,1,2024
b0821fb9-1f09-48b4-a50e-e076542f81aa,1218,18/01/2024 09:42:23,L1,18/01/2024,1,2024
ef8fd726-3aa3-4b3a-b5f1-32298041c614,1171,18/01/2024 21:45:29,L1,18/01/2024,1,2024
1e3225f1-b14f-4316-bd82-259f82b6d0eb,1272,18/01/2024 04:00:44,L1,18/01/2024,1,2024
8b9f1bf0-5549-42dd-9f39-69dcf6ec9d45,1300,18/01/2024 11:45:55,L1,18/01/2024,1,2024
bb5ca311-9ff2-4694-a019-02a396d5d96d,1685,18/01/2024 17:01:27,L1,18/01/2024,1,2024
171cb070-290f-48c9-9617-5c22fe60187b,1669,19/01/2024 00:00:59,L1,19/01/2024,1,2024
752f1554-a689-4f23-9d75-fc86482e52ea,1392,19/01/2024 16:22:54,L1,19/01/2024,1,2024
163392d2-e82e-4b9f-b0ce-7027be7b8caf,1793,19/01/2024 01:59:48,L1,19/01/2024,1,2024
2ab1dc5d-149f-4aea-b14a-23c949f87ab0,1105,19/01/2024 01:11:09,L1,19/01/2024,1,2024
e957cb81-36a7-4e3d-89b9-3546e4cf1aa5,1978,19/01/2024 14:23:11,L1,19/01/2024,1,2024
058b175a-4eac-405c-8c35-cbeab0bb94cc,1276,19/01/2024 00:50:04,L1,19/01/2024,1,2024
822fa449-df9b-476f-a6c2-9fd0a5b25bcb,1492,19/01/2024 19:02:29,L1,19/01/2024,1,2024
e3bb77f2-bb02-4521-aefb-d76573552a57,1073,19/01/2024 12:43:22,L1,19/01/2024,1,2024
2e1e788b-0a3e-421c-86aa-5ac8309c0560,1447,19/01/2024 01:15:17,L1,19/01/2024,1,2024
1d5015d6-15c3-4085-bc8c-10e8dd585ebe,1371,19/01/2024 17:33:03,L1,19/01/2024,1,2024
29a84eeb-5c38-4586-b3b9-30903f6d1380,1576,19/01/2024 20:17:55,L1,19/01/2024,1,2024
6b72303a-5a6a-4648-b2c8-6681f4907aea,1203,19/01/2024 11:18:39,L1,19/01/2024,1,2024
d3a4b5f3-0532-4b13-9d58-c7d77f932557,1382,19/01/2024 12:44:19,L1,19/01/2024,1,2024
e0db6516-4eb2-40a5-b1eb-0e31a5a3ac11,1051,19/01/2024 22:51:15,L1,19/01/2024,1,2024
51034ace-5d44-4a65-90c4-c294a18e3230,1126,19/01/2024 21:04:26,L1,19/01/2024,1,2024
66494bd0-799b-4513-b925-1cba33bb6b8e,1080,19/01/2024 15:52:03,L1,19/01/2024,1,2024
d637905e-5c94-4d8c-ab29-651f75e00139,1819,19/01/2024 16:25:10,L1,19/01/2024,1,2024
4966337b-f609-4614-9ab0-61e82cbe23fd,1645,19/01/2024 23:08:53,L1,19/01/2024,1,2024
b89fafe7-b88a-4dc3-9395-e3bca37184b7,1979,20/01/2024 11:26:06,L1,20/01/2024,1,2024
743a452c-6d97-47b4-a952-197fab505b76,1784,20/01/2024 17:05:42,L1,20/01/2024,1,2024
1b33f288-9959-4e24-aa9c-4ef611c3b914,1652,20/01/2024 09:37:26,L1,20/01/2024,1,2024
64ec2a4e-e701-42b9-a9ed-8af04ede8680,1402,20/01/2024 08:28:51,L1,20/01/2024,1,2024
0667b527-1c33-4163-bd57-368a2e63b91a,1018,20/01/2024 01:33:18,L1,20/01/2024,1,2024
5819f137-cc63-4a95-bce5-3a8574812136,1370,20/01/2024 02:17:38,L1,20/01/2024,1,2024
6120f43e-172b-44d6-866f-5323242b2efc,1998,20/01/2024 18:44:05,L1,20/01/2024,1,2024
6ead6211-1d1c-410b-bb10-a4f25621b8c0,1086,20/01/2024 08:31:15,L1,20/01/2024,1,2024
0735f681-a204-4b9b-9af9-dd087c338c62,1011,20/01/2024 10:31:04,L1,20/01/2024,1,2024
ba351332-0608-4eb0-a352-9f69204d0f20,1308,20/01/2024 13:45:07,L1,20/01/2024,1,2024
d270b937-ce11-4578-97f7-da8d0a0918cb,1255,20/01/2024 20:05:54,L1,20/01/2024,1,2024
af8e4ba4-cbb7-431a-bfba-7a340bdab9bf,1037,20/01/2024 00:54:13,L1,20/01/2024,1,2024
d46d81da-cba6-4518-9bbc-a5f2c78fb3d5,1731,20/01/2024 01:32:38,L1,20/01/2024,1,2024
8940e4a3-8282-45b3-b489-92339e2d7ecd,1793,20/01/2024 07:56:55,L1,20/01/2024,1,2024
b29c397f-1b17-4550-9a05-51a5e553b48d,1882,20/01/2024 13:20:18,L1,20/01/2024,1,2024
f7d217c9-9025-4cbe-9161-b0518846eb66,1499,20/01/2024 19:34:58,L1,20/01/2024,1,2024
129ebc98-4ff5-406b-a900-918bcbe6ed99,1937,20/01/2024 14:21:46,L1,20/01/2024,1,2024
45d9c833-8f30-4ba9-a794-c24d6a72e58c,1484,20/01/2024 21:01:02,L1,20/01/2024,1,2024
bc990d02-f79b-47db-bb98-f7b97557af14,1943,20/01/2024 11:12:07,L1,20/01/2024,1,2024
35fde95d-c0ac-4b12-af93-ea78ae053caf,1282,21/01/2024 09:09:02,L1,21/01/2024,1,2024
dae7d2bb-fec7-4216-8f2d-255969b03023,1545,21/01/2024 21:23:57,L1,21/01/2024,1,2024
13f9daf8-1883-4050-a98b-f62c298f395a,1442,21/01/2024 17:32:03,L1,21/01/2024,1,2024
ff98a7b8-69ff-417d-a7ba-cdacb9a560b9,1752,21/01/2024 10:37:48,L1,21/01/2024,1,2024
a8ba455f-ba91-4590-b468-3e1e51796e78,1037,21/01/2024 17:28:26,L1,21/01/2024,1,2024
66f8f89a-2a86-4ee7-893a-9e90057c7472,1060,21/01/2024 21:51:06,L1,21/01/2024,1,2024
a7df7bb5-a75c-4368-b6ca-d3eec65e6e90,1262,21/01/2024 06:18:08,L1,21/01/2024,1,2024
cba622db-67df-46e3-8848-bd77152420fc,1946,21/01/2024 11:38:25,L1,21/01/2024,1,2024
f4b2e587-e89f-47e9-8b33-ac0f9d2aadb2,1792,21/01/2024 22:39:29,L1,21/01/2024,1,2024
11e4d727-fcb3-458b-9df0-71bfd3a33563,1984,21/01/2024 05:27:01,L1,21/01/2024,1,2024
e802fc50-a653-4ec5-9cbb-b8805414c3a4,1149,21/01/2024 17:38:16,L1,21/01/2024,1,2024
109bff02-c607-45a0-bc7e-c1026602eec0,1232,21/01/2024 21:41:10,L1,21/01/2024,1,2024
64cb3164-b083-4e0b-919e-2c7506e3f4ec,1051,21/01/2024 00:32:17,L1,21/01/2024,1,2024
598524f9-9edb-41d5-9c8b-91d63fae5de9,1500,21/01/2024 02:10:20,L1,21/01/2024,1,2024
ed15c148-4c5b-4d1a-a194-373cb9f701be,1770,22/01/2024 06:31:06,L1,22/01/2024,1,2024
f7df1465-3221-4009-b76d-1e4993e8447a,1008,22/01/2024 16:59:57,L1,22/01/2024,1,2024
2400405d-ca08-4651-a55c-cb379faa838e,1320,22/01/2024 02:45:31,L1,22/01/2024,1,2024
3f0b2c75-8139-411c-91ec-d4fcf04a0cde,1659,22/01/2024 23:45:07,L1,22/01/2024,1,2024
5f94f94f-c37d-4ebc-b4ce-021d132876e5,1276,22/01/2024 09:07:50,L1,22/01/2024,1,2024
61e8fdbd-3ea4-406e-80dc-bb988a370093,1310,22/01/2024 01:05:53,L1,22/01/2024,1,2024
7a4489da-6c57-48e0-90e6-ec6f7e2ef12e,1558,22/01/2024 07:25:16,L1,22/01/2024,1,2024
e8bdde50-676e-4c50-87d8-5cf84b0d340d,1619,22/01/2024 16:34:55,L1,22/01/2024,1,2024
1190a2b4-1942-4315-9fa5-eed1b09e7778,1004,22/01/2024 22:57:28,L1,22/01/2024,1,2024
3eacdc04-80dc-4821-9ee6-d8b3e3618ddf,1588,22/01/2024 07:41:40,L1,22/01/2024,1,2024
64d4df7f-a8a3-4f82-a046-89ec939bb47d,1688,22/01/2024 23:49:55,L1,22/01/2024,1,2024
362884a7-893f-4404-80bb-be7e8b2c5ee4,1555,22/01/2024 12:04:45,L1,22/01/2024,1,2024
742cf270-a8bb-458f-b014-67af2107a000,1732,22/01/2024 07:27:46,L1,22/01/2024,1,2024
27c0bddb-00fc-429a-a467-3d469dd5f528,1032,22/01/2024 11:03:11,L1,22/01/2024,1,2024
a706c1f6-e1d8-4ffe-ab18-8c4407e3fd99,1327,22/01/2024 04:42:05,L1,22/01/2024,1,2024
abdd3d1c-4d14-4d6d-8b8b-18ddc69f7f90,1339,23/01/2024 19:53:29,L1,23/01/2024,1,2024
6e7cdfa9-31e9-414e-9d30-28a02abdf1b7,1426,23/01/2024 04:13:09,L1,23/01/2024,1,2024
ac12fcc8-9915-45a3-a256-2c7bab40dd2f,1982,23/01/2024 09:08:42,L1,23/01/2024,1,2024
8af58b4c-0131-4ca6-bac7-8edc85e6c8f5,1205,23/01/2024 04:55:01,L1,23/01/2024,1,2024
505708e2-7efb-411a-859f-a6eeb6aee7a0,1268,23/01/2024 12:14:27,L1,23/01/2024,1,2024
808c4f27-a87f-4af9-9ae0-b118c763fd06,1940,23/01/2024 03:21:32,L1,23/01/2024,1,2024
66756a54-247a-4091-b28e-4e0adef54573,1224,23/01/2024 00:56:30,L1,23/01/2024,1,2024
173b7d97-63ad-4791-aa14-bf735002b967,1030,23/01/2024 21:32:41,L1,23/01/2024,1,2024
8df2d4c7-1a97-47a4-bb6f-84ec55715959,1393,23/01/2024 07:37:46,L1,23/01/2024,1,2024
473ba742-7852-4176-9f2f-6eefa1a10d37,1381,23/01/2024 06:15:37,L1,23/01/2024,1,2024
96ee6615-109c-4e92-bdd3-c2b7527d655f,1330,23/01/2024 15:14:51,L1,23/01/2024,1,2024
c55cdf1a-46ed-4ef1-87d3-3492b809762c,1241,23/01/2024 14:41:43,L1,23/01/2024,1,2024
69ce7677-c5db-4e8f-80bf-7c9efa080ad3,1841,23/01/2024 11:44:04,L1,23/01/2024,1,2024
9eae94aa-2b9d-4aa0-b103-51c4ed1ef87c,1888,23/01/2024 17:34:18,L1,23/01/2024,1,2024
cb910e95-c590-4eaa-a653-373215d70e1b,1093,23/01/2024 14:12:14,L1,23/01/2024,1,2024
3be4a26e-9a56-4f19-be5a-235b3fd11771,1876,23/01/2024 18:28:06,L1,23/01/2024,1,2024
d5845871-0c2e-4e3f-9b2e-14516c8a1733,1991,23/01/2024 19:21:45,L1,23/01/2024,1,2024
28b23424-21f8-41c3-868d-daffc027f1ba,1191,23/01/2024 19:59:16,L1,23/01/2024,1,2024
425798f1-52d0-4e88-9cac-cd836a8d0678,1042,23/01/2024 00:12:27,L1,23/01/2024,1,2024
3f939e79-bd3f-4795-9608-a1d190834e52,1241,23/01/2024 09:24:44,L1,23/01/2024,1,2024
17bf763a-b86c-42e9-9f40-6340577aab00,1235,24/01/2024 01:26:48,L1,24/01/2024,1,2024
bafe88d6-be26-437c-9fa8-1560d5a8157b,1622,24/01/2024 22:00:54,L1,24/01/2024,1,2024
bddf86a3-2d17-4361-9be7-b8a156ddb483,1911,24/01/2024 12:22:32,L1,24/01/2024,1,2024
b1b5a2a1-7796-4469-8271-d8aa28fbceae,1969,24/01/2024 03:13:01,L1,24/01/2024,1,2024
1fafe6bb-d905-4c57-9a98-d262a76c1a83,1696,24/01/2024 19:22:52,L1,24/01/2024,1,2024
e4de72dc-804a-4e32-97ed-034643cf94df,1657,24/01/2024 05:47:48,L1,24/01/2024,1,2024
e9121169-5182-484c-b667-68a23dc427f5,1060,24/01/2024 17:09:33,L1,24/01/2024,1,2024
25febd8d-33d2-422a-825e-47fdce91310f,1739,24/01/2024 10:47:59,L1,24/01/2024,1,2024
d0a91259-a5ec-49b4-9a54-c3008660f56f,1627,24/01/2024 06:30:45,L1,24/01/2024,1,2024
8636e253-db0f-450a-b86c-453250fb2bfd,1681,24/01/2024 11:58:12,L1,24/01/2024,1,2024
e8eb912b-ed3a-48f1-9cde-0b9d32a13a33,1163,24/01/2024 09:46:27,L1,24/01/2024,1,2024
eecdecbd-effe-45a4-bff2-e65d91830881,1543,24/01/2024 22:42:35,L1,24/01/2024,1,2024
eca693f8-d0f4-42e0-a8ee-b3aadb637fb4,1811,24/01/2024 16:58:59,L1,24/01/2024,1,2024
f081f342-a747-4bba-aed8-7e2d732a4124,1763,25/01/2024 13:45:13,L1,25/01/2024,1,2024
b744da8a-462a-429f-9a65-46dee7caeca1,1230,25/01/2024 05:28:07,L1,25/01/2024,1,2024
52280497-5d40-4c1c-bd71-03990204d2c0,1702,25/01/2024 17:14:43,L1,25/01/2024,1,2024
4239a15c-1625-405f-838a-9c8a26bc23aa,1965,25/01/2024 09:34:50,L1,25/01/2024,1,2024
9b438e09-154d-429b-af1b-d98d7316f0bb,1621,25/01/2024 06:16:22,L1,25/01/2024,1,2024
9ecb2624-c705-4c54-bea3-95bfa0649b43,1486,25/01/2024 08:00:14,L1,25/01/2024,1,2024
3137c9ac-51d2-4674-9458-7081f05261d8,1764,25/01/2024 16:46:57,L1,25/01/2024,1,2024
5d90d212-d91f-4393-8350-d908366b2878,1525,25/01/2024 19:06:06,L1,25/01/2024,1,2024
412566be-9b76-45de-9b94-e3f79685d524,1143,25/01/2024 04:18:05,L1,25/01/2024,1,2024
2568e8ec-f04f-4ad9-be3d-fbb9187aa2ea,1758,25/01/2024 06:06:45,L1,25/01/2024,1,2024
3eb4e93c-f957-4033-a9cc-62907db3301f,1998,25/01/2024 06:22:36,L1,25/01/2024,1,2024
2a70b188-b449-4f68-aaa5-c5b75dbef7d2,1204,25/01/2024 07:49:34,L1,25/01/2024,1,2024
2204e34f-f61b-4d37-a672-ff25edcd5b20,1159,25/01/2024 05:12:43,L1,25/01/2024,1,2024
c0e7dabc-a196-42d3-9952-52e2deb0c4f9,1945,25/01/2024 14:05:33,L1,25/01/2024,1,2024
6ca4676f-62a7-47b8-ba67-fc3d48d003ef,1492,25/01/2024 06:33:58,L1,25/01/2024,1,2024
1f2a8b61-cb23-4396-9572-33c735dbd576,1937,25/01/2024 07:59:30,L1,25/01/2024,1,2024
1fc036b8-2a08-40e8-bbfe-cda978f482e0,1560,25/01/2024 07:53:15,L1,25/01/2024,1,2024
87c7a2ec-566d-4b25-a6ba-8ad1f35c836d,1061,25/01/2024 18:09:13,L1,25/01/2024,1,2024
0ffb4212-0fe3-4213-b80f-ed06ba6cdff0,1402,26/01/2024 06:25:52,L1,26/01/2024,1,2024
b8efabe4-b50c-4c53-9dca-3d7fdeda62ef,1701,26/01/2024 07:37:17,L1,26/01/2024,1,2024
0eca2863-ea53-4240-81d3-c301d5be0336,1333,26/01/2024 23:43:52,L1,26/01/2024,1,2024
7a45e59e-f2f4-4104-8f42-6f34df9b72fa,1631,26/01/2024 17:25:48,L1,26/01/2024,1,2024
2a563523-6b72-46f0-b9cd-724fe517b369,1703,26/01/2024 12:08:33,L1,26/01/2024,1,2024
a07df2e6-2080-4907-9e71-3102b3c53233,1983,26/01/2024 22:48:20,L1,26/01/2024,1,2024
d8099d9a-6745-4ee7-8c4d-1c70ce364645,1952,26/01/2024 12:13:32,L1,26/01/2024,1,2024
09fcb634-7f70-46bf-a9bb-e78684e4bfc4,1999,26/01/2024 08:06:41,L1,26/01/2024,1,2024
fc50fbbb-acc9-477c-97d4-e58e751f029e,1850,26/01/2024 09:33:05,L1,26/01/2024,1,2024
9d527872-8b3d-4bc9-9f6f-559ad04c542d,1332,26/01/2024 08:37:03,L1,26/01/2024,1,2024
a5a954f2-a15a-4990-abc1-89063b5b5ffe,1976,26/01/2024 17:02:09,L1,26/01/2024,1,2024
79729905-b9e2-4fd6-8043-572f6db24e56,1006,26/01/2024 14:57:52,L1,26/01/2024,1,2024
770ae4f5-b73b-4e1f-82e9-6cc954c9d71a,1996,26/01/2024 20:36:40,L1,26/01/2024,1,2024
7a6c1a1d-7c07-4230-b95a-33456c4bb531,1633,26/01/2024 15:32:02,L1,26/01/2024,1,2024
57d73492-033a-44e6-929f-e1d07cdc6319,1563,27/01/2024 20:59:31,L1,27/01/2024,1,2024
5cab1d11-2342-4671-ba82-5660229eeb47,1261,27/01/2024 07:32:44,L1,27/01/2024,1,2024
ed786af2-b38e-4b69-9444-22f5c50aeeb7,1238,27/01/2024 10:13:04,L1,27/01/2024,1,2024
1b895d66-cb61-4baf-bdd5-5e37e2acbe42,1541,27/01/2024 03:35:42,L1,27/01/2024,1,2024
685b4b5a-f7c1-4b44-a045-3e70be8e48c9,1936,27/01/2024 06:23:21,L1,27/01/2024,1,2024
f0dcc25f-21b1-4274-b0a2-3178c0f0ce35,1335,27/01/2024 00:48:54,L1,27/01/2024,1,2024
bb0d5894-9555-41ed-a7f1-f24a7462c634,1935,27/01/2024 14:35:10,L1,27/01/2024,1,2024
f21be1bb-63c0-455d-8e7a-0fecd266b619,1207,27/01/2024 17:52:59,L1,27/01/2024,1,2024
4bb8926d-a57f-4204-a6de-8e9195a3163a,1015,27/01/2024 22:02:42,L1,27/01/2024,1,2024
37f2e64f-6947-442f-a142-1b2fd8be6f93,1671,27/01/2024 01:25:25,L1,27/01/2024,1,2024
be85f5bc-b82b-43d7-adcc-e1c586e7acc4,1370,27/01/2024 01:44:22,L1,27/01/2024,1,2024
87acca41-a018-42b0-962a-1bc893267044,1185,27/01/2024 16:29:34,L1,27/01/2024,1,2024
6040b42f-fb86-44f4-997d-dde1f708c642,1753,27/01/2024 23:35:40,L1,27/01/2024,1,2024
23221f20-9734-44e2-80db-ba68f2dbcfaf,1662,27/01/2024 21:58:46,L1,27/01/2024,1,2024
52b67f8d-43da-407c-9a99-e82c4bc16d8d,1796,27/01/2024 05:41:06,L1,27/01/2024,1,2024
97202e40-9884-4318-b564-8644a2d6bf3c,1987,28/01/2024 15:56:24,L1,28/01/2024,1,2024
ba5e6fae-726f-4ef4-a5d1-9bdb445d013d,1229,28/01/2024 04:38:15,L1,28/01/2024,1,2024
824bf658-9c8f-422f-8399-d99008c3face,1693,28/01/2024 18:32:15,L1,28/01/2024,1,2024
77ff4004-269f-4de3-816c-14a28aad3c46,1541,28/01/2024 01:30:14,L1,28/01/2024,1,2024
c91a0b00-89be-4a9d-90ce-ef6683615b11,1738,28/01/2024 13:18:53,L1,28/01/2024,1,2024
989fdcb3-4433-463f-af09-0b32f0258cf8,1052,28/01/2024 22:27:01,L1,28/01/2024,1,2024
08ae5ac6-b7f6-4b22-9221-40d70218cc01,1278,28/01/2024 09:40:09,L1,28/01/2024,1,2024
85ab0703-3362-43da-b80c-0082fa577287,1902,28/01/2024 02:52:04,L1,28/01/2024,1,2024
58539e39-9cc2-4e83-8d88-67cc7ab33f0e,1544,28/01/2024 15:27:13,L1,28/01/2024,1,2024
d2967c5a-fc48-4b70-b9dd-b53f113fb2a1,1524,28/01/2024 16:25:11,L1,28/01/2024,1,2024
d626f0be-6366-490d-8657-6d7c235e97c2,1947,28/01/2024 13:18:35,L1,28/01/2024,1,2024
2af3f0b0-f951-4092-9f5d-4cb3d3011653,1794,28/01/2024 06:27:42,L1,28/01/2024,1,2024
47292b8a-b191-48ef-b334-ea69b91c78ca,1526,28/01/2024 05:37:35,L1,28/01/2024,1,2024
52b3d49a-4fd1-455a-ad28-1b4312163f81,1221,28/01/2024 20:55:24,L1,28/01/2024,1,2024
482fa421-7c75-4d11-be6c-0e0d8647cee9,1657,28/01/2024 20:28:55,L1,28/01/2024,1,2024
be20e5d2-fad7-4db6-9003-fdf6d341e089,1789,28/01/2024 04:06:05,L1,28/01/2024,1,2024
79198730-094e-4b0a-8f76-51a052223aa2,1122,28/01/2024 04:49:11,L1,28/01/2024,1,2024
b5fe392b-10b2-4793-beea-0073e1f9c56c,1410,28/01/2024 10:41:56,L1,28/01/2024,1,2024
4377f133-f988-453c-be18-ed28efad966d,1565,28/01/2024 17:09:13,L1,28/01/2024,1,2024
ea1a494a-83be-4b6d-a237-cdc4f22352b2,1273,28/01/2024 13:24:21,L1,28/01/2024,1,2024
2a61bd44-7790-4849-864e-66000e198456,1184,29/01/2024 03:08:30,L1,29/01/2024,1,2024
4fc98b98-1cc5-4cbe-8471-508555438e2f,1384,29/01/2024 09:37:51,L1,29/01/2024,1,2024
8ab513d3-1d20-4a35-8b75-ed1dabbe1c73,1816,29/01/2024 03:54:28,L1,29/01/2024,1,2024
34f8c3a5-28b4-436c-9383-b0e4b85b790d,1442,29/01/2024 22:45:36,L1,29/01/2024,1,2024
be4b89f8-13b4-41da-a2b5-f6429392ae26,1403,29/01/2024 19:02:15,L1,29/01/2024,1,2024
ba0fc10f-9335-4a5b-9233-413a83288c45,1105,29/01/2024 08:59:30,L1,29/01/2024,1,2024
bb9ca4e0-f4a4-47b0-b38f-2de0688ccd25,1579,29/01/2024 04:57:12,L1,29/01/2024,1,2024
ab508e4e-5f08-4374-a406-b85c3554db10,1137,29/01/2024 21:32:17,L1,29/01/2024,1,2024
6f368d7c-23e8-4918-834c-adcc81f748f1,1499,29/01/2024 02:00:33,L1,29/01/2024,1,2024
b1c80ffe-1f35-4b1c-abfe-c872d20b7b32,1978,29/01/2024 12:45:19,L1,29/01/2024,1,2024
a0f3369a-ee70-4665-b74a-29fc743b77ad,1555,29/01/2024 10:13:39,L1,29/01/2024,1,2024
683df2e2-7143-4ce3-8bf6-3539e87cb71d,1362,29/01/2024 18:09:36,L1,29/01/2024,1,2024
f4a70782-182b-43b3-9114-a9aebad3fbed,1390,29/01/2024 08:57:30,L1,29/01/2024,1,2024
ced39501-d33c-4a90-b5ea-c9a761c8f049,1176,29/01/2024 03:15:01,L1,29/01/2024,1,2024
582de51b-5fb2-4137-88d5-14b072210815,1508,30/01/2024 21:41:53,L1,30/01/2024,1,2024
45ec60cb-f574-4d97-8056-aef27d9a5758,1721,30/01/2024 09:14:29,L1,30/01/2024,1,2024
c4fb4c39-2fe7-48d1-a494-c0ff7bdd2c76,1726,30/01/2024 11:49:21,L1,30/01/2024,1,2024
401c70fb-8424-46c3-b9fa-c2ce4caa7099,1159,30/01/2024 18:17:11,L1,30/01/2024,1,2024
77944e31-f67a-4b8b-ba61-09cba1d817d8,1000,30/01/2024 05:30:56,L1,30/01/2024,1,2024
336e76ba-36d4-495c-8756-ec068b8fcb9e,1889,30/01/2024 11:25:41,L1,30/01/2024,1,2024
7ffa4f64-3a29-4048-8501-8d98b3715ee2,1701,30/01/2024 17:30:00,L1,30/01/2024,1,2024
cb2fe99c-d317-4897-8ee9-bd0a7de8c773,1800,30/01/2024 15:34:27,L1,30/01/2024,1,2024
259e8be1-1c95-4a22-bed9-2d61eb9a754f,1091,30/01/2024 08:57:10,L1,30/01/2024,1,2024
12d8a371-b7eb-45cc-a803-4342bdccad35,1640,30/01/2024 00:27:39,L1,30/01/2024,1,2024
0b65a832-cdfa-4b97-83c3-dbd2c76bbc42,1023,30/01/2024 17:22:37,L1,30/01/2024,1,2024
73f3efb7-fb01-4e8b-8b7d-438510980855,1198,30/01/2024 17:51:00,L1,30/01/2024,1,2024
c9047b87-ec5a-4384-980c-22dc2e460361,1285,30/01/2024 13:18:58,L1,30/01/2024,1,2024
8401e024-f539-411a-a96b-eea183ac34e7,1655,30/01/2024 05:35:36,L1,30/01/2024,1,2024
c09df45e-5f3b-4afa-b974-da7b1aff7d6c,1091,30/01/2024 08:15:53,L1,30/01/2024,1,2024
18025b5f-c9bb-4fc0-8a76-7478922f3524,1427,30/01/2024 04:02:23,L1,30/01/2024,1,2024
01fdb664-3b49-464f-b183-9dcf64168317,1589,30/01/2024 08:18:08,L1,30/01/2024,1,2024
e6d72ead-35ec-435d-86fd-0b7d2417c2ff,1372,30/01/2024 21:25:08,L1,30/01/2024,1,2024
469c1edc-f536-4c08-b45e-d97f82699ad3,1786,30/01/2024 00:41:16,L1,30/01/2024,1,2024
c9fbdc09-190c-480a-80f5-b32d2781d004,1765,30/01/2024 20:16:19,L1,30/01/2024,1,2024
716ed5af-55b8-49b2-96df-a388ebb12a8b,1228,30/01/2024 05:27:57,L1,30/01/2024,1,2024
396974e5-6278-430e-8392-cc0d2a23ea3d,1197,30/01/2024 12:38:02,L1,30/01/2024,1,2024
dae023bb-47ae-4957-9fcc-48b289959f7f,1464,30/01/2024 00:55:28,L1,30/01/2024,1,2024
f4b9359f-c023-463f-824e-b59ab53ca49c,1516,30/01/2024 22:31:25,L1,30/01/2024,1,2024
a113a7ab-c197-48bd-a1bc-e760af28c671,1423,01/01/2024 12:04:37,L12,01/01/2024,1,2024
81ef9c69-5791-4c6b-b8f7-37402cf66965,1203,01/01/2024 21:44:25,L12,01/01/2024,1,2024
3442c712-f4ab-4e31-bebd-fd507af07535,1132,01/01/2024 00:33:32,L12,01/01/2024,1,2024
3b28a403-b29c-433f-83b7-62b1be3027a5,1860,01/01/2024 09:51:55,L12,01/01/2024,1,2024
4238c93d-a776-44a5-bdb7-7e5679c0da33,1550,01/01/2024 02:11:37,L12,01/01/2024,1,2024
5db12ac8-4a42-41d9-8128-e739dd02813d,1624,01/01/2024 09:23:07,L12,01/01/2024,1,2024
7214a5de-b38d-49cb-87eb-9f3fd58e104f,1998,01/01/2024 10:25:08,L12,01/01/2024,1,2024
ed94f5fb-19c2-47d6-9ef6-ade2ba5788c3,1069,01/01/2024 11:03:08,L12,01/01/2024,1,2024
042142a5-9814-4fd6-b0a6-7f7ea9802fd2,1678,01/01/2024 18:07:12,L12,01/01/2024,1,2024
f4e239f4-07b4-4ae0-82a4-01db1880e6ba,1095,01/01/2024 01:29:30,L12,01/01/2024,1,2024
db6a877f-23af-447b-9a05-83428522b092,1169,01/01/2024 08:43:00,L12,01/01/2024,1,2024