rating_id,cdr_id,applied_rate,charge_amount,rating_time
42fb1bfc-70db-46b4-84f7-9b6ac9287709,569228d1-8659-429d-b92a-b57b31c35f6f,1.15,0,14/01/2024 18:20:12
592add65-d184-4b54-92ac-423d00dfb240,e2dfcfa5-cde9-46cc-85cc-c57eab0d2308,1.15,0,09/01/2024 04:51:52
92fae5dd-11bd-4fa7-b0ee-aad96a861a82,b9e049f5-c7f9-4781-bc11-11ef5f874eef,1.15,0,11/01/2024 14:03:20
9b855605-c840-40ee-9625-863efcabb692,d623e0aa-e561-492b-985b-828c18c36dfc,1.15,0,30/01/2024 21:12:51
32578bac-b421-4c1d-9c22-46d64dcf9797,5264c2e5-1141-4580-9249-57c0346489dd,1.15,0,11/01/2024 18:30:29
5733dde6-bf13-4a8e-9d4e-0ac4ec642423,b1854023-a5f7-4553-9281-0860cb5b10c6,1.15,0,10/01/2024 13:35:24
93ccb8fa-8f78-4e74-ab86-a21b8673357d,59654957-d84b-4d9f-b682-caeaf63323e6,1.15,0,18/01/2024 15:54:14
19d86b61-17fb-4106-81fe-9bb9b2a2271f,359a5152-3eb7-4e3e-9b09-53db280a160e,1.15,0,19/01/2024 23:30:19
52321eee-87c8-4282-be61-5d3b0704899e,1f61d69b-402c-4012-9503-d597e18c054b,1.15,0,02/01/2024 22:50:35
70b353af-927f-4fa4-b98c-7f49796f1175,c80deccc-ef6e-4165-a53c-7c57cc0d8dd3,1.15,0,26/01/2024 08:50:32
bc75b096-5367-4e1f-ac7d-6a15ea34e696,e708be63-e907-474e-80fd-6f5400422281,1.15,0,21/01/2024 13:53:13
0671ea2d-8a88-4643-b864-08aa23c645ca,cf7498b0-b284-4c0b-8f4b-fb3cfaeb4b15,1.15,0,03/01/2024 08:29:32
592ac623-0f09-470d-b3cc-bd952d6ce964,13538444-0bd3-409e-ab16-82320d3f4d7d,1.15,0,08/01/2024 12:08:09
2a03ad3b-eec2-4462-b32d-edf521d5a24f,75f223b6-9037-4891-9077-85f4dc4adfeb,1.15,0,12/01/2024 04:51:46
4821ecc5-210c-4730-b37e-e92cb5f560ff,f33d32d5-58ec-4ccf-923d-92b10d026d56,1.15,0,30/01/2024 23:22:22
669ccaec-9c45-4abb-bb50-bc85489d8b12,3e7686ee-ac02-4c87-8e59-c8f4fd3bea9f,1.15,0,09/01/2024 12:34:17
a824f925-e72e-4a14-bd9a-1b0dd1d25587,9f6d7dee-3f0e-4678-926f-d859db5383ae,1.15,0,23/01/2024 12:21:45
2cd3d0b3-c0e7-4a1e-91c4-b33964ff65b7,b9c72310-3ce2-41ed-9200-aa717a76cd75,1.15,0,29/01/2024 02:08:56
1d6adbbf-bd88-47cd-a763-29a09333d198,820b4967-df97-4c01-9a1c-9c9f923f0bab,1.15,0,14/01/2024 19:07:05
dc90196c-c6df-43d1-afb8-891e4863a211,706ec88f-7c78-4fbc-96e4-1e36b6d3ef83,1.15,0,14/01/2024 16:24:12
396a9533-4c4d-49cd-85ae-c6ea8be61d4b,fd507f5a-d929-4ce9-94db-356c829d4f21,1.15,0,09/01/2024 13:53:19
11f7b8ce-af8e-4d83-a928-d478f838ffab,a684253a-8e59-4e66-b1e7-6015ce07cf61,1.15,0,12/01/2024 07:09:06
328ada7b-d0ed-4194-ab07-e5cda27928ce,e3c9fc5a-e2e4-44fb-b2fd-4bef0d36aa8c,1.15,0,03/01/2024 07:12:51
29269c10-cea2-42bd-a099-697f6d0a0a0e,c04bd746-1a58-4715-82b1-1ef311262d70,1.15,0,17/01/2024 00:58:03
295f6e3e-304b-4418-ad71-6c2bb5918db9,2171e039-2805-4380-94a2-ec4a02587da9,1.15,0,11/01/2024 06:41:21
48d98ca4-f6d1-48c5-aa98-21968175ba54,6869e9da-77eb-4e0d-a614-307daf0adafe,1.15,0,01/01/2024 15:58:53
91414a67-c0c9-4030-93d8-616a7bc2fdc7,d52dac8f-fffa-46c6-b37a-7d98a761e670,1.15,0,10/01/2024 08:35:04
5931da11-6cb1-430d-8c05-bb0096877205,6bad9c06-fc85-4013-913f-7101eba2b667,1.15,0,08/01/2024 17:41:41
93f1ae64-31e8-46e7-ad1c-ab9b00808582,997830e8-debe-43c2-97bb-d95e8939f4d5,1.15,0,28/01/2024 12:36:49
b7bdd755-e29b-47d7-b2b4-b869e467f0cd,b8fe38b2-d5fb-40d6-b3cd-5c4a5de3d3b6,1.15,0,09/01/2024 04:51:27
ac622406-a04f-4c7d-a155-ce886e5768c8,03cf1e62-d257-4639-8975-2f8c1db374e4,1.15,0,10/01/2024 02:43:53
a5da8b97-1eab-4cd8-ac6e-271b73761d01,32f4d8b2-8bbc-421a-a312-bedfa3744c73,1.15,0,19/01/2024 23:23:44
cea4e6df-acd4-4b69-9953-48237ddcdc6a,40ea3480-9a8c-4d58-9fdd-873c7839d25c,1.15,0,24/01/2024 06:39:28
c1d9df96-d0de-459b-af66-3179eb1c54fa,ff9601c0-5dfb-4cda-94c0-70bc423fb02f,1.15,0,30/01/2024 10:39:29
d0306573-5212-4566-a459-04ece98e41e4,1b0592c3-56d3-47cf-a2b8-73853a8b4a8a,1.15,0,22/01/2024 21:37:24
e3bf347b-4a7d-4adf-b014-30771252bc82,b5cd674c-9036-41d3-84d0-5c9aae3bf899,1.15,0,04/01/2024 17:02:30
8b44804c-2626-49ca-9125-5b8f26b250e9,6fc37144-36c3-4612-a993-6c5967ec2ccd,1.15,0,27/01/2024 07:43:13
9794882a-d4c5-4ff6-b356-842b54c899e6,6e593c3c-196a-41d6-a535-228107f0fbe2,1.15,0,24/01/2024 15:59:45
7441d37d-4121-4ae9-89c8-639a00607ea9,70ee6ee8-fd62-402d-890d-c3bf8cc6ff50,1.15,0,29/01/2024 02:05:54
cc1221f0-1351-4fc4-8d73-fe4b22a5275c,d160198d-2f28-41e8-8ab1-785b0657f20c,1.15,0,16/01/2024 08:36:17
40c60177-9993-4d97-b6e8-1df5a8f85f5f,7e3b9617-d50a-4d98-bf68-a9429a1a9511,1.15,0,10/01/2024 13:20:07
f2d2e669-a2ac-497d-aea8-91f5ae38cfba,9529eb06-5919-4baf-8223-c617f080cb4c,1.15,0,21/01/2024 16:21:32
ba499898-2b28-4987-b066-83c6c9f36980,ca3281cf-55c4-4268-83e2-96c6f236c0a1,1.15,0,12/01/2024 04:07:22
683ee1a9-a0ee-4cce-a3eb-0f104b8287d3,232650c0-bfe2-4429-9164-494010b683b3,1.15,0,12/01/2024 18:55:43
57a2c985-6eeb-44d2-bf58-8c6ac510edf0,3a9477e8-9358-4f0a-ac46-84b7b07c6682,1.15,0,22/01/2024 22:46:09
63b12b0e-9f03-444a-9af1-bc577627f095,9748ebe6-b75f-44ee-9485-82ef8b4d187c,1.15,0,14/01/2024 13:26:16
afda1ebe-4ed1-4da8-afc9-9f53e94d9d16,bc217ba8-e248-4b86-9b90-99215afd5c90,1.15,0,16/01/2024 22:08:01
a8f9a35e-66ff-4d29-9d1b-17e7be6b130c,ce65a444-6f9e-4523-96d5-7cc15cdcc36a,1.15,0,02/01/2024 04:51:41
782e6c6b-fcea-4a6e-b669-02022c241c00,977a3f6f-f8fd-4a5a-995c-490eeccddbaa,1.15,0,08/01/2024 00:19:37
9471bc08-86ea-45a0-b8d9-638d36cfe82e,934498ca-7b3e-408e-8b82-cedeb35035ae,1.15,0,02/01/2024 04:26:27
025fcbf5-344d-4899-b2a6-308a84b3f525,b5b3184b-accb-463b-9beb-87f3ee9fdd28,1.15,0,16/01/2024 20:20:46
be0180b5-1168-47da-9ef3-fa771dc3c4a1,c78da543-819e-40dc-bead-43dfd7567677,1.15,0,06/01/2024 05:14:47
2692a6f7-5a4f-4fb7-a72a-15ad29d1ecb9,86443207-b7c4-4712-87b7-c1a4f97d2158,1.15,0,23/01/2024 17:53:45
9cdeee01-95ea-4090-bb42-5b14db4eb309,48db72ef-01a6-4f3d-9ecb-98364e36b138,1.15,0,15/01/2024 07:22:08
914e08dc-343c-44ff-8ccd-9db5e144246e,89512166-9e97-4244-9372-d77f8d19f756,1.15,0,18/01/2024 05:22:37
fa99ac4b-4265-4eb9-b28d-6326e71822be,02c0eb06-0ed4-4bb9-b8f9-cdd69f089d72,1.15,0,22/01/2024 08:47:10
cd13578e-5c10-44eb-97c6-e4ac884f81d1,00f529f0-4ea4-40f0-b5fe-8697bf40de67,1.15,0,03/01/2024 09:37:52
74ebff97-a8c6-4599-9b93-6ef8d7b4342a,e4e0d037-fee1-4d96-8b04-bee8f30d9797,1.15,0,01/01/2024 10:59:54
91cd58cf-4c0d-43a3-951e-c413da555132,27e3fa49-05ea-4fc7-bdf8-311e5a3b1ff7,1.15,0,30/01/2024 02:02:57
3c23f848-ea4c-4411-8f07-7fb9c8975c67,b6781053-d472-410f-9ea0-c307247a10b4,1.15,0,05/01/2024 00:10:02
ff27d530-4fcc-4721-9b76-d3e27108fe11,9cca1330-46ea-4735-9f1c-02c22c6d004a,1.15,0,15/01/2024 04:29:01
6a067003-0152-4466-99c5-e593e7db1494,ef9c539c-9414-4f87-901e-07941d7d68d9,1.15,0,13/01/2024 09:32:12
7654d7d2-bddf-4106-b5eb-2cf77f7ed00b,bfdd0786-0bba-43ae-a206-30a1d836eef0,1.15,0,27/01/2024 11:47:43
03d27fad-fef4-4aec-9a43-a08c5f9d70e5,79e5c56c-b970-420e-b198-baf4a3cb8985,1.15,0,15/01/2024 00:46:43
d61faf63-e697-4720-adba-27f36c800312,803a40ff-4f51-429c-9acf-c2d270629280,1.15,0,03/01/2024 16:16:11
38b29fa1-d19d-4136-906c-9780cf7f9402,a83e9b59-72cb-4cf2-a417-ab768766c209,1.15,0,05/01/2024 12:59:28
36d06660-7d03-4329-8a96-e03394f8a2e0,3a5946f3-3579-41c0-9c7f-f32e2bbab778,1.15,0,01/01/2024 03:06:38
4a4d7831-a8d7-45ee-895e-7902c7607976,4adb0547-3ba3-4d2e-8c95-30299d2fd8ac,1.15,0,17/01/2024 21:24:35
8ea66ef7-78d4-4878-9f39-43103d1ff552,4e069510-c9d5-447a-be25-5e64e614a94d,1.15,0,21/01/2024 19:57:02
7ccb79a6-b93e-44be-b5be-9b051a0a35cb,c53f4380-331c-4798-ac76-689accc3ca15,1.15,0,30/01/2024 18:34:11
250cd8cc-25ff-44b2-8585-b3cf6433a3d7,065f357a-e5ab-42c5-8901-4f1dc39adc8c,1.15,0,20/01/2024 16:44:32
c732400f-bb7f-4a1d-a958-98cddd6a4d2a,4fa4b373-314a-41cd-afe8-17849cf2daf9,1.15,0,12/01/2024 21:47:39
10b4ec54-1c04-43cc-a698-1fa6c3f30327,a74a1ec2-7fd1-43ba-9c56-827e3a1e76f3,1.15,0,05/01/2024 18:24:27
3cd1efe3-0b9b-446e-a819-cd22e9db653d,e62e6793-5f17-423c-ae20-ab0ea5b19eb4,1.15,0,19/01/2024 15:30:56
fd3a7dfb-f9be-4451-8e9d-68beaff53f3e,a94dd736-5308-40c3-adbd-52f3d9c1eb9e,1.15,0,27/01/2024 05:37:03
fa4fa777-31a6-4c55-ac13-b80c02d3da4f,6d78581e-1f6e-42b6-84c8-a4384c21968b,1.15,0,01/01/2024 00:03:07
a7243630-0729-470f-8dce-c1a18cd2ec06,d3a2ca04-ce9e-4c23-9e5f-65952a9b7921,1.15,0,26/01/2024 08:24:46
b925253f-df06-462a-abcb-ade8860a46ab,4d5e885d-a334-4dd7-971e-8180da9ded55,1.15,0,24/01/2024 14:07:00
6fb5f7b9-f0cd-43e4-b512-6b84100e0b3a,998cda0d-8a7f-4596-b583-5b2b24aa0c09,1.15,0,10/01/2024 08:15:55
e793d8cd-398d-4e83-b5e2-44e94c9c1442,c1d53104-d057-4c64-9d54-77a5c0b242f1,1.15,0,25/01/2024 20:58:19
3ae58def-a1a4-4431-8d81-3b12705d1ac4,2ceb3750-96cc-47b4-bcf0-1931d5fbc40c,1.15,0,23/01/2024 14:18:34
fa2c936c-0f4c-4674-9a70-4238eb3db267,a71061a8-6884-47d9-a932-b7a7bedf77b8,1.15,0,21/01/2024 17:48:13
d7372a0b-1eec-4e97-a035-9a66d301512f,16a3ef48-c30a-43de-951e-93e45b9ca911,1.15,0,19/01/2024 17:44:46
d79b8828-1c7f-4dbc-976c-c01872c0306c,d8c4aef4-f985-43b3-a025-fce1ea61dd8a,1.15,0,17/01/2024 16:00:02
9610f2c9-8a3f-4d50-994e-8f1f28caeadc,63862096-86db-40b8-8e33-5c1d11903d8f,1.15,0,06/01/2024 13:32:06
c30e111d-bf9a-4851-bccf-c48a6a1e08f9,62483493-f29f-40b8-b70c-cbbf3fe4c385,1.15,0,08/01/2024 14:28:01
a365b4a0-e053-499b-88c1-c8c9c6717ee3,05757c67-336a-4075-b674-208c83cc4b85,1.15,0,17/01/2024 07:40:14
1fd3fc69-1967-4447-99c9-6c36d9473475,096d11f0-93e6-4e7d-ab02-ece7359acb1a,1.15,0,30/01/2024 21:48:43
32caf4a5-2f14-41a0-b2c3-cc4e6c7b8d49,4bf0fc40-058d-4873-be47-4d96a42170c2,1.15,0,19/01/2024 16:25:50
8d973cfe-2dde-47b9-83cd-188930b17cd8,12f193a6-c6cd-43c5-bb46-fa4dd5bfd442,1.15,0,21/01/2024 08:44:14
88439b0d-52ba-4088-9237-a4c02df2c150,9ab3b687-f108-49cf-8cb8-6ad6836253ea,1.15,0,12/01/2024 01:00:30
de1f6260-f803-4425-9b20-c400a54d41d0,4d21ac56-c2a5-424a-8538-9d4d4d07356a,1.15,0,02/01/2024 02:34:09
de205f19-4223-4e57-ba7f-1e332e574ee0,c5fe4341-0ea2-43a0-96b6-762a088ddb2d,1.15,0,04/01/2024 16:58:09
3e99ff12-9e86-4196-ac80-f452d47fee58,0192afc7-f155-405a-8fcd-1efb6966cce8,1.15,0,14/01/2024 03:56:53
b6f2437c-97e2-4a58-8f8c-479310e1baeb,3480e113-3868-4740-ba55-4fdb00e2aad5,1.15,0,03/01/2024 04:32:57
471a5f7d-c689-4b97-a1f9-3420d1cfcc2b,34faf190-d907-4e02-b803-6d1d5d4cca62,1.15,0,24/01/2024 02:24:52
4baf7c24-dc12-415b-af2b-96ea3f181407,4e88bcbb-d18a-4564-9fc1-e096ff52e973,1.15,0,07/01/2024 02:13:48
7042ad76-24cd-4408-bb87-07caca003241,6d56044e-eede-4124-a623-a4862c5c649e,1.15,0,20/01/2024 19:19:41
8916d204-9d87-4dc7-b48a-e93da4b8e207,fb2fb804-bbcc-415f-a8a4-5908027d39c0,1.15,0,04/01/2024 07:12:36
e8e49848-bb02-4756-96b3-57fb4e01a972,66d6045b-4711-433f-a716-f6869748a430,1.15,0,01/01/2024 12:00:27
81635945-d9ec-4e44-a493-c9218203482f,1d1cddfd-1d8c-408d-a5c6-1cf650e6a4f1,1.15,0,28/01/2024 23:20:12
caed920a-6db6-4b60-afdf-89843bece1b5,0cae3fce-1541-4522-93d0-3515f0b21f98,1.15,0,24/01/2024 20:38:20
29d744a6-4732-41f3-9a15-d631ac379ae0,7a5fe3d7-d260-45e8-ab94-ccb028267a20,1.15,0,21/01/2024 22:27:52
2995d099-341c-448d-b38f-51eb37f62081,32907a56-5e95-4fdb-a0b4-32702c11e925,1.15,0,02/01/2024 17:27:43
ae780b3a-10c2-46a7-acb6-96060fa12fb6,b68392a4-7aba-445b-8fc3-69bc2f56def8,1.15,0,29/01/2024 03:05:27
6f85d53c-f41e-4412-803f-464e5c156eb7,470630d2-6805-4667-b749-8b1eb91e1833,1.15,0,10/01/2024 14:54:19
c3eb01e4-7b17-4edb-844d-7fce2d9d0d99,4919661e-d146-4746-881b-56161e913516,1.15,0,10/01/2024 23:00:23
fcd7cd0e-621d-45a4-adff-eb396fdf7af8,3776dd74-78dd-4478-818b-ebb831f5b80f,1.15,0,28/01/2024 07:19:55
74cda378-3444-4294-874a-0e0252e352b4,23afd613-c296-40d0-8061-86aa904a1437,1.15,0,28/01/2024 00:20:40
b46cf9b0-05af-4ad2-af28-402807ef7a5b,4dddd1c3-cf50-4bed-bc29-0ac8656d6a1a,1.15,0,07/01/2024 14:42:46
309d9574-8a5d-44bf-9535-d1b7621c9a19,12ef426d-f350-4bbf-a40a-e3c78012fcd5,1.15,0,24/01/2024 11:15:23
68f7d463-78f7-45c2-9e1a-2b1b5a8c4ea3,93c85d00-90c8-47de-9af2-e27fc4f8944e,1.15,0,17/01/2024 15:00:36
46405e46-c4c8-47e3-8b2c-a7d5f88c8a52,5fefd4e7-c3bc-4097-b0fa-883b756042cc,1.15,0,02/01/2024 03:49:46
aea6c791-189a-4faa-b5c9-b75209a86f13,58834385-3b40-4e98-9cc4-0bed865d2738,1.15,0,13/01/2024 00:01:02
fb71271b-e832-4734-84f7-f4b929d21f51,36234b6c-e936-4761-8a18-6040ac4add6d,1.15,0,03/01/2024 04:08:05
03b30221-4dbd-479f-b00e-b53598b31d8e,1120d486-f4d0-4cae-97c5-046734ce47e3,1.15,0,08/01/2024 01:02:28
d6b891c2-df01-4a7a-996a-06905c0ed67f,c8f3ada2-01dd-411d-9178-d9da5d2a50ae,1.15,0,28/01/2024 02:26:03
88bc991b-3709-4cd8-9f5a-86cd30bd4911,cdd5adc8-1ece-4969-b18f-44366c90e406,1.15,0.003,08/01/2024 04:05:04
9fd2f8da-28bd-4173-a689-d20ad7a77b96,23eb69de-c93e-48ae-a106-61a97da3ea0f,1.15,0.006,14/01/2024 08:28:56
b71e9fe0-d7fa-4258-aea9-c9134f038f55,ecec758b-4469-451f-a708-51c448546d2d,1.15,0.01,16/01/2024 09:03:30
f1f7e9ad-5bf5-487f-929b-df0b56b343cc,77da967f-e0c0-450d-b46b-a0ffac0ace25,1.15,0.01,09/01/2024 23:24:30
e267a7e2-d132-4ee5-a9e7-ec9c05a1ba26,d5fc2888-5484-446d-9156-20a6804fb46b,1.15,0.01,06/01/2024 23:59:57
81ddf5cf-cb18-45f8-bb37-0d59f4bdf7df,b128aced-e1ea-48dc-8686-1409d1bdacfb,1.15,0.01,02/01/2024 08:48:36
ce903bf7-1749-4bdf-ab85-3f7dfb49e303,df68a06c-2c87-44fe-9b58-b0347198d194,1.15,0.01,09/01/2024 00:41:13
414e19cd-dd51-48af-b7d8-6d07535e5001,18620ae7-cb5e-4b4a-aaa6-a58c52768e73,1.15,0.01,03/01/2024 22:08:22
50abb2f3-a001-482f-bd37-9a7e7d267873,7d177869-825a-4b05-beaf-b97a00fdc0e1,1.15,0.01,04/01/2024 13:17:03
a0c2628c-1028-460e-970b-b305df1c1d37,a091b5f5-008e-42aa-8f0c-5d32791c20e4,1.15,0.01,15/01/2024 12:14:56
31b0a395-da80-4e1d-bc2c-7e25b66acabb,f5a5883c-5b3e-4e82-a021-755629d5bfc3,1.15,0.01,15/01/2024 03:28:54
f1717eb2-1d2f-43bc-8bde-70108e5f2d1a,6f5bdc33-2e5c-42d5-a417-23b6b48a6c7f,1.15,0.01,19/01/2024 15:30:53
6cc75281-e561-4ec7-be48-1d7e4f05bb25,1ef68d2e-9f69-46f7-913f-34b661471eda,1.15,0.01,28/01/2024 11:04:33
49199e74-4fc8-4ae9-a51a-1d9bf21fd19c,69496aaf-6e45-4051-95e2-e47cf3aeb663,1.15,0.01,18/01/2024 06:53:40
107cba95-3dcc-4b67-801d-87b483aad500,87fb4f02-1219-48ad-a637-ed760a498008,1.15,0.01,01/01/2024 03:35:12
3d13458a-6847-49bd-94b2-abb6723e4cf0,abdeec46-4f54-4580-9c5c-0ec04f5924dc,1.15,0.01,03/01/2024 06:15:02
65695cf4-5d3a-4e8e-a175-3a3b6e66e5a4,9f8c51b0-a8db-430a-848f-485e414abe08,1.15,0.01,12/01/2024 20:44:03
b6ef5e12-e3b2-4f35-8730-ff99c538b19f,dbba80af-9511-4f83-993b-5027f910fa21,1.15,0.01,30/01/2024 19:27:18
51fe69c2-babd-44cd-8cf2-03672ba1843b,f053f073-1cec-48ad-9e70-1ba382bcb537,1.15,0.01,30/01/2024 18:36:51
faa12bfa-7fa2-477e-99be-f949de4ae4de,123f9b90-7c4b-4bc4-955a-868a097702ce,1.15,0.01,02/01/2024 08:03:58
b93c4fb7-c8a1-4cbd-bb3f-b07c4f5c7d35,840bc79b-b013-4eb0-941b-e86032893f88,1.15,0.01,21/01/2024 20:41:29
180e5293-5def-4aec-a38e-8210efbafaa2,194d7a79-a43c-4d92-9bbc-f781934051ad,1.15,0.01,21/01/2024 17:10:43
e22b76f3-d6ab-440c-8dec-9751cdc5f681,e6d6a6ee-fd88-44f9-ab35-cea7a24a2a78,1.15,0.01,26/01/2024 14:20:11
9d9cfc8e-3ce7-403b-8335-8c67581f7332,1fe40594-4232-4b3b-a3f1-ec80c179488c,1.15,0.01,22/01/2024 00:33:18
b2feba0c-1674-49c1-a85f-082a77e4a237,fbcaabfc-b999-4569-97b5-a2261b07b9d0,1.15,0.01,08/01/2024 14:35:04
e844b288-41af-4272-b8fa-2adb9dd912b6,f21343e7-5f53-42ef-b139-a32fbd8af56d,1.15,0.012,30/01/2024 16:09:47
d3e6c93a-d0e9-4e6f-84a1-b76571f93ad6,6f309710-9370-44dd-b093-67d072550b6a,1.15,0.02,19/01/2024 01:19:01
11071795-046f-4d41-98dd-8a8943652ad4,33a1fa75-8d65-42e1-be8f-cedf0fc32b96,1.15,0.02,19/01/2024 12:17:26
1fc4ba78-50ae-42a0-a7fa-9ef400df149d,c92e21c0-7b72-407d-a52c-a08ec5ad8d79,1.15,0.02,29/01/2024 19:01:29
aeedf3b8-e98a-4cb5-9bc5-c19b91f4adb4,30ac249c-b6e8-4653-a1c7-59d6d3254a2b,1.15,0.02,25/01/2024 16:47:41
fd6c5ad7-e83e-4154-8d21-f9bbdbc88f98,44a2a44a-fdb4-4022-8388-0ee8b0486e95,1.15,0.02,07/01/2024 08:47:34
e126744b-22d5-4753-a39c-e31731655657,6a4d8867-c236-42aa-aeb4-237c0c1ae41e,1.15,0.02,23/01/2024 15:02:11
05ac40b3-0c2a-4fae-bf10-d1804b50d8be,aa8184d5-39e5-4176-96f7-c3b5c61bb0da,1.15,0.02,10/01/2024 16:06:24
7afc75fc-f790-4978-8ef4-e230e8666cbf,49ae360e-923b-480a-9b62-96be90b72fe1,1.15,0.02,06/01/2024 15:37:43
936478f2-236f-4f06-a429-dfbab243b5b0,ceb545e1-3513-40f3-8ec1-0dd1d4b33883,1.15,0.02,23/01/2024 08:17:50
df615b1f-ac0b-4df9-af56-35821b043341,b21a42f0-b1c3-41d4-9da6-360d9511a9e2,1.15,0.02,02/01/2024 22:42:22
836b63ed-37f3-4963-9ef6-6c3d8f817212,81cf009b-c303-42e2-a7fa-6d54e2013f22,1.15,0.02,05/01/2024 14:36:15
5eec70d2-ff91-46b8-ba74-9d3633d4f507,3e04ab88-f702-442c-a60a-c99d67261250,1.15,0.02,27/01/2024 00:24:21
de98d0bb-7329-40ce-95b6-d815eb45bb75,e3f282d0-4eb4-449b-8711-8975aac0abe6,1.15,0.02,18/01/2024 11:01:21
c565e79a-6d69-470d-bcc3-eeb3ba9e4fcf,3f92bae1-8e81-4281-a874-6d90f2955918,1.15,0.02,03/01/2024 16:01:32
1f042e0e-49a2-46b9-8a9c-2a4946cd72c5,02dd93c9-5ca8-4ced-9c97-d86cfb741e6a,1.15,0.02,27/01/2024 19:47:03
b5ff940e-25cf-46ee-a5e5-407ae20c1b78,e1d76b16-bcb0-4af1-a3e1-b3adf55be47b,1.15,0.02,20/01/2024 23:26:38
e8ecd305-f203-482c-87a2-6d802b3fc866,0f07197c-9171-4782-acab-715e60d1113b,1.15,0.02,12/01/2024 00:53:19
ec9519f9-2350-4381-9e8a-f35946d86f71,56c6e7dc-dda5-40ea-9210-b15b3eb202c1,1.15,0.02,23/01/2024 04:53:00
88791938-30ba-4d27-963f-b5c81df10bd0,e6184205-b6c9-4a78-a077-80e7d6d2b331,1.15,0.02,15/01/2024 11:50:39
61d597d9-6a02-4e2d-930c-77d899221e93,25608447-bb90-4ac5-a2c6-a4fb9b85f12e,1.15,0.02,05/01/2024 01:25:57
068a0c2c-9fec-4215-839b-ac491ee4ac91,d1f91476-1aaf-4c89-8829-0305e54a8879,1.15,0.02,13/01/2024 11:17:40
50771dcc-18a6-4b1b-aad1-e13cf400c583,c276dc9f-8be5-4ce8-a268-55d1166cfecb,1.15,0.02,09/01/2024 04:32:33
d990c62b-97f7-4452-af8c-dc665791e358,f03f6449-da3d-4c19-82db-e67fc490703a,1.15,0.02,26/01/2024 21:48:03
a8a0a316-5fbd-4df6-b575-d64b969a3572,189476b6-da5f-4bd7-806d-9efe0c7ea11b,1.15,0.02,02/01/2024 22:21:26
3f39fee6-4a2f-448d-9de2-f8d07528a04b,36cfe517-330d-4cbd-bf73-695eb5821cfa,1.15,0.02,21/01/2024 12:35:52
ea4c0c2f-535c-4487-b2d9-9b3ea8d9bbb3,15c52915-5df5-478b-a871-2b669b479f90,1.15,0.02,24/01/2024 02:36:39
9288224b-b886-4f35-b713-c9760e77b2f9,72d129d1-3b21-4194-9836-6d333f25df56,1.15,0.021,27/01/2024 14:06:07
4f38e7a7-c2f1-4b90-9b61-b2e04d8d3a61,5173ecbd-7b60-4e4f-85f7-ff50b0a09671,1.15,0.03,01/01/2024 15:29:21
79565909-60bc-4623-8210-a1f4b9a78ed4,81040e1f-fd2f-48c5-a148-92bbdd2948ab,1.15,0.03,09/01/2024 04:04:39
5011a27e-9f99-4183-9249-0c4ad080bb12,b94846ef-72af-4e05-9219-5224b6f7bfb0,1.15,0.03,22/01/2024 19:00:13
f49b0c1c-ae52-4f70-9f93-66181f51a0a8,aa3ab6ab-b692-49c1-b5d2-3c26d5395cc5,1.15,0.03,04/01/2024 15:21:25
49931c3a-df4e-42ef-ae91-b8f0ea6c2d5f,1fb44c55-ac12-41b9-b5f1-023083f93f84,1.15,0.03,03/01/2024 18:36:31
e7bfa673-3f2c-4114-bb13-527c2f334515,97596cf5-8d58-4a78-a3e7-6cf494477b15,1.15,0.03,01/01/2024 21:33:16
0743addd-4d8b-4670-8afa-80d96ac9a065,bae282f9-7c53-4bcf-9f0c-3afce8eb8b45,1.15,0.03,10/01/2024 16:42:09
c23ff5a1-15f2-4f56-9232-a8fc4eb4c92f,e76966f1-5f3c-451c-8231-1a3570807db1,1.15,0.03,21/01/2024 05:31:51
6b93679e-b302-4b6d-ae89-8881a1ec67ba,5bcae238-757c-4c09-bdb8-758dbc57d893,1.15,0.03,13/01/2024 07:51:47
4fc63b5a-fa87-4dce-be76-62a9907e5b57,4c487a55-2992-4334-8ada-2cb12f1bf4ba,1.15,0.03,11/01/2024 19:15:52
640715fd-8fcf-4a65-afea-ba30f147ec03,00980021-d3ef-436b-988c-2e6f7aacaa93,1.15,0.03,05/01/2024 18:36:03
92b02b02-91a0-479a-9605-371862fde52a,44443625-2cde-4981-8cbf-8932b0dc6848,1.15,0.03,18/01/2024 12:16:06
0e17ae1e-6384-4854-a28d-e461ea705474,f7bb204a-c171-43a3-84c7-5d59f336a407,1.15,0.03,24/01/2024 20:35:15
da36bbb5-18df-4d90-b7b4-5024e2528cdc,0820f99d-aba9-4632-9a72-fe1dc4384624,1.15,0.03,14/01/2024 08:34:42
a41012a6-e23a-4fa0-8e13-46d7de9d251f,0e703b84-336a-4a65-9f69-fb2a13200a39,1.15,0.03,28/01/2024 03:37:32
3f1edff3-2fdb-411b-b24a-04b4e35b9a4e,7a2cc87c-dbd1-477e-bc64-bf5f4fbd2e45,1.15,0.03,05/01/2024 19:53:04
be2041f5-9591-4f57-9bfa-4d78589e3781,026fa441-b881-467a-832f-6f571bd95d7b,1.15,0.03,02/01/2024 20:30:39
c21df0ba-1420-43dc-8828-04f0a5ba813d,625f1bc1-714c-4527-a09e-ef6cf1ddffd1,1.15,0.03,28/01/2024 11:35:16
e0814ac7-999c-4ca4-a79b-50b3d4225c6c,27652bae-bf1e-4530-b609-d0d4fba57ecc,1.15,0.03,30/01/2024 16:42:45
33ab12ad-3d55-48d0-99e7-3e0fb2602f74,0ead871d-26dc-436f-8ba5-a5df2ceb07f5,1.15,0.03,22/01/2024 23:35:29
424a5afb-1d9a-4c11-b3cb-490426c1b899,3b4ced5e-ade7-4e81-83c9-7cc89ee5769d,1.15,0.036,21/01/2024 19:38:48
4a6465dd-37b7-4530-bc77-0f4fad8b295b,e675ae5a-cc9c-498d-82ff-1427d6ccd304,1.15,0.039,23/01/2024 16:25:01
ad5da705-a40a-4903-a770-3fb9c1ce02fa,1ea9492f-9f73-4ac3-998a-27b47053aa2f,1.15,0.04,02/01/2024 04:21:17
9d4610d7-4efd-447f-8efd-e10e0dc80390,a15c8c88-a4c6-4f80-af68-6ba7ffdbba05,1.15,0.04,17/01/2024 00:08:52
dc0c756b-ffe9-4685-9015-c3a36392f7d0,a2191c24-46de-45c9-8bc0-13678059ce7e,1.15,0.04,15/01/2024 23:07:16
f2416f19-a91b-4a90-9f50-857419a5faf4,26c0633e-4916-44a9-bd24-a8459a2725a0,1.15,0.04,20/01/2024 04:52:02
91918386-64ec-4909-aa34-2ac51a31cffe,554bc584-b8ad-45ea-bfa4-586b2046485d,1.15,0.04,19/01/2024 14:36:36
19b466c2-8ec4-43f7-9b95-6bcc52942d03,bf8141c1-97cd-4f35-98ae-ac08f31736ff,1.15,0.04,08/01/2024 18:05:53
b46e9aa7-da91-424b-ae92-6e9cb99e62da,dd609658-c582-4d52-89ba-d93acad32bea,1.15,0.04,28/01/2024 10:06:33
c681e344-2294-4514-89cb-43b21cedd793,d76aea2f-3b71-4f41-90fc-1a84205896c8,1.15,0.04,07/01/2024 11:46:05
6bafdd98-4c34-495f-8954-846de9ff543e,599d8f08-ab4c-48c5-9e14-2f0af9fa5e10,1.15,0.04,18/01/2024 17:24:10
04e4f0af-4289-4b7c-b13a-e0fb4fc2f03b,4be442f5-9e99-4097-bf43-42b820fd776f,1.15,0.04,27/01/2024 18:20:06
a3655c8b-3c65-48dc-aab4-dba54cf3ce89,52372d18-1fac-495b-940d-830918f09ec6,1.15,0.04,11/01/2024 10:42:16
667f6a45-b1a4-4f68-8b0a-028570385892,72e67a2e-5a0b-4cf8-84e7-3c1442b6e1a5,1.15,0.04,25/01/2024 15:34:55
85799b30-67ac-455f-8461-9b1596e3b4e5,2e28fb15-1d4e-424a-8eff-51ad9a39bddd,1.15,0.04,12/01/2024 01:14:30
578988b4-df47-4f78-b023-3af8642f535c,1b341cad-d761-4706-9b62-511455b02087,1.15,0.04,16/01/2024 04:33:36
4eb4b5d5-b32c-41e3-8e26-7838c880273a,f9a863b0-87ee-4f4b-9a6c-1809acfad25e,1.15,0.04,08/01/2024 08:52:29
fd2b03e0-5bee-4043-9cab-530c6ade17f6,d1233eb8-9223-42db-a160-c53415332c61,1.15,0.04,05/01/2024 11:40:58
cdaa8d1b-1402-434b-a216-069c340fd792,81039ff0-fac7-46d1-ae30-8a33871c6180,1.15,0.04,22/01/2024 15:40:33
aeb7ffde-bd3d-4a3b-9e6e-70ca9a50e63b,3194617d-ca58-4816-8d9f-e195b770cf20,1.15,0.04,07/01/2024 02:24:36
fff0a006-1c97-4ab8-9183-4393b2e1a5a3,4fd3d908-8abf-4b13-a1de-920a657422e7,1.15,0.04,13/01/2024 07:51:52
ba8c1718-9c61-4268-8e65-db9fdf0432cd,3b35772b-687f-4f0f-bce2-4e74aa890bb0,1.15,0.04,08/01/2024 20:01:18
7cab1190-7835-4ef5-b94b-4ddf6bcfe6f2,44795050-3533-4744-8fd3-24399392c990,1.15,0.04,11/01/2024 03:34:44
c6ebcb36-d891-41bb-9e08-5cfa3c7792ad,7dccf6ef-5be1-4ebd-9903-bb44ee454025,1.15,0.04,02/01/2024 19:07:35
5911a708-0e2b-42ca-98c8-8034ea510614,26a1291a-1a39-49a2-a60b-4bd6a415af44,1.15,0.04,23/01/2024 09:32:29
7bc57862-0ad4-4de3-bfb4-16bb7ff9e751,fc58a680-c09a-4285-9f2f-bf413dd32b7f,1.15,0.045,29/01/2024 14:04:07
58e37649-0713-4d81-92aa-3ebbe716dcfb,20ef22e2-2733-4553-a6ab-e2420d66fa5a,1.15,0.05,15/01/2024 05:41:58
3cdc20fe-0f41-4722-966b-543aedc53456,5ba44ced-c0b0-41fd-9eb1-8d1c9f88e322,1.15,0.05,10/01/2024 22:21:46
b920223c-a0d8-42b1-a122-7ed060c16e07,6e0b1242-6e86-4b1c-8186-c3787e27475a,1.15,0.05,11/01/2024 02:32:43
91539617-1ec8-453c-9e97-7f81b32157ee,1cffd41a-b003-440a-8910-c1436720cf29,1.15,0.05,29/01/2024 11:08:59
acefc793-f22a-44ca-84d8-c1f9555de618,cfecb6de-7c42-401a-8052-50bfe5c5a299,1.15,0.05,28/01/2024 10:04:00
762ac8d1-3878-4f50-83d4-5d82d8a1b63e,01477c84-2309-4bdd-94d3-9cf39fb9d333,1.15,0.05,24/01/2024 03:31:03
81333446-a1c2-4267-bef9-2b666b53c3ad,8acce034-b4da-41de-9f69-b13c6ea4a56f,1.15,0.05,16/01/2024 10:11:39
d96bcf26-6bc5-4d8e-a8bc-aed9f2770e77,841df67d-0b04-44a5-930e-87771e0a7d44,1.15,0.05,15/01/2024 22:49:56
994313e0-f572-498a-a84c-d3a2c16ec233,f519ec86-3b24-4186-9e52-a8705cefa6e1,1.15,0.05,09/01/2024 06:03:19
bd2f92cd-ed75-4b1a-9f18-8360258ed845,742a9d4b-e3ea-4af4-8c3b-b1dfd38b812a,1.15,0.05,26/01/2024 02:33:13
c7a7cdbd-fc3b-48bd-853c-7baa829d70ca,42084ad1-23f8-4c8e-b16e-944a82ee79e4,1.15,0.05,18/01/2024 17:59:23
b5920802-47fd-42e1-ae59-46221a479023,d1135b00-51a6-43bd-b8e2-1dd906e7b4e2,1.15,0.05,29/01/2024 09:17:22
6b6e8a45-03ad-400e-8fc6-5d17988bf86f,605f8eb8-a243-4596-bc8f-39344aacd5eb,1.15,0.05,23/01/2024 07:16:59
62ffd87a-20b8-470a-87cb-51d27a53ec19,7a6ac5d9-38d6-4667-a78e-9a2feb3bd121,1.15,0.05,13/01/2024 13:07:54
2a6d7a86-6cee-4449-aa86-10a04d39fa02,46a42a7e-e55e-41c1-a9f3-13a7eb2c5fd5,1.15,0.05,08/01/2024 16:10:47
2a2e5e6f-6169-4d38-bf45-4d528468599d,72c85d4c-efe7-4b84-9407-fbedfcb332a8,1.15,0.05,30/01/2024 10:38:33
5af5ffc2-1a59-45d5-a882-a05dc05b1324,d68b61cb-f5e0-4839-a732-12661aa0b065,1.15,0.05,02/01/2024 11:49:56
7239fbdb-1bd5-4457-bde8-7608f4e57956,0d4b2c64-e4f3-4264-9d3a-b15b64ffaf1c,1.15,0.05,24/01/2024 00:58:27
ed09b77e-98d3-4358-b1bc-978c397d2ebe,7657abc0-fd14-493f-ab02-3e3b2bbc8efc,1.15,0.05,03/01/2024 18:19:21
a35c1285-8fc8-437c-ade5-5d7a5ae85fea,9a02faf3-91cc-4ec3-916a-5a879a24b60e,1.15,0.054,09/01/2024 00:48:50
b17b3fdf-5280-48c9-aa94-5a6a80044941,9063c6ae-a5bc-4871-9c70-8a84b890b97a,1.15,0.06,13/01/2024 06:40:43
13483372-844c-47da-aa91-e1d8c1229dc2,dc65785c-8f36-4582-8c87-dd24f708cc23,1.15,0.06,10/01/2024 04:35:26
42f65438-27a2-4b53-8630-937e0d49ba06,a265e929-51ef-45de-bc9c-10abfb9fe8cc,1.15,0.06,25/01/2024 02:30:08
1a360c53-0f5b-4584-83bc-42b1bdad58cd,0448dc54-3580-4623-a46f-359cf7a5a7ba,1.15,0.06,13/01/2024 00:29:07
2522cd91-95d6-4091-a731-f5870081cd0f,8313cd61-36f6-457c-b026-824bb03ac6a6,1.15,0.06,08/01/2024 05:53:24
92227ddf-7245-42b6-90e9-061dc9bfcefa,dc23439f-8548-4cee-afe2-4475a84b39f4,1.15,0.06,08/01/2024 00:51:57
7e0dafdf-f753-4ede-bc1b-08e154d56b3c,b6659e17-4db9-436a-9e0f-78d62183f940,1.15,0.06,15/01/2024 02:22:43
eb85438d-709b-4339-aea2-6eea0a8f8dca,95d7dc5c-28f3-4604-b39c-5cd1ee419a46,1.15,0.06,29/01/2024 09:48:34
c77d1d2a-1df6-4a23-ae5f-11bd12f9443b,9dc8c6d0-8234-4666-8468-cfd6bd743be2,1.15,0.06,26/01/2024 22:57:28
ce4017d3-0676-4b28-9ca2-71051927a29f,8740408a-66a5-439a-b4c8-5c4eb798ba05,1.15,0.06,05/01/2024 23:36:03
a5d98e0a-8535-41bd-b177-ef17261a6835,ab9922ef-5d29-4786-858d-b64695d81287,1.15,0.06,19/01/2024 19:54:17
79919e5b-5b36-492b-91f3-595b73870fd4,9001fa36-65cb-4e3b-9eec-259f3dd9edd9,1.15,0.06,23/01/2024 21:01:17
b5dece7d-f75a-4acd-9142-5307b3eeda76,a5a4caea-c168-41ec-8308-5af72865120c,1.15,0.06,21/01/2024 13:15:26
40b5e388-306a-4e07-ac6e-607f6a90b91f,d8726186-95f3-4780-9717-5e353ca64142,1.15,0.06,11/01/2024 01:52:57
daab755d-af01-489a-bda6-d4814e7dafcc,16a3e029-d1e8-4aa3-8005-245c3bb85dc2,1.15,0.06,19/01/2024 13:25:45
c6d88da5-cfa4-4b70-962f-436f7937c291,82e35484-b9c0-4523-b706-1a2729e0c00e,1.15,0.06,01/01/2024 21:36:51
d37bed83-d846-49ed-90da-042f4625141a,e6f8b0df-8f1f-422d-b994-38b9733002ac,1.15,0.06,16/01/2024 13:29:03
657c08a3-9c8b-45e8-a261-ed98ed58dda7,dade41fa-faec-401a-bb30-1d90b2d2871d,1.15,0.06,28/01/2024 15:34:13
de041ebd-ad70-4297-ac51-6616999781f8,f7f6fd15-9c04-4c4f-a7fb-caba1a1e5c71,1.15,0.06,04/01/2024 08:35:20
c2bc77f6-cc88-4e50-b9bd-811b324df3ef,8cac0c04-c910-40d5-9a6d-7f7467a8dc1a,1.15,0.06,11/01/2024 11:53:04
bb46cb69-0534-4838-b681-1bddc07556d3,73ef7f16-e4bd-49ae-8dda-965e8718ba60,1.15,0.06,05/01/2024 16:08:40
2a8aea1f-0974-4a0d-b90c-7f7077eaa11d,32931da1-1283-497b-9d21-6cca2ff39b44,1.15,0.063,03/01/2024 06:23:27
7162932e-aed3-479b-9ad4-0a2b3b95c44a,90d19776-8499-4d8d-9526-30e682436eae,1.15,0.07,27/01/2024 08:23:10
809fa9ca-1e94-40af-a417-1a7f20fb86d8,9e8914f1-e73e-43c8-8906-5c32ed8f9f5b,1.15,0.07,17/01/2024 18:14:13
d3b9eb96-2c58-49f1-af95-1f178ccdbc40,383d3893-9692-4cf3-bc30-273a332609fb,1.15,0.07,21/01/2024 06:43:01
187b13cb-51dd-4929-b8df-d1a6baf19272,610122b4-10eb-4549-a123-fba6adfd6a3d,1.15,0.07,14/01/2024 21:42:23
0ccd60cd-200b-444a-99ec-fa438a72d63b,47460392-d899-4075-8b57-b0669de3c5cd,1.15,0.07,20/01/2024 09:10:41
92c775bc-d45c-47f3-851b-c41fab8adb8e,3154e330-6515-4e5f-8c43-4ecbc1df0e33,1.15,0.07,07/01/2024 22:58:28
31fe8b8f-10fd-4177-8ac5-b74d55469c2c,ef118d22-e416-4e64-a100-f2eb3102821c,1.15,0.07,06/01/2024 11:38:15
fffd7c34-0f83-4b96-9477-62da8acc5f0b,f1457fdf-ee39-4057-98e3-62d152bbe161,1.15,0.07,27/01/2024 06:02:02
c10e3607-7721-4b6d-82ef-de62f3712ee3,852e7dd3-1912-4ea8-b0f0-112bb4148dac,1.15,0.07,21/01/2024 17:28:08
eec5b7ea-32f3-4d4f-b11b-1061279d0d5d,c53d259d-adc8-4633-a324-6f367cc73cf1,1.15,0.07,07/01/2024 17:05:39
68044b9b-2e38-4f09-8542-3ee8b0387cf2,b21d2a50-a27e-4d39-bf1e-02e11f66d25c,1.15,0.07,19/01/2024 02:45:23
32c660b4-11e8-4efe-8c5d-2793c9cf6583,af629992-9e68-4205-88b1-d7b666f3d49c,1.15,0.07,06/01/2024 03:19:19
bb022822-871c-44c1-becc-1ea61ba2939b,36da7750-cae7-411f-b614-e555323bb815,1.15,0.07,15/01/2024 04:23:57
4c35b1b1-0df6-47b9-8ea9-a36a080df4d5,185cfeca-c85a-4990-9ca9-16ad65bb53da,1.15,0.07,01/01/2024 08:50:34
ee69ffca-2571-4ed2-b826-623851e97c09,622138bb-2c58-4129-80ad-ffd26bf015c2,1.15,0.07,09/01/2024 02:59:30
acb26db8-8b3d-4e26-8f9b-b5b7f6408568,66d2180d-cf51-4e5e-8b78-28fad97cc420,1.15,0.07,07/01/2024 23:04:25
b75c9da8-b4a8-4a5d-b859-7bbcb60d1afc,f42eb133-1745-4ad7-808e-7e46b8b32bf8,1.15,0.07,24/01/2024 13:00:29
0e93e8b7-7c8d-4040-b431-e08eb0ecbfdd,7d9085a2-6405-4d6d-83f4-fa32890d705a,1.15,0.07,22/01/2024 20:29:33
13604440-3e21-4c57-acf4-4417e7506940,420438e4-b4d1-4b14-8729-4b2fccb0035d,1.15,0.07,02/01/2024 02:29:45
363b259b-3e01-4591-89ab-0123cd2c02b6,437915c7-64eb-400c-9cf2-3b86255dfe89,1.15,0.07,29/01/2024 11:05:03
92cd3041-ba2e-421d-ac9d-8d505300ad03,1185f40b-2227-4a1f-933a-a4b37d82fdba,1.15,0.07,05/01/2024 02:11:05
e8c10daf-97f5-4915-8bc8-eb6f7423924f,3987cec9-8a7f-4025-b7bd-38c278eb22b1,1.15,0.07,01/01/2024 05:45:57
50f05e51-1836-4ce1-b429-76144055902b,3f304b86-3e73-4125-bb8c-d40c31b61f2e,1.15,0.07,26/01/2024 22:57:43
cbdd8f2f-a18f-4186-ad93-e5c216161951,2d6cdb62-77ea-452b-836c-91b35498d043,1.15,0.08,04/01/2024 13:29:11
e6619e56-b1d2-4e6e-acc9-7b2044ec508d,bcc610e2-7e83-4774-a1f5-b7c3ec6cc8ed,1.15,0.08,30/01/2024 12:40:24
41138cae-49c1-4f95-a1f4-0b9aa36dc17f,cdef7a02-ca13-46b7-b29b-f7457117d2a0,1.15,0.08,17/01/2024 05:05:03
b5178b30-f096-4d31-98e1-9bfdac893bae,13815ea7-bf40-4b4b-a6e6-f4bf005f588b,1.15,0.08,14/01/2024 00:58:03
72dcdb01-1591-4fc9-b01a-ff56b477a541,ae8b528d-0729-46b3-b56e-a40f76936e42,1.15,0.08,22/01/2024 08:09:11
3ff90427-76da-4b05-a6c2-880feca3a0c8,5462db72-1df6-41c5-8946-0711ca1f7493,1.15,0.08,23/01/2024 00:31:57
bb407f0e-721c-4ee4-bd5b-d98443286a83,2d7a6c9e-6a8f-489c-bf2c-72ed45e1dc0c,1.15,0.08,14/01/2024 03:45:10
4fc02e01-bd74-426b-9610-2c9e2e32c76e,7e9c4199-66a9-43eb-828a-5cfadd7a2187,1.15,0.08,06/01/2024 15:57:31
6c57c331-e86b-47c6-a944-d9dcbf19b404,a8452fbb-270c-4316-87d2-277d81ffda25,1.15,0.08,11/01/2024 17:03:18
514ebf20-98dc-415f-ad48-8cc1b9baaa01,6adea049-7074-4a19-9c8e-ef090e8e73b7,1.15,0.08,19/01/2024 11:25:02
0d4f2a63-ceaa-4312-94ef-2d333a4edbc8,070fb334-9f02-4290-812b-7fb156bb9f6b,1.15,0.08,05/01/2024 13:51:20
df42dbeb-016a-4b88-be4e-45274f4913cb,32c46f92-276c-4764-ac47-bbc5a680ab3a,1.15,0.08,15/01/2024 09:56:03
060537a3-2d07-4d0d-af4e-29dbdb0de733,6093183c-8e5d-4360-8ce6-a3edd9ae2dca,1.15,0.08,17/01/2024 22:14:43
747b45f5-1b74-4ed3-934c-0945a78e4882,5d410246-aaa7-4352-9f61-e4f8591186a1,1.15,0.08,27/01/2024 23:07:15
0f9b7f54-3dd3-4e96-8182-c49d677434c8,4a6ef2c9-2302-41f8-912a-b3bd636ec822,1.15,0.08,11/01/2024 20:12:41
c8990010-3d4b-4aaf-8801-c5b072689b6e,4ca6096d-edb2-40f4-a3c1-87b5ced9e4da,1.15,0.087,12/01/2024 08:47:11
8f457fa0-b328-46fc-9686-b4447915eacc,6759b073-29f5-4a5c-902f-f4f59e33172c,1.15,0.087,13/01/2024 00:24:08
6bfab76d-e1e9-4424-b749-060875912eb7,dde046d3-edf4-413b-9231-76ac553a1bc5,1.15,0.087,24/01/2024 04:13:40
4f8ab47b-8309-4270-bb45-4c067936ad5d,9604b5bc-43f3-4188-9943-2d69bf0b4829,1.15,0.087,25/01/2024 01:03:15
6ffda537-a988-4584-bf56-5429f5be85ef,2cb2e8de-fd64-4dcb-a257-7911534f31ec,1.15,0.087,23/01/2024 09:48:50
f071dd11-8a26-4f7e-8fd6-065ca9ceb084,469fa890-146a-4073-90cc-80e7b02d618a,1.15,0.087,29/01/2024 13:11:31
bc7d2017-df64-4695-b146-58b00dfe076d,fee86361-bc04-429e-8a52-9c02495b0027,1.15,0.087,01/01/2024 05:26:23
0db462b9-7670-497d-9574-c2ebf9306983,053da841-16ae-460b-957c-1ec37dde4c8b,1.15,0.087,26/01/2024 00:21:25
fd7cde83-6e45-4546-9b0e-10e4c8c98bc7,ed105528-34c0-4873-a5d2-16e5a5dbf1d4,1.15,0.087,30/01/2024 11:02:42
84b59595-c137-4fcd-ab4b-f1cc4b6d0a94,68ce2548-51b9-4c62-a70d-fb67aa9b13b5,1.15,0.087,03/01/2024 04:29:43
fe24d6c7-36bb-4f23-9553-c8c8a08f7149,5eb57e49-32a2-4911-ac94-4267aa7be192,1.15,0.087,26/01/2024 13:51:48
afe29f36-1671-47e1-b107-b061085d6193,886d4c5f-b4cf-471b-bec8-7a04102814a0,1.15,0.087,16/01/2024 12:21:53
58bdfa31-a68f-450c-a608-c7b13d6ace4d,95805eba-be5b-4437-8b30-4fe2df58c8a1,1.15,0.087,04/01/2024 12:24:00
97b9c42e-88c0-447f-b0dc-e73bb61c786c,7e915eda-b8c3-47e8-842f-237e1a022536,1.15,0.087,03/01/2024 05:34:14
2e75dd80-ec32-47f3-8d0d-6ab754eeff82,4eeb18e3-476e-4f3d-a773-1d8edf9e318e,1.15,0.087,05/01/2024 14:55:35
654908d5-73fb-4f54-88ba-e85a68b2a176,88bf9795-3c6a-4fba-8203-3f4bc5ccbe6e,1.15,0.087,14/01/2024 23:56:39
04d32d2c-e601-40ea-b605-06f88ad4f779,50a92d55-d639-44fa-80dc-3bf44dfdda59,1.15,0.087,13/01/2024 23:34:53
264a2223-3eed-4f51-96da-c6e1c72f8223,860bef9d-0693-4d87-a6c8-c369ac2b8f6a,1.15,0.087,12/01/2024 10:59:02
da078c78-2405-44f1-aae6-d0f751cc4b75,bbb2ce72-1d31-478e-8f2d-eac968437fc9,1.15,0.087,24/01/2024 21:34:17
26ce37b3-8f5e-44f4-8518-b0bb6e300016,8a50175d-ec16-4df6-8f2f-2e595aaae8b2,1.15,0.087,02/01/2024 21:21:11
98dc8cad-b553-4626-9078-1ffafde5c9d7,87b22c81-5da8-4389-a728-e6e2764b2a92,1.15,0.087,19/01/2024 22:30:23
80f021ae-1a39-4720-8554-87d997825036,e97fda88-bc7f-4dde-b3af-c13e0fba4ec6,1.15,0.087,27/01/2024 12:41:25
39fdd25c-c8dd-4c15-8d74-026b15406f46,02cc2a70-84ac-4660-9daf-4964f587d1cd,1.15,0.087,17/01/2024 20:57:15
691d29d4-589c-4858-9d5c-251776bda83a,7fcdeed9-8455-4fde-9289-60fec3b78425,1.15,0.087,07/01/2024 10:38:29
42b41e96-4bc2-47ce-a3a0-a82675fe0665,0c674ca6-face-4300-af13-458f8af6dce1,1.15,0.087,24/01/2024 15:01:53
d298830f-2d68-4897-93ed-22af71259b76,65d0c9c0-b12a-4330-91af-8f07da668e51,1.15,0.087,26/01/2024 05:16:50
2bd38de0-2a04-4b81-b1f6-33199d3cbaf2,8c3792fe-e57e-4e6c-a9ac-fe3622a8ad65,1.15,0.087,06/01/2024 23:36:34
b6be8688-e0fc-4db9-b429-5aa8c5201ddc,a70ca6ea-d2bf-4f99-a346-7d715b7b8b92,1.15,0.087,03/01/2024 02:26:00
064df085-8f0b-433f-a61b-880d61898a0e,0e3a7066-ad2b-4b4f-a22b-11bb01015c20,1.15,0.087,05/01/2024 08:06:33
6a8be0b1-cbae-4f66-8449-66c443bd64b4,75980d28-9117-4831-84aa-627ec3608452,1.15,0.087,02/01/2024 09:33:12
6363db75-0c8c-486b-92af-082e8a3d9492,b0f539d5-f5e6-4d98-8ae4-2d6261c08223,1.15,0.087,22/01/2024 07:08:53
7cbc3fd0-1dec-4116-8622-c0209d75724d,7bad04c2-4d2f-4580-bb12-db261de41a58,1.15,0.087,05/01/2024 13:06:26
912e0ca0-471c-4644-8b9d-67059e199082,aaa89770-cfed-448d-859e-9dfeb3d7dc3e,1.15,0.087,22/01/2024 23:49:47
31b70a75-9879-4447-ad50-6258803a1fd0,0de135de-5b5b-4533-a198-cbf320895eef,1.15,0.087,06/01/2024 09:55:34
3198da7f-42c7-4359-8127-a9766bfdb034,30856d7a-0f06-40e4-8132-2e0768747243,1.15,0.087,01/01/2024 11:36:19
ba32564b-67e0-491a-a098-1c9da00b2bb2,eb7f07dd-9c3d-4d6e-b156-535eac720414,1.15,0.087,28/01/2024 08:27:20
78068597-2f6e-4e81-9a3e-d6329c37ddad,bf94f450-885e-4bca-ab0c-584ddf8e5c6b,1.15,0.087,13/01/2024 01:30:33
5c717c51-21d1-4612-b422-b012252b13e7,55833c62-dc4a-4b8b-8653-2b54f67e831e,1.15,0.087,20/01/2024 11:24:27
45932f9f-6806-47d2-b5ab-32036398d51f,bd7122c9-5ab5-4327-9440-129890c5d94b,1.15,0.087,25/01/2024 20:21:50
f1cc596f-81a1-4f40-862a-b3d58c45fc58,67720acb-dd5a-42ac-a644-d7823860845d,1.15,0.087,01/01/2024 01:25:27
03fcbb7e-9d9a-42af-9f56-df8cf1ce1435,e70896ee-8646-4771-bc48-b132bf82e9ed,1.15,0.087,08/01/2024 02:07:51
35a73c1d-eb7b-45a5-8d42-9e847c192d86,9ca121df-1b58-4aaa-87bb-f400af7eb7b2,1.15,0.09,17/01/2024 11:24:43
e315dafa-7c05-42e2-a202-43ed4ad04dab,c2aec1c9-676e-49f1-b6e7-c35dcd6ebc77,1.15,0.09,16/01/2024 06:40:39
cb21e476-ac23-4b42-b39f-87d7dade0ab4,f99a7573-b4c7-4065-95e0-e691bbd36fc0,1.15,0.09,24/01/2024 01:48:25
dcb26ac8-731e-4c1f-9a2e-38d78c2314db,40e59763-241b-4e8d-beb6-79df638d5a44,1.15,0.09,28/01/2024 08:42:57
88a140f1-2e93-4fc1-b813-df41bec08801,4a10f453-f277-48ee-a469-8c178ebb8cea,1.15,0.09,14/01/2024 02:10:25
3cace394-cff7-4f92-a7a0-24533c2527ef,c29d3245-a684-4a53-a6bb-850a5a0341ad,1.15,0.09,28/01/2024 02:15:51
17cf64b5-4ca3-4fb3-8b70-52fb0a674734,356ffea5-be57-4f79-a83d-52d8461d794d,1.15,0.09,22/01/2024 02:02:38
f08df15b-771b-4289-a3b6-711fe3d209f5,de27a01c-829b-4871-ae22-756818293049,1.15,0.09,17/01/2024 20:51:38
09b4ba21-a7a6-4dfa-9c94-1e1f1e1e78b2,9947f5dd-9d8e-4cbb-ae85-1875a90f4a77,1.15,0.09,06/01/2024 04:14:10
ef338314-e5a2-4e9f-ad63-fd77ff4d3911,2f49f498-e19d-4110-b00c-b78394d5b667,1.15,0.09,10/01/2024 18:08:46
44c4b2fc-302e-4910-a9ac-bf5704d33690,e76bddb2-bdec-48ad-aae8-d3bd020a3046,1.15,0.09,23/01/2024 11:50:05
acd9dfa1-2979-4e8a-863b-a2e261f680df,15fce195-17d3-47ec-aa24-93d99f9fd344,1.15,0.09,27/01/2024 18:21:19
ebcff8b9-c069-43d3-813d-0af4a5fc5244,4e5f8617-8d9a-4d87-bf8c-87f0b4df2bb3,1.15,0.09,17/01/2024 04:13:48
f491f335-74c0-4107-bb32-b9e2c5e973d7,ac7bcd69-bebc-4095-af84-2235cf1d82bb,1.15,0.09,10/01/2024 12:55:48
e60aabf0-38f4-47bc-8aa9-ccfe8fd40d07,039dc65e-249a-4a38-8a90-add909fcadc2,1.15,0.09,04/01/2024 10:23:02
29779da0-be20-4d63-88b9-4613687a37fd,83a17aa7-b520-499f-8143-2269f9fe6acb,1.15,0.09,02/01/2024 22:41:42
2017e27f-46e5-4225-b42c-c27cde8df41a,21da15d9-1e4e-4a45-9d87-e9877f33898f,1.15,0.09,24/01/2024 07:00:12
c58ec6d7-4903-40ad-b79b-50980887d045,7e1166f4-6456-4479-b034-b74177ab1558,1.15,0.09,08/01/2024 04:37:54
661756d8-0d09-45d1-8d67-3e062bda8b06,bae6ea12-ace7-4b9b-bb41-89c1af9dc558,1.15,0.09,27/01/2024 18:56:46
01ff9fed-c515-4fe8-b7de-45ee0eadd59e,a6745469-2094-4238-803c-cf45cd23d9bf,1.15,0.09,23/01/2024 15:17:11
2c8aea87-2abc-41e9-87fe-955aed43370b,23ade46e-3ffc-48e8-95b1-9f67fbf691b9,1.15,0.09,18/01/2024 07:58:54
7d4fe2e4-aa51-4e27-b8fb-4c7abb26385a,a5472f88-4acd-4efe-8436-ed9d23d9664b,1.15,0.09,11/01/2024 13:48:45
5910fce5-d577-4af6-b190-04744f52b416,d46fd259-80a7-4a9b-abf3-38c66f46f415,1.15,0.09,27/01/2024 08:26:15
eecc6ac1-bcd7-4fc7-aa84-6335f5860b3d,dec3dfcb-2b5e-4eed-8519-8e9e59849613,1.15,0.09,08/01/2024 02:10:44
e8a5472b-f5f2-4151-a368-e3b2b2e970e9,3150f254-2b80-4b3e-b959-186d0a50877f,1.15,0.09,04/01/2024 23:26:14
e6cdf68a-d7ad-4000-81cd-505e8664c9c2,a25c18f3-e9fa-4994-ad60-a3a9a8f09438,1.15,0.09,30/01/2024 12:55:53
5373f5c9-ddb4-4256-b918-716358f6b04b,b5ed7196-6c75-42a7-80b3-2d348dc9b67a,1.15,0.09,27/01/2024 09:17:38
0ddb48ff-cde1-494a-8f9b-bcbc15ae84a3,c9b2112e-b41c-4be5-8a90-f09b080267dd,1.15,0.09,04/01/2024 14:27:41
3e2c2ddd-6a0a-4a00-a34f-39082f4eb11b,d842b718-4311-4f9f-a069-4bde7e439e3a,1.15,0.096,03/01/2024 10:08:53
70c211a5-982c-42c2-95c5-a430e323700d,bf9e1b26-a430-4f3b-a6e6-99fb5f5a5de2,1.15,0.1,25/01/2024 03:37:50
c5da15ff-58ce-49be-b9b8-7dfb53229808,695a52af-0296-46ca-92e0-7d46c961df73,1.15,0.1,11/01/2024 08:33:00
a64a91d6-e21d-43bd-ad5d-6757ff5c8e9f,36f02f06-3ab9-4c6a-88e6-0e4b72c2ebe5,1.15,0.1,20/01/2024 20:15:23
20780278-690d-45b8-926b-2309540517df,97db0ff6-6f1c-45d6-bee1-cbd6e109c252,1.15,0.1,10/01/2024 13:18:15
98bf9924-8210-44b4-a41a-87a639fd1b5a,2aa5547c-8065-4233-b895-50dd5d4cbfd4,1.15,0.1,06/01/2024 09:06:10
50ab4858-7fea-4716-ae61-67027468586f,a55df7c3-1b29-47f5-bccf-3c365a84e3aa,1.15,0.1,27/01/2024 18:25:53
3dc66107-9d2d-4143-874e-c0b3a232b5f9,57ae9728-ee0b-4595-adff-0913726b4ab4,1.15,0.1,29/01/2024 02:35:20
d21a8257-d85e-4fcd-9b0a-6102f5dfe3a7,7b10c362-5022-4a09-8733-1115e108bd3f,1.15,0.1,27/01/2024 01:13:33
cf282a46-7e04-4421-9e6a-03b3a8a6ce94,a46cf165-ce15-4c65-a10c-93923c7fe5b9,1.15,0.1,13/01/2024 03:27:00
992fbb6c-0914-4f22-8d4f-bc49f83ca7d0,4e3808e6-6ced-4974-bd04-1410c63cc8ec,1.15,0.1,12/01/2024 08:36:24
065c140f-e1d3-45f8-96ec-80069cc30f8d,330d304a-35df-4b07-ad24-c6ae7c7e4603,1.15,0.1,03/01/2024 07:57:03
0cac99d1-fda2-4a71-b457-82f02c3a476b,f9d2765d-3240-4ecb-b9f6-c197d4b579af,1.15,0.1,21/01/2024 13:48:01
57a547f7-81ec-408f-bbeb-f777a6796c8a,4c053ea6-628f-4ad1-8f60-2118bdc5023e,1.15,0.1,24/01/2024 17:57:47
9130abac-7a18-4f52-844f-751aa087617c,cec749ab-e940-46d4-8ca5-935d58db3cf6,1.15,0.1,17/01/2024 22:12:20
b2703dee-b9a6-4ad3-bc05-6b858c062cd5,556796ce-6d67-4679-aa40-536145d1009f,1.15,0.1,17/01/2024 12:12:14
624f7e64-8e9a-4007-ae6f-666d6d8f7dca,ea7114d9-a5d8-42a1-a0b0-71294a55afce,1.15,0.1,18/01/2024 13:13:27
670398e2-cb2c-46ce-8eed-741d5b90f8ac,d03cb3d2-b94c-4795-b051-9198f8d9b3fc,1.15,0.1,20/01/2024 01:00:07
7ed597f2-6470-4d1c-9ea1-64c544c46d8b,4753d0f9-ab2c-4fff-bcf3-4002f8b26a5f,1.15,0.1,04/01/2024 11:11:21
fbcbb6a3-f593-4c56-b98f-ff25ae38536a,bee84fca-4ff9-45e1-a8af-b063e241ea9c,1.15,0.1,26/01/2024 13:01:28
97bc52e4-5aaf-4acf-a6c3-a30d627107f0,f9a34f85-1c17-4a56-bb65-6ac2d14be438,1.15,0.1,03/01/2024 13:53:00
4bab930b-52fd-4164-b8d1-e21ce9154cd0,bb57a59d-06b7-4636-afd1-68c99733f95d,1.15,0.1,23/01/2024 00:08:29
12ebdf9b-098c-44a6-bab1-c66950243b34,6306070a-a2da-4ef3-b022-ef7e79dfee5b,1.15,0.105,02/01/2024 09:48:12
92dcbe5c-7cca-4580-be71-a344ec3ef419,dd846efe-84fe-4dee-b64f-798ac088a323,1.15,0.11,16/01/2024 19:18:56
dff24c57-01dc-404f-a4a8-65f9fb1f7eed,2c50a2d2-149b-49a0-bcfd-603220108e3d,1.15,0.11,07/01/2024 18:31:30
f372931b-be1d-4991-856b-64fa093db894,b541b117-d873-421f-b708-8d5dc8948b74,1.15,0.11,20/01/2024 13:32:36
7854ebbf-cb8e-468d-a991-92030bb82cb9,e2c4cbe4-0b3f-4f20-a7b9-e7195004cdf4,1.15,0.11,23/01/2024 04:48:40
4f90c2d9-e223-456c-8b9b-91b900170100,ef60e500-43b4-48be-afa7-36bb5acecedb,1.15,0.11,29/01/2024 15:47:35
d62babfc-0d67-480c-a3ef-94f641227f99,0b81286f-00af-4ad0-ad3a-dc0fad9cd47d,1.15,0.11,29/01/2024 15:49:40
2e2c4398-b0a4-49c2-9d9d-c6e3bc854e53,d6280893-22f5-4ea8-a015-86d72a4a4e81,1.15,0.11,06/01/2024 10:10:40
032abcde-06c9-431a-9a00-5bca5823e9c1,ac4c1601-1ca1-47b3-91e5-65dc38d1fd17,1.15,0.11,12/01/2024 02:07:36
02adf432-905f-49e8-9e5d-fdf3819af806,9764f355-ee98-4975-b74e-31b9a5141b31,1.15,0.11,01/01/2024 11:57:08
33f1e76f-b90c-40dc-9b18-802e1d8e1c12,7b39480e-3a64-4886-969f-8fbcbdd347b5,1.15,0.11,08/01/2024 01:11:37
a87ea2e8-f7ea-484e-9b58-ae11ffbc0edb,8844ba4b-002d-4a69-ba59-c59de3551d22,1.15,0.11,24/01/2024 07:11:54
417bd2ca-c4bf-496a-91a9-3ddfd6faab8f,98aa7de6-806b-466b-8a22-52dfef4fc17f,1.15,0.11,28/01/2024 17:28:01
73c1fe3e-ff7f-4937-845a-4f01e927d695,25dd40e7-d8f8-4e1d-8910-61fbd1a84910,1.15,0.11,30/01/2024 16:05:05
c30fc1ce-8981-4874-931e-328b6d870f0b,e311a8ca-cd66-4b35-bb58-2d9917d55a03,1.15,0.11,17/01/2024 21:42:54
92586b46-49bd-4bb6-b22e-fbe266e84a0b,13481537-01b9-4e65-9e24-d7523fddad32,1.15,0.11,27/01/2024 21:44:40
d55e0196-2fda-4e71-b485-6cf0a07ffa47,442650ce-1a08-4271-926e-1fbb78e2fe6a,1.15,0.11,24/01/2024 00:17:44
edb1faa2-8dd3-4a3f-82d5-6c152f2c14bd,e9158712-cf44-4964-a1b1-de8a351584a9,1.15,0.11,01/01/2024 19:06:14
243a8363-5903-478e-ac04-90f56ded6f7c,79386216-e986-4946-8d18-cbf8d77206ce,1.15,0.11,10/01/2024 05:43:21
06c8a83d-618d-4889-a7d2-31b6152e93ec,534c8f2d-4e2d-4151-afcf-e26ce49ea2b6,1.15,0.11,19/01/2024 21:03:31
79eef811-4a96-4055-947b-ff3faeea5d07,b8de7c75-c054-4a3c-a75f-e52ff137faa2,1.15,0.11,04/01/2024 16:36:21
b5921653-2a44-4648-ae5d-9639df36ebcd,56475ffd-8ac2-4018-b13a-ff1cc8e26d6e,1.15,0.111,13/01/2024 15:04:09
0ee95a7b-90d0-45cf-b475-e40851381742,5a9effb5-12bd-4608-809b-47dd96125158,1.15,0.114,08/01/2024 03:34:57
cc03ef3c-3ea6-4b0b-bfd4-253e4b23f02e,ac0d88c1-6a36-46e8-be90-98b14209248f,1.15,0.12,21/01/2024 20:32:42
71de2e77-0f90-43c9-9455-9b8619825254,e498493a-a231-4871-8fde-33bf1f3a21d4,1.15,0.12,03/01/2024 16:06:28
a22c8b33-cba6-4034-932b-1c36ec8865e8,043f5d4f-44ff-414f-991f-756a2d25b3d2,1.15,0.12,15/01/2024 01:26:20
22c5b172-9257-4edf-8659-d3bd14d61dae,7c8f0015-c4bf-4775-9796-d9acb47e3031,1.15,0.12,09/01/2024 20:31:21
42e66d99-a35f-44e0-9d8b-519b9e97796b,28d94756-0c50-4244-af64-248d4b938ab3,1.15,0.12,10/01/2024 13:22:39
9ce5b1ed-8721-4295-81ec-579f22eb16c5,57a6f887-ff61-4324-b32a-b5e912278d13,1.15,0.12,22/01/2024 05:02:15
0071de00-3e2b-4d01-b312-67a02c41c869,3b8910b7-b398-4d74-afdb-476d925b899c,1.15,0.12,05/01/2024 14:40:01
0838eff8-ea5d-4ce9-85ce-a01994515145,2a1f30ae-f674-4856-8ca1-792fd5467ed1,1.15,0.12,22/01/2024 11:02:03
1c4b133d-4b4a-41a3-9044-c93466f26b44,3c3b19f5-6b60-4dc5-b2ae-4757b6f348f6,1.15,0.12,06/01/2024 06:05:53
75a6a68f-0cc1-4ece-a368-18e9354b0aca,6715ce42-5704-41cb-827d-e95299d8aefa,1.15,0.12,09/01/2024 11:38:32
2abc6c6a-2776-4201-a3d6-c292fa48e2a5,823fa593-2228-47ab-97b1-3a69adf930e3,1.15,0.12,16/01/2024 21:11:58
7d8df2ea-2800-4269-975a-e1747e7d4f40,65e86bc4-44a2-4170-b8bc-95bd471c3af1,1.15,0.12,12/01/2024 16:16:43
7bca8761-9445-4875-be1a-94386c9dc955,99f063d3-758b-4fd1-8410-588c9365be13,1.15,0.12,02/01/2024 10:25:54
2c6371b2-4d96-4f00-b3e2-80d38aa5b55a,216d8552-f8df-420c-ad0c-b6b9575105e6,1.15,0.12,25/01/2024 01:56:51
3fc9144b-de92-4187-ac6b-6a4ad62870a6,11131267-14f2-43cf-b266-7ea877585c82,1.15,0.12,17/01/2024 13:17:28
4bcea24b-077f-4b9f-b988-1364906d2d5b,03b9e951-6db5-46a8-b069-e35048189b00,1.15,0.12,21/01/2024 13:46:35
3a85111b-25b3-4b9c-9dbd-f254bddc94df,b2277e22-e47b-46e2-ad32-a33a4a2e1f5e,1.15,0.12,02/01/2024 01:26:51
ce3a10af-a138-4230-bd26-00e31ddfe9d3,77d10b8a-8d92-4c93-be85-3d971ba98e29,1.15,0.12,19/01/2024 04:08:15
84d966af-a50e-4067-b384-73e1408b7bd3,d51bb5e1-f880-4d80-be0c-7c43198212f4,1.15,0.126,12/01/2024 15:57:41
b125041f-8431-45d3-9c55-3695c88ccb82,0a382595-0e5c-45a6-a69d-aa137642b000,1.15,0.13,30/01/2024 01:05:29
ea4c4713-c969-45b5-94e9-db846bcfab5d,c351671c-a177-4fcc-86a3-7762c49ff455,1.15,0.13,09/01/2024 02:53:57
50d04cdb-bc0a-40c9-91dd-f94220ba1e85,c830f179-2114-4263-b5d3-bc266dacbe91,1.15,0.13,07/01/2024 16:33:51
03fd85f8-e698-436b-95a2-a39bb079c244,0739524b-f32f-46d3-90c9-b48155caea8c,1.15,0.13,28/01/2024 04:16:13
332caf3e-f488-4938-a65a-00d56746689f,0d236700-1c21-4265-b68a-ed7c07f59311,1.15,0.13,12/01/2024 23:00:23
664f94b8-2de4-4af3-b3d6-8cdf53eb256d,f820d867-485a-46f3-879d-9396a4ffcb78,1.15,0.13,25/01/2024 10:54:20
5c594c7c-f36b-4c4d-9664-2904b4e71450,47777d46-5b1e-40ff-852c-ed7b4ff06e8a,1.15,0.13,26/01/2024 13:16:14
7793833b-61eb-4e77-8f96-c27458ffc9cd,a317ede1-0ca0-4e66-86a3-08106f40f689,1.15,0.13,24/01/2024 20:52:10
ac4752ff-e735-42ec-b2c7-ea348d716c3a,83089154-f9f6-4fc7-a820-0f77570211bf,1.15,0.13,29/01/2024 17:56:03
a8abc26a-e555-44f5-bc1e-358ce39c202c,d29a722e-b858-4a74-90c5-12de3f95dfb5,1.15,0.13,06/01/2024 22:27:36
694bbb8c-10ae-42a4-abd2-ae5cc9ff242e,94c43cd3-04f9-4278-812b-f679387cd353,1.15,0.13,01/01/2024 20:29:06
8025a949-9d0a-44f3-ae96-c2ffdfca9d39,3c816c0e-55c2-45d1-889f-f28ef6d1dc97,1.15,0.13,17/01/2024 17:33:56
d089b2f0-4851-4ce5-a9d1-dffde120537f,06252cac-9a1b-4324-8b19-3d93194097c3,1.15,0.13,24/01/2024 01:24:55
fef55045-50e7-4480-8626-317bd2b68eec,7035feb6-c91d-460e-b904-6a1e69e9f857,1.15,0.13,17/01/2024 10:22:50
6ffda02f-38bb-41dc-9647-8ca75c182fb3,b0ae12aa-74b2-428f-856b-fcfce5bf937d,1.15,0.13,08/01/2024 10:30:30
af3791fc-d001-4102-889d-2b739182a9b0,f5447b8a-00d6-4b15-ab0b-fb90f1d876ab,1.15,0.13,26/01/2024 03:16:46
192e1502-d01e-4d4d-aff9-c7c27cb16f03,8feae182-bc65-4cc5-80b4-775f9e098ff9,1.15,0.13,16/01/2024 22:18:28
73c5075e-441e-4aaa-aedb-881afcb34d54,79355600-f13f-496c-8747-3939eef7cf5e,1.15,0.13,21/01/2024 06:25:37
2cbc1ca3-4bc4-462b-abc6-ea6b076426c1,cee1785e-0aba-41a1-9236-d59d7e4091dd,1.15,0.13,27/01/2024 12:12:05
c1a7e035-abf5-4015-a5cc-643486cd4109,b38b5b2c-4521-42fb-b4d5-8ec21081e2e9,1.15,0.13,03/01/2024 07:55:02
2cd011f0-d6a6-4c0f-bdad-d9456e336cdf,bdbbc5ad-f7bb-47e4-b23f-358fb6b302af,1.15,0.13,20/01/2024 01:59:13
7d7f06f9-e258-4b99-9157-dd53a1360055,6ccd5fc4-62a0-4f52-8da5-27b54c2124ea,1.15,0.13,24/01/2024 20:29:46
85fefc6a-64a2-4a08-847d-3ab665c2eb04,39500b4d-c89e-4f4c-8c77-28eff194c62a,1.15,0.13,25/01/2024 17:58:28
43db90e6-56dc-4f71-afe4-de4086898cca,6bb7e2ad-3eda-402f-aabf-02a9ec3d7b9b,1.15,0.13,19/01/2024 11:55:25
ce9e0330-d615-4378-865a-6a17e8c0813b,1aac4966-3096-4895-8ad2-a692066a9536,1.15,0.135,17/01/2024 15:51:33
dd5dc6f6-63fd-45ce-9287-29dd489ba1c1,020e3e2f-f6e4-441f-ac8f-d3cd9c438f8b,1.15,0.14,25/01/2024 09:56:58
ab2555ba-78e5-494d-82d6-aacd0046a65d,3d56bd32-bd07-44af-93f0-7c2e44f67f9f,1.15,0.14,10/01/2024 06:47:59
cf1d63eb-0ca0-419c-8f70-22e8cba3f6e4,22bce2a8-25a6-4f7b-b6c5-d3de19498321,1.15,0.14,21/01/2024 06:37:58
c2a2a339-8384-4ae8-92ba-de6fa7b77320,8ce459f0-1839-4246-a32d-719f1e15783e,1.15,0.14,06/01/2024 17:34:13
acedb6e7-57e4-463a-b078-51d15bc68eb3,28fc8069-3e64-4120-a04f-c5362b2a7d99,1.15,0.14,09/01/2024 05:52:46
ad3501b9-ae60-4791-ae90-c3b2683014da,39029c8f-8e2b-4a83-8230-786c7e3e0ab1,1.15,0.14,25/01/2024 02:18:41
822b8607-12de-46af-aae4-51811f4de736,955ce66f-b988-4a6e-bd46-1463f7202f61,1.15,0.14,05/01/2024 07:32:56
011cfe9c-0a6d-4f4a-ae48-1efaa62c4f75,38735605-a270-43fa-a029-da6b9cd89b81,1.15,0.14,26/01/2024 17:22:53
69b33b7f-5c47-47c7-9cf3-f543c2e51ac0,c0f2e867-07e6-48a9-948e-f5dc134e5f98,1.15,0.14,28/01/2024 05:18:44
bb380526-a5fd-49cf-b2b2-aaa464f48503,30d56130-9aa9-452b-b722-ca56a6f168b7,1.15,0.14,01/01/2024 19:10:38
69f51701-b221-49f6-9580-0d43febf2125,cb09ace2-2896-41cd-9aea-dc48c77afd86,1.15,0.14,26/01/2024 16:21:07
432f1adc-feeb-4880-8833-8c693c79eeff,675a4c56-16ca-401d-8227-80f6cd95f0e3,1.15,0.14,30/01/2024 13:44:17
eb664c8d-7609-4651-98ff-79b803a409b8,3b27710e-b28f-4059-82ec-9e62ff430ecd,1.15,0.14,03/01/2024 08:54:31
00a965c7-9029-474d-b257-d47abccc3f6a,75d97fb8-097b-4d51-97f5-acc6fe46bf6d,1.15,0.14,09/01/2024 14:40:02
6651e1c2-2834-4199-8387-e382c46a3a17,22809373-b0a0-4a92-babf-dea0cd40ca39,1.15,0.14,19/01/2024 19:15:28
d8824b03-0fd2-483c-acab-28e0597beca6,7dc2df49-c4ae-49e5-9707-fabacb53a7e8,1.15,0.14,05/01/2024 06:28:01
440b0db4-0e82-4fc3-9f99-60250047b6fa,f533c219-a58b-4295-9dcb-57f42f558106,1.15,0.14,28/01/2024 21:21:34
497716c3-e614-46dd-8728-f3eb7fb1246a,f3be19f9-e249-4b51-b26b-7fee684bdb63,1.15,0.14,18/01/2024 12:51:34
71081926-323b-48e7-8013-ca6906412ac5,17032d08-2dcf-4042-a0c4-70643a61c68e,1.15,0.14,21/01/2024 11:07:00
321e1a72-325c-4ba3-bcd4-1d724dc41602,82aa5ab1-cb08-4d64-984f-91a6e4e215bc,1.15,0.14,22/01/2024 02:48:22
6e72afaa-c3b6-4e51-bb56-fef5fcbcc366,84501235-040c-485d-a3a3-6ef9be6ee5e5,1.15,0.14,17/01/2024 19:14:31
629b55ae-9063-4e5b-9c3b-a38d2a05196e,15639616-53c2-4150-9270-49fc9952dcd3,1.15,0.14,13/01/2024 20:27:23
16b372e3-d32f-4658-b148-13bb4d9ca82c,28dade3e-c583-4a2b-a78a-797f1dcfde6e,1.15,0.147,15/01/2024 14:02:18
36b94733-24ca-4e05-a764-21409404a245,c4889ba5-3360-4216-baf8-ef0c1f62f9b6,1.15,0.15,25/01/2024 00:03:50
37af2ca2-f3a6-48e8-a89a-4d166e2cb70d,c726c853-67de-4bf0-b4db-778e6fb9bb12,1.15,0.15,23/01/2024 15:17:06
6fa4be18-ca49-419b-b158-11f2ebd6be3f,76fc6f5b-c294-42d5-9f9d-64f3b1da3acf,1.15,0.15,03/01/2024 18:16:27
038ec6ed-61dd-473d-97aa-51c2851b375d,a9e4effd-a745-4973-8ee0-92c2bd8a1628,1.15,0.15,08/01/2024 23:38:26
742d3405-06a8-42d0-8419-c54fc6f10e32,3e4fe2f3-0c82-4f5b-ab09-e638f4d4c9b4,1.15,0.15,15/01/2024 15:58:49
c4e92535-794c-4c4e-b22b-852ae1c1d9a6,8d95c5f2-f121-4ca6-8701-5ec41ab89279,1.15,0.15,15/01/2024 20:55:45
765d512c-7fb9-4859-a4ed-b6b8997e398b,317fc7dd-e9d1-4d9d-9f26-1da4abd5952d,1.15,0.15,20/01/2024 16:14:22
b368bd7f-fccd-4661-aea4-f645f6888e2a,60647247-2bb7-4f74-9056-790bceb7eadd,1.15,0.15,07/01/2024 21:17:52
6ed17786-e55e-41fc-a0dc-e4cc2c330c36,456bfbf2-2a13-4390-ac88-b52abc396603,1.15,0.15,30/01/2024 05:09:13
67c85eb9-7699-4c04-a277-31a7a63239f0,17a4ffb7-ef46-4dd2-8949-c1d753063ac7,1.15,0.15,10/01/2024 23:13:47
a19fd36b-25e8-4527-8513-25e04faf48ad,7683b7a4-b61b-42cd-b63a-3ac37dfacdb6,1.15,0.15,09/01/2024 15:30:54
22b5e433-fa20-4693-828e-f9233ac18799,29f10b81-9dcf-4e1f-97c2-5af3a9fddd14,1.15,0.15,10/01/2024 14:53:02
1be9359b-8caa-4ff0-b868-e9a7065d5329,a00abeb5-0c52-49d6-ae8e-37f254f54a00,1.15,0.15,11/01/2024 23:12:35
7c3c881e-cbdd-435b-81be-620eb88dd541,e0f080a8-ed8b-4084-9121-24ca67da4794,1.15,0.15,05/01/2024 16:19:33
df8ad265-dd8b-432e-b6ba-04f44283e916,103b23b7-ca6b-4960-ad89-2ebe4bf849e1,1.15,0.15,29/01/2024 19:22:51
2fab63f7-5167-4307-bdd6-c08db5c6f995,b140e403-ce34-48d6-9c20-9fb93ff504a4,1.15,0.15,03/01/2024 13:36:05
844133e5-2474-42b8-9e3a-d1c763ed640f,7fb48bfa-1783-45f4-82f4-7dc1a24d28a4,1.15,0.15,20/01/2024 20:02:57
cd1c4605-d268-42ee-98a4-169cb5515021,2c4fb246-7f36-4f41-bdb3-b4bdde4c1312,1.15,0.16,03/01/2024 06:43:07
4444e43f-f9ff-4802-9cf1-ed203a9ad0f4,9dd93889-abc4-47b7-af79-96523e1cc55b,1.15,0.16,28/01/2024 10:43:47
39ffd15c-14d1-4005-a167-93f2bb9a016a,675fae98-c479-488f-9e47-5675b7fa9035,1.15,0.16,11/01/2024 06:40:55
ec32699f-5576-472f-9c03-c0895001f872,5073c9ef-6b64-4f33-abdd-a838b9341b40,1.15,0.16,26/01/2024 05:34:50
0083a298-df19-4ae6-bce5-860de13d7645,2d7f03eb-929c-4b08-97e3-758faa8bf490,1.15,0.16,21/01/2024 12:18:44
a15f333c-3e1d-450e-8192-df2799c202b5,aaf4f274-7620-46c1-a91f-854e414d0bec,1.15,0.16,14/01/2024 12:30:22