settlement_id,cdr_id,operator_id,settlement_amount,settlement_status
5aeebd9c-2d51-4a39-9bff-d6fa727fbd8f,8ba593eb-157c-4621-a346-e7014ee4fa6b,1,1,settled
92992dcc-abe9-4d67-bb8b-d96cdf35cff2,43b5d448-0cbf-48de-8a7d-cc1c5b6aeeee,1,1.01,settled
aa1a98cc-205b-4f6b-b70b-9990604fc73e,ce0ac22b-9635-42b2-ba99-2047e1516dd9,1,1.01,settled
5ff74420-bf38-4f16-aaf3-e22083ccebcb,d3f85f52-4b0b-4942-b4e4-ac414bf020fc,1,1.01,settled
2f02826b-0b49-47d7-8d7d-615100a92008,f0dcc25f-21b1-4274-b0a2-3178c0f0ce35,1,1.02,settled
b07392c6-c688-4406-a2ab-f9c74ee46039,4f8cf224-494c-48ac-91e1-36c505aeb9bc,1,1.02,settled
a6c2afde-8fff-4eca-ba30-5d312399734d,a88f767d-e95e-4ff8-9a1e-c95f3f594e7c,1,1.02,settled
bb69d27e-990f-4967-be97-86dc63f5db20,01b03332-c4ad-40b9-888c-9799aa032f1a,1,1.03,settled
c60f825b-d8c7-4750-b6c4-eafd5653fcda,c19df079-d227-4da6-a820-56d483839298,1,1.03,settled
864b2869-be9f-43da-88ea-68f6f1ad8d53,82f1792a-948f-439f-91b4-a4ebb26206f7,1,1.05,settled
a159bce5-265b-49a7-ba20-f1a2bddcdea4,6f77d895-576c-4bf6-a46a-2baa9100e121,1,1.05,settled
15e95d35-cf8a-410c-a359-d45ec5edb157,d811824e-7508-4536-82c0-f6092937c1c2,1,1.06,settled
471805c0-4728-4a7f-9c23-a88b475af095,e66067fc-4d5a-482c-9e90-ba52ea73e2b1,1,1.06,settled
91749269-620d-45ac-95c6-9118bc1a9844,3a66cd97-281a-43e5-942e-313ba08a2692,1,1.06,settled
b4784449-594f-4346-ab02-915af7615a3d,0c2e0977-6f75-4747-a469-18adf1337987,1,1.07,settled
ac133f7c-9400-40ba-8e69-1867829eedc0,c11c7d36-5b64-4f41-addb-4779801c22e4,1,1.08,settled
a1fefb87-f2df-4c41-9f69-42f483964b98,bc754493-0fec-4137-a548-8cb9c2e24aee,1,1.08,settled
7a0d70e6-caf7-4e0e-9ab0-73af7abfab7d,41724021-435e-427a-b3a7-0aa65b24a9b0,1,1.08,settled
3a08822b-2d1c-4589-83fc-6215ab7820e9,54bc728d-f2a2-428a-a575-d6f7b9e2e882,1,1.1,settled
5ed60fd9-77b2-43cf-ae8e-ab306223c15f,c206c810-1bb7-433b-abb0-d4986b4dfccd,1,1.1,settled
de50e894-5cde-4db0-87f3-4179bd1b7fb4,de94c239-813f-406b-8ede-d6befed6d14f,1,1.11,settled
de614783-a610-4313-92a6-99ca8bd25243,b6d4ec81-8ea7-42a2-a173-c7a8e65b18a2,1,1.11,settled
6ffe4b79-717c-4898-a1e0-5f36ffdbd71c,e4416d88-d52c-4df2-a981-a39a53e8d5ea,1,1.12,settled
b3e75793-241c-405c-8912-3733a26283e6,4b476af2-c83f-4698-b9b3-e47426c52d26,1,1.12,settled
baa109c9-d633-474a-ab72-833303c680e3,b79c645d-af59-4995-85d4-ab4ab3cdf557,1,1.14,settled
89b91353-d72e-49db-8d94-4add9f4f1a4c,2ec5b1c5-452c-49a0-9cf2-eda5e418622b,1,1.14,settled
2bee30c0-baa3-4d30-889e-75e9fbc72e1f,5509463e-d0b4-42fe-a6f1-80a3a8b218e4,1,1.17,settled
935bff50-20fe-4ab5-83f3-fa790b99636d,f7cb38b9-bd42-4382-a570-e710226079ca,1,1.18,settled
efd6655a-fe89-4491-8504-a8b92e5eb885,3f9262d8-f10a-4843-998a-216f6857297f,1,1.19,settled
02cb6e39-c0e1-4549-980e-2f7dfce02b99,65239822-ff9c-4e2c-980a-afaabeab4051,1,1.19,settled
214a3927-67a2-4303-8127-fc568ef6542f,c8c63c4b-7ff5-4135-a9b6-6cd1ff9176d0,1,1.19,settled
f21e38ca-e818-4374-9a6f-1601c9e01513,41d82305-7e37-41b9-89c1-b49e378d3736,1,1.2,settled
a10eed88-b43c-472e-a228-f114131a8990,5cac898c-52b5-4bd2-b3ec-d0a4113c2ef4,1,1.21,settled
80a885a7-f790-4800-9623-2d1142bf13a4,64303b97-dd94-4272-8dc2-b93a24f94ea8,1,1.21,settled
bff0d5b1-e8ac-43c1-bfcb-86a4eb49a9cc,d5ec3927-0536-491d-828b-96372cdb078a,1,1.21,settled
66a9b25c-e45d-4b86-8996-5baacf662bfd,846013ba-64d2-4544-858b-3555a007b9f4,1,1.22,settled
c7d4238c-23de-4316-853c-eaee8bfad373,5716a69e-dc31-41c5-959d-c0a7d1c16e94,1,1.25,settled
4b6b920b-8e55-4cdb-ab87-58580a6813f0,0d2bd43b-e3d2-471c-a3b9-8f664c2f72d3,1,1.25,settled
4bf388ed-8c1a-42db-bc77-7d09d26b6a7d,49ad72d8-4908-4bda-9d5e-21166c2fe5b6,1,1.26,settled
75397184-8c6b-474b-aa27-6811a8d65e41,7176db5b-e5c4-4f52-89fc-8a5ab13d66d7,1,1.26,settled
1688015c-75ce-4a71-9a56-ceb27537dc2f,6b8e7d2e-b49b-46a5-87b2-1ed59afa6a9b,1,1.26,settled
3d58bf30-c96a-4efc-b15d-be8eca3aa5c6,5a0c8a9f-d3f2-47c2-b40c-0a7b83e424a3,1,1.26,settled
36e8cb59-2c4a-4928-999f-c529185b5886,e2b50b0c-9b5b-44b3-8425-def29e735288,1,1.27,settled
f3bd9951-3825-41f5-8990-50fef53f2b93,b13dcd23-97ef-4b57-8724-a7545eb0aa0a,1,1.28,settled
a972ad2c-e23d-4125-bc1e-5f1bcddb7d90,616b2d5c-edac-4a43-b134-0ad8db436cb5,1,1.29,settled
a66c1b4f-6f1e-4a1e-a937-6ed597b4105c,baa72597-cab0-42c6-9bdc-73a7b4a70fc8,1,1.3,settled
92fb0c2e-7859-47b1-9c3c-7c87f9603a8b,40d1d853-4eda-4793-b7db-cdab9a29e5a2,1,1.32,settled
f79ca6a2-4e92-43ee-8648-3994f9f0821f,935a9043-8c8f-4ada-b35f-11f17fd17f91,1,1.32,settled
950990cf-8244-4dd0-935b-df805f6eb3a8,d50a2817-5c61-46e5-94cc-1813fca194a7,1,1.33,settled
f880e912-3e57-4ba6-8895-250e0870850f,d3801939-45b0-4ce7-b21e-6517c99b7ac6,1,1.33,settled
63e0615b-b22d-4798-9597-930c725843a6,b7d0b5c6-149e-43f5-90c4-4690d83f8949,1,1.33,settled
6f49ee0b-4f36-4336-93c7-f8efdeb59428,ad341905-02ae-4a9d-b871-9336a0d24131,1,1.34,settled
4fca76d3-f79d-47cf-9805-08ccbab89446,1e5bf1dc-06d5-4e34-b19d-b8334bc46abf,1,1.35,settled
e265410b-db19-4289-aa1e-ba6a53de4d9e,835f1f53-c653-46c5-a4cf-c703be51c9b1,1,1.36,settled
a322dacf-fb77-4811-b75f-5ec5488201f1,c2a05ff6-5e6e-4dd3-885c-aeb3c6afc865,1,1.37,settled
b7e47dbd-a69c-47b3-977b-5d64dbdb9979,e68b335f-07c1-4a58-9709-1cdee7c33d35,1,1.37,settled
e44483b6-adb9-40e1-9dff-6a683426b50e,a30eee59-0cef-40f6-85b5-6c892303914f,1,1.38,settled
6278c05c-805d-4024-a877-25b5d316f976,24519725-6a84-459a-af29-fd96ed3878a2,1,1.39,settled
f3a35f95-9e5e-426f-b064-32f7a59bd12a,80da90c6-3549-4e12-ac64-3e3cff3d8872,1,1.39,settled
22a803f8-1bb9-4083-83e3-ae70aa88be68,c46d63fa-7aca-442f-8c53-a233d8f3df88,1,1.39,settled
7e01d1d5-342f-424c-8620-c1178f44061b,1597eb26-5a6f-4796-aec5-bdd0e9347f0c,1,1.4,settled
ae63552c-13c8-4ad4-ae5d-58aa58d5b39c,a3a13f4d-d776-417c-9043-0842013819e6,1,1.4,settled
49d9642e-dfd5-42a9-bf52-82bd1d67c4a9,31b4ebaa-4574-4e3b-a22c-62cb286906f8,1,1.41,settled
9f4b64d2-e6e5-4fe6-9fcd-35be19e50d63,e7ba9997-2a8a-4f72-ac54-176b91e3914b,1,1.42,settled
6ecf70e0-7f4f-4c64-992c-a3e97c62f21c,067aa4c0-06f1-4c4e-9107-1ec97247c45a,1,1.42,settled
948e7fec-df46-45f5-bfab-16b0dd5b294e,c1804e42-38d7-45a6-b1c3-897732cbb873,1,1.43,settled
0d448135-a6b1-4964-91db-67f4e4dafb24,dcca0d58-0289-4fa7-99a8-9955f7e370f9,1,1.44,settled
df085f49-92ea-4489-9a69-88bc7665c90a,02e50c2f-6815-430b-9467-139026c18903,1,1.45,settled
d6d1906e-ade2-4c86-93ab-45373e5b16a7,fbb34c8e-503e-4062-889e-c24c280557d9,1,1.46,settled
3123a140-1131-4285-acd4-b013dc4e9529,af732fbc-90fa-4526-8d07-fbb2fb4c4c34,1,1.46,settled
e83f09c7-f761-486a-b9e6-7fb78b2cbce1,f51fa044-6e0a-406e-81ef-892ef3ef9a3d,1,1.47,settled
b7be0b8c-77ea-4e30-9d56-95187e3b5ff2,daeee026-7097-4659-b639-99d255344f6c,1,1.47,settled
b87ca3e7-e48f-4953-a0fe-b3f19a460f35,9805da9c-989a-4558-b736-2fe80dbb9e02,1,1.51,settled
ce44bcd2-84cb-439d-bdc6-65d6e097319a,c14ce3bd-211b-44ec-8dcc-1aa71002b52a,1,1.52,settled
1d745a01-0726-4d2a-a4b6-2bb7f1720864,7101c8ab-f515-45cb-a628-b9ebc3e717fd,1,1.53,settled
5fb4d13a-affd-40ca-b368-f61c2058b793,f4a6792a-dca2-4c29-a375-91b967a59893,1,1.54,settled
8ffe0d4b-db51-4335-b295-a1005b4f5ad5,79350beb-d3ca-43bb-9fd7-e602f74a2b42,1,1.55,settled
f4ad9dac-95c8-4b8e-9937-ed9acb215aa4,609e44b3-b927-486c-8be2-26c435c49b55,1,1.55,settled
03d65e0f-29d6-4796-98f9-8983483aab0a,c69909fd-eae0-47fd-a804-a703c7849dfc,1,1.55,settled
e4a0146a-b960-4322-8de6-d5b923974612,14f1d244-1a47-42b2-9ecc-cb8010f6e24e,1,1.55,settled
990b7991-6e7d-47df-91eb-e2c0e4923fc7,0c8a406c-c158-4c0f-8633-2b35f11c6bd9,1,1.56,settled
2d417364-405d-4b6d-a40e-16a7e1258524,39378004-905c-4284-96c5-59141659eba2,1,1.57,settled
99510dba-4894-482f-aaa6-f1bafee08a6c,ada1816d-2979-484d-82ad-fd0e91694819,1,1.57,settled
0ee45194-7792-4349-94a9-0d663eebccf9,26899256-4ef4-4510-8145-9a983f90837f,1,1.58,settled
6d0575db-d32d-476d-9350-4ef0fd082931,7852fa76-5138-4386-a5e5-1b808b557e2c,1,1.59,settled
724c5b48-a90d-4473-8af4-ad9ca6e0c1c9,246a00fc-b7d0-4a91-bdb2-c5e74ecc4daa,1,1.59,settled
935d0c7c-1ca5-4676-a6cd-0ebbc7ed5286,8472c5b5-4225-4826-8745-ea9204f34def,1,1.61,settled
c83b88a4-798c-4a4d-bfff-299a53db23dd,47f8d9c9-6def-4a29-9712-3d311e3a0940,1,1.65,settled
e16a1488-4c92-42d9-8327-0c22c5505b2f,2bdf843e-b532-4b02-92ad-81192ae91e60,1,1.65,settled
5cf97197-2729-4f4a-ae90-db77f8c70ae3,e9788fc0-65b4-464d-89a4-313d707c4cf4,1,1.68,settled
47776e9a-b240-4edb-9437-a26d49f9354f,04705213-f359-468e-85a3-5fe9b927f0de,1,1.69,settled
e16b284f-d789-4d59-8d70-d0712389d6fb,1da17fc0-64e6-42b8-a1d6-19060d202568,1,1.69,settled
94260365-ae63-4808-aca9-04ea05bb7cf2,3aba9b3e-8541-49cb-b74c-2a8c6adc857f,1,1.7,settled
91e9f09e-5a5c-47c0-aea9-e165a46839c4,1dde5438-0df8-4db1-829f-1d60820291c3,1,1.7,settled
8b3fe209-ff3c-41c2-9dd5-f71d5930141e,f5373f0c-a0e9-4732-bf88-7565e391069a,1,1.71,settled
2940ff45-e431-4f01-be1a-bf270cdfa310,b0c2159e-7f2a-448a-a4c6-0bf28454c4a1,1,1.71,settled
d329e7ca-9041-44ba-92fc-51f46e8ace35,68ee7ef2-68d9-4383-890f-5e9b75710bd6,1,1.72,settled
fc4e8675-12b8-47a4-8b1a-9d59f394aece,8ac8dff0-0fdf-4ce5-8473-29854db752be,1,1.74,settled
643be76f-31f0-4437-a214-87ef1a02dbb8,d0389cfc-1a68-4e49-86b4-747b69fd6a37,1,1.75,settled
411c17cd-2fe7-4412-9520-7a7b7e8789b9,9ad2040e-ad04-4810-bfbc-96fe69325a3d,1,1.75,settled
c66dd86b-becc-43ed-ab0b-427b9aaf9383,2f53d609-a254-4101-80a9-2e836adbb154,1,1.76,settled
46d7c7fc-b737-48ce-a72e-af109f032d1f,6a67423a-9e45-4d94-9a4c-8aca73ea651a,1,1.76,settled
5faef174-db4e-4169-9106-f522f6447685,7a52c869-57b5-4cc8-a6db-71f7df1e740d,1,1.77,settled
29425cdb-902d-4681-acff-e7947a279b91,bc570da0-6656-4276-816c-e7a0cfd95f54,1,1.77,settled
91a350ae-8713-4361-bdfd-eb487e2951ce,df4ef226-1c26-435e-8c18-e2c1f32c4ad6,1,1.78,settled
d619757b-1275-4bb8-9134-32586c24731b,d0181964-bd75-4074-8470-3644819708dd,1,1.78,settled
6f6f010e-2267-4a37-8360-27ec8171daf6,7304338a-a9c5-4b5f-806a-77647968df67,1,1.78,settled
7dc9197a-145b-4f15-9d7a-d0c4365dbdbb,51d71c23-971b-4943-a7a4-ed08aa9e4259,1,1.78,settled
0425edae-3d1e-439e-a978-d1c59cd68500,c6e1e8be-a390-42a8-8c4d-dd4e45834d28,1,1.8,settled
468af90d-472a-4aba-b42f-29eb852d44f6,2a08be39-3e19-4752-ad2d-24c6d99705d2,1,1.8,settled
3f0024a3-6076-439b-8308-aa1028100a03,056fe389-f345-4a79-b01c-2df777d861ab,1,1.8,settled
95b8c947-2318-46d8-9015-e9efa06c5fb8,79a6a7ba-d442-42c3-af20-d0222fa1ad8c,1,1.81,settled
618472cd-169b-4c4a-afed-1755cc327186,50688703-d2dc-493c-b6b6-b94b404a91ec,1,1.81,settled
03abb7f2-6022-413d-ba76-c045c7bc22f2,4561eff7-c6fa-423a-9924-06b22f42a914,1,1.82,settled
f9fb6fcc-4ca4-41d8-be1d-f823566b672c,951d66ad-acdc-4b11-b8e3-01d67ef7c412,1,1.82,settled
562addf9-831d-4493-8787-ce97325c0862,bff55c65-4684-4605-8803-1601f9ba2e7f,1,1.83,settled
483a6cd1-45ab-4db6-ad87-69039ee9a06c,7a91955a-6213-4d7b-8454-66c74c2f79ae,1,1.83,settled
76dac532-9613-499c-ae31-c22a32af5327,446aa2d5-dee7-46e1-b3fd-89f9aa40b238,1,1.83,settled
382f91ed-f5da-4725-a23e-b665d512f4a5,4999eddf-ec49-487c-8152-4cb48680a03d,1,1.84,settled
cac6b13b-e32b-48fd-ba4a-8224a43ca9b6,ae989820-faa5-40df-86f6-c91b4986e6c3,1,1.85,settled
dea817cd-e4ab-4b14-9f19-ab460103c7a3,89e64886-33b1-4b45-a62a-ff28527b6eb8,1,1.85,settled
f0a93df3-b240-4835-8eec-1b448f591f17,ca8c396e-8b33-4398-8aa1-758b6c47506f,1,1.87,settled
0b26d85a-14df-4b2b-9016-71fcde1abd77,a1028f80-d0fd-44bc-89df-056254766fe0,1,1.88,settled
afaab493-d2bb-41e1-9579-9ebe7fe264d8,7762b014-3c89-498c-905d-a6f6160d61ac,1,1.89,settled
7d32d95e-fbba-469c-aec4-e3e0fa8fd121,f94ed2f8-d293-4027-800d-6be600cc2659,1,1.91,settled
35075998-5ac0-41e2-b748-7ca1518f27f0,90faac67-313a-467a-82bb-f009c6118039,1,1.92,settled
7713d61c-87ec-4748-80b7-b01a59b64ee6,f851f3e7-1453-4b20-b0a6-892a7d615a4b,1,1.92,settled
0b1a244b-fb3d-4b2e-aa10-bcfd1e815a9d,bc053c84-e515-4ac1-a23b-1b0b26931c74,1,1.92,settled
0ad4acd2-f050-4796-b132-97e4eb8760ef,7a1d4d39-7daa-46fe-890d-717ab83a6e35,1,1.94,settled
e562d3db-e352-4b6b-b1ff-2397ca8a63a6,f9c4bb4c-803d-430f-8c2b-1be386fbc976,1,1.94,settled
a188b5fb-c2e0-4406-be6d-588fef6d43af,41b3d780-ba1c-4115-adfe-fa5d11775490,1,1.94,settled
2f662c8d-8d5a-4e51-b621-301e9704b3bf,cd90763e-a658-4714-8295-a20feef0a18f,1,1.95,settled
b9d09d1a-effb-4dac-910c-063ad94d8750,5a8e0290-a8db-49dc-bc63-589686af17aa,1,1.96,settled
63e80953-e016-4c08-8d13-ec023313da11,1cca7aed-28d1-464b-b49f-585975234504,1,1.96,settled
b5003512-7a2c-422e-9472-b373b0a188fe,9fd09de7-ca0e-408f-920c-d0ad4f76d1f6,1,1.97,settled
392276ae-28fb-4bd5-8258-13d90a84ef43,09ab705a-1a2c-4aa5-aae5-bd8dbf3228e4,1,1.99,settled
c119a4ac-0944-4ed2-8421-0c67bfb07da9,9946162a-a3c3-4484-bc54-1abf777cd9ac,1,1.99,settled
f23c9598-5dc6-4407-94bf-7825a85a16a0,cfe41445-253f-4c99-8d73-859545cbb6c7,1,2,settled
0f3fa8a4-df32-4043-92d8-2ea9d32d9d4a,640d7295-51cf-44bf-8fe6-5e192709ee87,1,2,settled
4778a734-2810-46c7-918d-61766df03149,8d54ad24-8b39-4b62-bf11-5880f68b2a99,1,2,settled
dd5b6bef-cf88-451d-927f-0e1e5b718711,d365f774-5255-4a8c-8809-a3b137628791,1,2,settled
7d2c7aab-580d-406f-a38d-705b3848e9f2,a690b9aa-882c-41d1-a1f4-ba3e815fba0c,1,2.02,settled
03be832d-33b0-4371-970d-5db218524f8c,adf05c03-15fc-4c65-8643-f315ca853c31,1,2.02,settled
3a4beb1d-e4f0-4fc1-95a4-d360a7564c8a,7a2da479-5c58-41f5-b848-247733f4d46d,1,2.03,settled
2886ad63-ffd3-4727-80d7-fc4f6244d2b3,41f67b7b-fd61-4bfc-b234-1d813c0bfbf2,1,2.03,settled
7939e3ed-d6f8-44f3-bb20-e4056b940d3a,eb9c6258-c5ee-4052-adcf-5204b5e6103c,1,2.04,settled
c423e2ca-888c-47c6-bad4-b5a5faf5c7c2,0393d028-5217-4305-8868-71cf6d287529,1,2.04,settled
e4cfab45-f330-4f69-84b9-5bf1a14ff4e8,3f78ab05-6cd1-4e87-a945-a41e8d82c080,1,2.04,settled
ff80a31e-2781-449b-bc8a-235d6a804889,74387c28-1595-46e0-b3d8-44c75557a008,1,2.04,settled
cc3fda01-057e-4daa-9425-f55d38f5aac3,c34c0e7f-0456-4899-9cb2-82a0429e3fba,1,2.04,settled
feafa963-733e-4e76-a75b-73b23d84bdc4,6a84595e-a44b-4fb4-8a29-57fb96658ecd,1,2.05,settled
1ffcf3b9-6ff8-4a55-8d72-d9b8227a1028,09f8d7a6-3e37-40c4-9134-6b3915f111b9,1,2.06,settled
aa895495-73f3-4af2-9e2b-b699feb7a6e6,86e29286-1ff6-4543-8208-9595aeecaf75,1,2.06,settled
7598d40d-f0d9-418e-b67f-fe031d335c04,f785a0d3-1b4f-4125-8857-fd7653b99ce9,1,2.06,settled
d1fff73e-8b15-448f-86c3-fd4054c71fa2,a2ce73c9-006a-4565-84de-109b9f923460,1,2.07,settled
00e8c3d1-b91b-41e1-a575-4b52fc8c8434,42e6942a-3bd3-4973-8fa1-da81c29f9ad8,1,2.07,settled
26d3078a-c240-45c6-a322-bc3c2d04e604,552e3c97-e0e2-440c-a730-5c9bd5c9c0c5,1,2.09,settled
75428af7-918f-4f48-8cc7-4bd5914e6297,41d612fd-2325-476a-ae88-8db7b126ea6c,1,2.09,settled
a588e5b9-7fae-4cd7-bc86-8b5e709830c5,eceb0b56-f2df-4a83-9915-2a6109097944,1,2.1,settled
83f2ac1e-00b3-43e7-a4df-23421d360ee6,303bc349-f9f2-49a5-9c0f-10fd2e158a79,1,2.1,settled
d02c1423-91be-46a5-9f5a-9d7f985a3e61,a02e6e3c-5fd5-4919-93ea-6193faaa2764,1,2.1,settled
9b454784-c848-4e19-a859-1574031a8169,52e8ee98-4908-446c-b537-6ea2317ea476,1,2.11,settled
9fe7432e-f330-4ac9-a967-14f03da5a6a1,0b838b56-d449-420e-a9ef-93e061610248,1,2.15,settled
11106ef3-2f4d-4255-9243-bcef4a43a029,1c1aa6eb-bb85-4bf1-bb8c-29126390b5f9,1,2.15,settled
f109568a-8123-4fe7-a02c-932242c3456f,605e0549-598c-4bcb-9196-8c32f218e4ee,1,2.15,settled
83d195c4-c6a2-4def-adb7-fc93bf941aa2,8cc59c50-5d6f-4207-b30d-4d7b93522bd3,1,2.16,settled
9eac9c96-525f-401b-a3f5-2d08a3a590e4,061dfc17-3f44-4d91-adea-e456adba5eba,1,2.16,settled
ac61fdb8-9f3e-4aaa-887d-f5b63af0fd93,06ae0b49-51a8-4f62-b482-03c014ac559c,1,2.17,settled
9c12696f-cb57-450c-8484-58e062a3c013,2f9fd8fd-631a-467e-ad74-9b5ff678f834,1,2.17,settled
47425784-92ac-404b-8353-5276bbe8c274,0f24208e-8216-46b1-a603-8971702b172c,1,2.17,settled
983df3a3-b845-4cfe-9fc0-84940cd3681b,56b9e8d2-561d-483e-9d95-64c0567f653d,1,2.18,settled
debace58-aa9b-4e98-b0d9-adde302369c2,c8c3a58f-8e37-4502-b9d6-3021d61403f0,1,2.18,settled
caab712e-6499-4108-8cad-9f6998b348f4,725a9666-9eaf-48d8-a78f-e7a3606d48f9,1,2.18,settled
3284c109-e57e-48d1-9cf9-43a567987fe4,f3163fbb-1e8f-4a4e-8128-7a4fb2276df0,1,2.19,settled
be37d163-4e00-4335-bc2a-f056b23499ad,bbcaead0-c7ae-49cb-8fd7-69102be56d21,1,2.19,settled
f07f7e9c-e035-4478-9733-60be477cb7bc,ca134e8a-c43f-4e60-8a13-11fe77915f98,1,2.21,settled
1772075a-17fa-46d0-ae86-9869e3e867b3,471392d6-6ff0-43f3-80b6-708c8fc92c0d,1,2.21,settled
aab53353-3eee-44ca-bde7-a8aae651dc6a,12d7d6ff-a042-4664-b729-6f4c878b6921,1,2.21,settled
6e3dac63-d182-4107-bdee-5200ac684872,706d1bdc-fc31-41c6-bccf-ba740b84e459,1,2.22,settled
21022ed0-a69a-422d-a000-713fafb1b096,823def13-3558-4d62-93cb-e076eabfc2ce,1,2.22,settled
e1c90476-114b-4e37-8cbc-cfd3b1694170,de10393a-1a34-454f-a999-0cf44ae7dd3c,1,2.23,settled
e6cc6338-7430-465a-8588-9a1746b448a8,569d27a0-12ab-4f82-844b-35218069d86c,1,2.23,settled
dda45c3c-0dea-4598-801a-83a709ac6722,b0b6022d-7598-47b8-8ad3-25c2e5dcd06f,1,2.24,settled
40b8760a-97f8-457e-93d1-c2bbf650a847,f6175c0e-8acf-4514-9e30-f9abec9dd3c8,1,2.24,settled
d7f774de-fd61-4d5d-9914-dbe916d84a78,dfcf76c6-e7d5-4aff-a6de-6bd22f3e179c,1,2.25,settled
47216a65-59ec-46c7-b39c-a294711e42e3,a27cb833-9394-4843-8093-140f0631bf30,1,2.25,settled
8c707ca5-642c-4b83-abf7-63739efc340e,a6d991af-451d-49c9-b3d2-e3f706a9ffa5,1,2.26,settled
ef092544-b5cf-458e-bb9c-9064822c2c6e,1fc036b8-2a08-40e8-bbfe-cda978f482e0,1,2.27,settled
3f3fab35-d022-4d2d-850c-712f0135d3de,72b11bf4-781f-4dd4-ad0b-0344c7fff7bf,1,2.28,settled
80550b1d-42b5-44c0-ba22-16f1408de724,396dbd7a-20c9-40ff-95b0-435f1fc87a22,1,2.29,settled
f32b9657-e2a8-4a94-8373-26acf44ff981,acf930b6-6656-4951-aad6-cfeddde82e33,1,2.31,settled
afc58dca-dbf4-44ca-9011-2613b5ba6ba1,808c36b6-6d85-4c4d-8af5-1616cea61aa9,1,2.31,settled
4285c72c-9891-4d38-ad04-905073fad57e,99483c33-5969-4b48-a8ab-f691175cab92,1,2.33,settled
ee59d358-daed-4d08-b166-5ea9e1b41038,2737d28b-e1b1-4a92-a00a-123eaf9558e1,1,2.34,settled
6110e224-6ede-4733-8af4-433ce78cc639,9b272535-60b9-4405-afd5-505e4dfadde4,1,2.34,settled
62a2ff95-fb44-44dc-b6e5-5c14bc583b82,639d234a-6822-43f4-9cfc-1fef665ee291,1,2.35,settled
fe0af1c1-9df6-45f6-b147-703e118abedd,8276d34c-e094-47ef-b1e8-40684c21540d,1,2.37,settled
6a0b497c-3cc9-41bb-9bc1-5ae3e65f01e1,2d5f03e8-c5df-4393-b215-1b9d79e4dedd,1,2.39,settled
b7df5668-4b7e-487b-a06b-316b4d272f0e,eac0d56d-48c0-41b0-aeaf-9efe2a5695a6,1,2.39,settled
7efe466b-3b65-4fce-9aad-4b6dbba75d99,bcaa8e6c-8d2f-4479-af69-3a61337b7af8,1,2.39,settled
1ae54509-87d7-45fa-870b-9b4bd1529fea,9505376c-58c7-418c-8bd6-ebdb4c41053e,1,2.4,settled
7e66a0c3-edc2-4b02-b819-25a3dbef5a48,493588a1-9bc9-4143-bff3-c9a06a0cfd2f,1,2.43,settled
726ccda4-ed55-4466-915c-05c3a5b941c2,c300b892-787f-4d51-a107-e35497734593,1,2.44,settled
7b05a4d4-b062-4eda-b590-fde3d1e0623c,f997f5f7-5c1b-4f03-85d4-4722c083614a,1,2.45,settled
c288dad8-69f2-4d21-9b59-5635dc562da7,9014b068-db37-4946-b689-37389b942fa6,1,2.45,settled
f55ae137-9813-4fd9-8463-a2a687808540,98752342-5bbb-45b0-aa7d-4d8c4aacfbb8,1,2.46,settled
4cb8e892-031b-49b4-af3f-728abceadc41,8c976875-00fe-4d68-8cea-962b53b69cbf,1,2.47,settled
e354a8d3-bc96-4ab3-848f-a49cfee8427c,c49fdb9b-9e04-4565-882f-3267ce32f670,1,2.48,settled
94f60ff9-de74-4d07-967a-beb3e2ed05d8,b5e40a36-08fd-4ce5-a0ab-017ef54171b2,1,2.48,settled
44b6b23d-e58e-45bd-9398-27f1a6bdf57d,bec89688-26be-49d0-9964-6801ee048b87,1,2.48,settled
22e9371d-723b-44c6-9314-ddaf6b4e2bac,1f3833ee-a56d-45e8-8af2-de9074465dcf,1,2.49,settled
d389e617-1576-4543-ac89-2dc1ac8df75f,d96801c7-ab04-46c4-93ed-b96d885e76ea,1,2.5,settled
201e979e-1b62-428f-8211-c246d0baf2e1,a8a7ce9e-1fb5-4da4-918a-ffa3cccae09d,1,2.51,settled
cad8e412-6ad0-4b4d-993a-6ca4f0dfd023,181f1650-02ab-4efd-99ee-b8e2cf341acb,1,2.51,settled
fbe93df6-ea9d-49cb-81a7-593bcb5fe40e,403c9df6-7800-45cc-9a39-bba85e579e02,1,2.52,settled
0fa2f6ef-0344-4470-9015-480a23cf9dc7,7c17de59-593b-41e4-b0ba-cfe7e229b157,1,2.53,settled
d87d033a-b361-40ff-b5a0-05d88b417f00,14840b43-d589-4425-9ffc-838a41499113,1,2.54,settled
d5e21732-c1f9-48d5-99f5-07179c96dfe7,5f61989d-721a-4f1d-b5c5-c2c5d99a0e74,1,2.54,settled
c0862595-0d12-47b6-8857-ad3a1e03fd9c,321a75af-6c13-4b99-8196-f698444e9ffb,1,2.54,settled
8d4630a1-95dc-4a32-97c0-b7d1d0dc640d,af84faf8-0b9d-435a-b386-1e101278913e,1,2.57,settled
c21b68ee-011b-4e7a-b1b6-41bc19c1d706,d049e9a3-a859-429e-9941-b6524bb423e2,1,2.57,settled
1affac96-763b-4951-a9d8-d3fc5f4697e8,21eb39a0-189d-4914-bf6c-1f0cbc1d7e06,1,2.58,settled
ed2025d5-1781-4d20-83fc-6e6e47b5b028,55d3133b-cf1b-487b-8ca0-fc468cd2cceb,1,2.58,settled
634859a9-bad2-466b-bc56-0b0e55d5d2c1,7ab5975a-5d3a-4af7-baaf-640bb9a25d0e,1,2.59,settled
85ced991-0d05-473a-b4db-0fa4c1fceebc,0dd19c25-f950-4557-bbc2-ab386cdcb424,1,2.6,settled
a7a6b2e6-c0d9-4b30-b9de-24f3fd472e23,19e08cea-0396-49cc-bbea-2e5ffbcfcb13,1,2.6,settled
f8d73ff1-5075-4994-9739-1297c589bee9,aa1f73a4-e8b0-4219-9fc5-135f70783837,1,2.6,settled
455d3894-4fa3-4a09-8851-175a1d7381fd,916bdb1e-7b92-40b0-940e-24547372fd6d,1,2.61,settled
94fed953-5f28-43d6-9846-731159545891,08f130d8-e712-463c-8b3a-3c5d6f5077a9,1,2.61,settled
721a553c-3f42-4c5d-a954-093384687c12,e6a4e349-2005-4c34-bbe4-b48e0a64d284,1,2.64,settled
bb9b4fc5-fb79-45c0-8228-71c8f36928a3,c8d606d0-245a-4205-8631-1ee1b723ed2c,1,2.64,settled
0ed51d17-3bbd-4dfe-b1c0-0dae5e97dbb8,742adcd2-b37f-4faf-a07c-14d6ee4f5772,1,2.65,settled
478bf750-0ca6-40ee-8889-2e463d2fb5a4,0b424325-5723-4475-b925-dcae1055b172,1,2.65,settled
3fbbd08b-8d1f-4754-b2c4-ab2544231f66,fb62c9ae-5e6c-4ca3-8876-a872228e982a,1,2.65,settled
ada61c8c-d8ee-433e-8708-6de6a2db437c,057da55f-ae84-43d9-af94-9ef04f4e29d0,1,2.66,settled
1cff369d-0c6a-4406-834b-847c33eb47a7,0bacbf7c-ed6c-4085-8221-ac3ef7eee118,1,2.67,settled
f474d3db-04e8-4f71-a327-080745cbabc3,dedf25b7-b3f9-4fc5-ad6c-7d9b018cb2c7,1,2.67,settled
ddd0e277-677e-4d5e-89ec-8967b50e9d47,d1dac6a6-9dc5-42f7-8695-e4ac4e9cdbf7,1,2.68,settled
5607a353-b8df-4254-9c60-5db16f8a2509,225359e9-2038-49de-95ee-c89cf4c87140,1,2.68,settled
9cf20fbb-e21a-4eef-b2af-e6c2888c4a4e,1cbd7c49-76d8-4e66-8b9a-e54e0cd14bd0,1,2.69,settled
f1e40341-964e-4a2e-acec-1c238a6803fe,617d7c98-76bc-4ec2-8ad2-ee2f0821e303,1,2.7,settled
21a9d422-5abc-46eb-af9e-8ee81cb82ccb,c9d2bd56-fff8-41ae-bc19-05a7c5132c73,1,2.7,settled
11169526-0c32-4a90-aa61-beff48c1c9f1,4f459114-9c9b-4a00-ae21-55b2c128e482,1,2.7,settled
48a7f59f-fd9f-4c88-989f-b99b1828fb7e,65794422-e268-4ba2-bf6a-5da2b89b7d6b,1,2.71,settled
ed694892-8728-47b0-9702-35d0eba85da4,c38b8d57-888d-4ade-aee3-53954c281a58,1,2.72,settled
c0977280-ed1a-423c-91ce-3a7190ffe03e,c3d05177-340b-4063-931a-49ab3fae0d54,1,2.72,settled
c37b852a-35e7-4362-9cb9-77080da5f01b,070ec5a5-de5d-41c4-927f-bf2d9f3cdf90,1,2.73,settled
b81e8ee1-38c8-40fc-9969-04c71cb49832,7b7d1b38-1c30-473c-b106-b9614fabc733,1,2.73,settled
5ea21b04-4f4a-4440-b25f-91033897bbfe,a63c5556-1d1a-424d-b02c-cf678883922b,1,2.73,settled
69f33709-d4ad-4c2e-89bd-30353e97d91c,2a3020a3-318a-441a-9394-0465eff73d6f,1,2.73,settled
8b45d219-148e-47e7-afe7-9ffd143623ea,882a9c51-fa6b-4347-a24d-402f9e991935,1,2.74,settled
8d3b0b0a-19cc-4ffd-bf7e-f147b8e7d004,4af475c1-e6e4-4ac7-8bec-66394bb5d520,1,2.74,settled
8a902ea1-808d-406f-a98b-14bbfc6bc4bb,3b131f1e-44d3-4741-ab54-30362f2f5f8e,1,2.75,settled
339caeed-7a32-4b96-9286-c6b2f5f29e53,e5845e7a-d6d7-4acd-a4ef-937f9537265a,1,2.76,settled
a09ee6dd-fef0-4b9a-8c8c-803d3b0b1590,5911caae-e437-433a-a5a3-19218f075458,1,2.76,settled
2465215a-a7ca-4a00-b60b-95abb298264e,c187b43d-197e-4569-92d3-38b7b259bf40,1,2.77,settled
0ea9cd15-659d-4471-ab5e-9e7cd7f1d046,8dd9f0e0-ee52-4c3f-9462-8ba54a8e8f07,1,2.77,settled
ce773213-1420-4c64-86a0-b1aec6e5281f,798bcaa5-a93a-41e1-8c9c-b3316b89066a,1,2.78,settled
cd652a7b-ce8b-41e9-af69-ded115dcdcd3,36c34bf1-8aeb-4a36-b5c1-ed2e9ded28bf,1,2.8,settled
f036bad7-cd49-4bcc-a15b-b49e8d1f2509,6cef1b71-036e-470a-ae5e-237b1c8165dc,1,2.8,settled
b2e0d321-fb69-4e30-b0c4-4a31159e58a1,be555976-494d-4eaf-93a3-02637d7ba926,1,2.8,settled
f5683edf-0a33-4e5f-97fd-d51d0f3cfafb,24577b45-4c45-4413-8be6-d1bb4c1565ac,1,2.82,settled
a74178e6-9d4b-482a-b372-80772a604bf6,35c9966c-e60c-4222-a4f8-c7701c96dc4d,1,2.82,settled
cc70c6cd-f343-42b4-a183-252e12e75064,490fdcdf-ef44-4729-811a-9700bab48512,1,2.83,settled
54abfcb1-e8d1-4404-af34-e7870f999755,e1cced54-0137-4955-b6ce-20ca1efac070,1,2.83,settled
2aeb624a-6017-4c66-b486-2ac018e8e455,515ccb3b-d0f7-4e14-83fe-89dbd02e85f6,1,2.84,settled
a08c67b1-1be6-40e0-a68b-c96c25e17e40,4f110f94-5c39-42f6-a290-37b3e0c33686,1,2.84,settled
69d0d770-c85d-4c0f-9c20-7ba94eddb6a5,2514d1db-ed4b-4dc9-98e9-0b3c3f472dec,1,2.85,settled
db0e8a8a-5bcd-4558-ae3d-db07b9613026,246e1ee6-fa9a-448d-86e2-44eed582d9ca,1,2.86,settled
e450ad5f-426a-41f3-9c32-7f7fa0d6de6f,1a2b74bb-60cf-47c5-8cf4-d1ca72cfeb15,1,2.86,settled
996dbc71-a5ad-4055-8c95-5be7a677c0f2,23f0419f-85c8-43c3-80e4-00a5fc51328c,1,2.88,settled
d5da129b-9801-4121-bd48-30f009a61918,b88f9c7e-3a4c-42e7-8267-648158453d14,1,2.95,settled
2f57e56a-cfad-4a14-bf7b-846807866b7e,a16b6067-ab39-4ba3-b909-2df21ca48568,1,2.96,settled
cf03ff88-65ed-4b7d-bd50-76cd42b09723,ea6e2e6c-6222-4880-843e-7aee99b0cec9,1,2.96,settled
fb75102a-dd7b-4ff3-bd4b-171a93b6c30a,dcadf3ee-eefe-4f60-8d35-0633d951562d,1,2.98,settled
07591d3a-9861-41e6-8fe8-c5fe4d56c17d,b1f7b4fe-79b3-4f15-a599-2736ed10ec99,1,3,settled
200c26e6-1e54-4503-8744-f6fb5d1c0b32,92988d1d-9eed-4518-9443-1a00478416e7,1,3.03,settled
20b77c6f-b9f2-4359-9029-4589fc016183,43733990-4668-4fa2-b84f-f769184f5a33,1,3.05,settled
e33f54d4-ded8-42eb-85ec-dbfd578ba6a6,c4bbfe3f-cb7f-4901-916b-b8f286ee883c,1,3.06,settled
64ad7b84-c12d-4bbc-9f60-560c8b9c6e1f,387dc43b-2170-4237-b47d-a559b03a697c,1,3.07,settled
906b0e18-3634-4088-a15a-251cc230941f,532d1cc0-4c43-43a2-9e19-3074d40d47af,1,3.08,settled
9ef21174-b170-4b3f-86df-9470d0977623,73dae97a-de87-4e5a-9908-eef96bffdc86,1,3.08,settled
85085d46-27ae-42b8-95f6-ffdbc0be58a3,f1185359-dd93-4e01-bfe6-00a44209f646,1,3.09,settled
ad7c7709-0e86-4bae-a721-2e7606c0d688,91332c23-dfdc-44d3-8818-7091e35e38dd,1,3.11,settled
82517aea-a6c0-4e43-9b64-285496309a80,8306f4bb-dbe5-4d73-961d-2c0eaae3c0f2,1,3.12,settled
31a6b879-158e-4011-91ad-4cd1689da730,6ba2583d-1e83-4129-ad13-dcbfa957ea84,1,3.13,settled
d729a458-548a-4a03-a887-5ffed5c42c8a,8294714d-c522-4819-b083-120147aa0428,1,3.13,settled
a9a59d5f-52f4-4feb-a01d-6dc4f033555c,ad4df690-38e5-470d-b2f9-cd6059605bd3,1,3.13,settled
b553cb13-44a8-43a6-be41-98d1fc4fed90,1c445d45-25d1-46b9-939a-f3ed0e498d6a,1,3.14,settled
e6436877-324e-45b7-a6e3-89ae94acf644,97202e40-9884-4318-b564-8644a2d6bf3c,1,3.14,settled
c88a39c7-30d1-46d1-b858-6a7dbdada717,1bb09959-4141-43b0-82f6-30292625ab9a,1,3.14,settled
4ad08e81-2071-4c04-831a-bfb626951d20,eb23c17c-cfd1-45ee-b8da-4cf8e9749c1c,1,3.15,settled
15eace46-3ea8-4f79-a8a0-70984080f7c0,23ebdfdf-a1ea-4502-be57-727b96ca81f2,1,3.15,settled
0bc2d02f-7a81-4346-aec2-c05f69c01837,89d4d742-4a00-42ff-b711-e9b740b51946,1,3.15,settled
489627b9-c868-4311-9832-07b6a93ce50e,44b6395e-dc60-4541-9bf6-09532b8e1d55,1,3.17,settled
381ad9aa-cd33-4dc4-a224-44f9043a7192,d9d8defb-3656-4fff-9769-48fac86604ea,1,3.17,settled
660f67ac-6e83-4101-abaf-427100ba89a6,e4be7656-df3a-4d87-8a71-c00695e91cb0,1,3.18,settled
2c7212d5-5833-4c41-bbbd-8ea5e6ae1506,0de135de-5b5b-4533-a198-cbf320895eef,1,3.19,settled
8804bb41-b6cf-4e04-8784-047bfe7a082e,96d00e7f-790a-4e3d-853d-cf0cacc1ad3e,1,3.2,settled
1077d42f-0b44-4198-8811-c826c4b44c1c,5d00e916-1ac6-45d9-b728-cc8080c32443,1,3.21,settled
23228b91-58b9-4872-b86e-9abf9f6c0aea,5d696bca-9ff5-4187-abf8-f7563cdced8c,1,3.21,settled
800e73d1-8c6c-4cec-b33c-c2de3891f2df,04e161ca-24ea-4a12-ac7c-cf607db388fd,1,3.21,settled
d897a709-4659-4924-90bb-7c241039f0c9,67580333-30c0-4f4a-a188-77a0b14a47bf,1,3.22,settled
e3deac93-4441-4ac2-a334-6dee14bcab6d,24694304-7bac-41b8-999b-f11aa769e1ca,1,3.22,settled
d98b6165-d475-445f-8dc6-5a4c15fd1ca7,8884697c-874e-4e09-b109-6ad36d161b9f,1,3.22,settled
71bddf1b-a761-4c00-bbd8-e30dbfec02b9,7883b986-893b-46e6-9946-bda6b3fceec2,1,3.22,settled
283a3af6-6670-4c5b-bea0-d60c61e283cf,9b40d5ed-d0aa-47d8-bb08-fe35b0efaffa,1,3.22,settled
83e62264-ca0a-4e20-88ca-5dd659dd1e53,9748ebe6-b75f-44ee-9485-82ef8b4d187c,1,3.23,settled
acbbd258-fbb1-48fc-9f0e-3b5dcdc23ded,eb911b59-26e7-43bd-af47-093d5390a467,1,3.24,settled
513983ba-a88f-4feb-a826-f6d6dcdd85fa,33095f88-6067-4938-acf2-69b1767d776c,1,3.25,settled
6f364332-af4f-4ce8-a8ab-0cfb1f95cb8c,812e5eef-fef0-4ee5-b5c7-04db0a132494,1,3.25,settled
80bd260e-03e1-4089-bf8d-df2bcb172c74,48bb76b1-1519-4b89-a2aa-6516b84f5df9,1,3.25,settled
9b9a9e5d-f631-430c-8f78-c01020434471,7ddfda7f-99e0-4a74-8c32-40b797f70344,1,3.25,settled
9aa22837-39cd-4a87-b757-c83533582ff2,0912cc1f-2af9-4d59-9d10-6d1d968d7e73,1,3.26,settled
18e17309-b6f7-4879-9d01-3993e7f5f918,c201c44f-e2bc-4227-99aa-2b0e805d4ab4,1,3.27,settled
bb9356bd-bcfb-41ea-9cef-12e87d63cc65,760cf151-f992-4122-b39a-17535ac42e5d,1,3.28,settled
7e131c5c-6c32-43dc-8e48-8372621bd5b8,52f51833-d2cc-4552-a1a6-9d8d00d6c974,1,3.29,settled
3ab57e4d-2028-43a2-a4f4-e18a260afec9,d85ab344-3f8f-461b-9695-171fd5f1a441,1,3.29,settled
a4bac5e7-6acb-4c00-8724-704e5a6ce4fd,6bea7b33-7e02-4be2-9db6-91c67d934a2c,1,3.3,settled
8510ff7d-9a3b-40a6-bacf-ead2a54be36f,a42bb231-e258-4ee9-878a-ce178f9abfe7,1,3.3,settled
a1e8a0fc-20ff-4f6d-9fd8-c872f16dc280,7794d622-bbe1-49fc-93ef-009b410fc363,1,3.31,settled
4ae17e3b-51bf-46da-bc9b-4938da18e82d,c687dd34-6bcb-4bf1-818a-c5f49da3e250,1,3.32,settled
2e8b2126-909f-4374-ab5d-93f88a598dee,2e93303a-80e2-4cf3-a4fb-d7746a1c963b,1,3.32,settled
3b11ac76-cc4d-4c76-85e0-d9cb6e9c30e6,3e7686ee-ac02-4c87-8e59-c8f4fd3bea9f,1,3.33,settled
bcf7915e-2078-451b-bd56-8bfc8ba62bd4,33e801ef-f5db-4e2e-8137-fc5041c474f8,1,3.33,settled
8300afab-a046-4367-9ef6-a979834aaf11,151e78f3-eed5-4d0c-b7cb-df9da966232b,1,3.33,settled
0c48d3f8-c6a6-465f-a618-d686f7541395,1099e2dc-336b-4345-bceb-bfde9f2b90d3,1,3.34,settled
0e354fb0-89b7-4fea-aecd-c97b97b67907,ecf1f41f-c3d5-4ff9-b806-866fdb67e0a8,1,3.35,settled
a31b42db-266e-4be9-bb45-5d0c6f4d6459,71cf7fb9-bc22-4a42-96c0-2286d56d4abe,1,3.36,settled
ebdc2393-d484-42c0-b75a-fa31a74df584,249291cb-780e-490b-b518-ac4ddf736218,1,3.38,settled
4d60c325-d46d-4cc7-b360-0eb067002d77,2a6dda29-4422-471e-8b67-9b20418241f2,1,3.38,settled
6005853b-925f-4f89-8a49-eb8604e5cfc8,7fc83a36-6dc8-44c0-a24f-5433e36514fe,1,3.38,settled
4bbed417-d940-4c26-b2fe-6ba576e5aee1,0fd54e33-3f70-48ad-bedb-3ff907c9948d,1,3.39,settled
fde3441c-a060-4813-9648-ca5f8a819ac2,d37c3d1e-b572-4ba6-9ab4-55dbfda691e8,1,3.4,settled
57164e06-ede5-4d79-8cfd-54c70dde7f72,6f45f7d3-ced2-4d9e-9e74-04de9fda63ef,1,3.4,settled
54438490-ce7f-4cc8-baac-b96a292aa30c,a7084554-ffc1-4b03-a1e7-a6f7244a5bac,1,3.41,settled
c4c52b34-2e71-4f8b-ac23-33dc3c27af21,94727149-de7b-4742-89dd-bb2e74c2f1c0,1,3.41,settled
77ae9444-de2f-4247-8143-149bd9ae76f9,8353b68d-a6ec-4356-9fd8-e12d50fbc15b,1,3.43,settled
dc5f8de9-37da-4381-9cc5-b09b070cb1ee,34112bbd-aab9-4a71-9074-abee146c9094,1,3.43,settled
16c54aef-3908-4e84-8ce1-169ae2b538d2,68bbedff-243b-4a6d-8865-778d3b2038a2,1,3.44,settled
dd40a405-e815-482a-8507-33da97622771,66cf12cf-8ad3-4987-a125-9fdadb1d745b,1,3.45,settled
f46f7e26-6a05-4a90-8bc8-098ae881f9ff,668f345f-dcb3-4808-a93b-84146f22b936,1,3.45,settled
e16bd8cf-5c9b-45a5-93bf-113ad008229a,75da721c-e3ad-4893-8618-7a6b7fd8aa7d,1,3.46,settled
9b8ef525-5558-4644-b26f-82c8858365fa,e31c08d1-888e-4dd5-a1a6-9e3ba64ca5e3,1,3.47,settled
c71e1ad4-50b2-42d0-927d-dcab902dd961,72a4324f-ba95-4e4f-9040-9ef35170b912,1,3.5,settled
051f2fb0-9612-4b6d-86af-ff235397b057,7fd7f401-1da4-4823-aa2c-a6bb174373ac,1,3.5,settled
70a3a6e1-5358-49d7-8e59-5080e3fba047,d703a165-418f-45f4-aaf9-794680be811d,1,3.5,settled
9c89b428-3e6f-4262-bd78-e62fdca6c054,3816815e-2c47-48a3-b7ef-343e51a90d71,1,3.5,settled
bd612769-81d9-466f-8d22-279061f997d6,73ef7f16-e4bd-49ae-8dda-965e8718ba60,1,3.5,settled
3573b6f5-1a26-47d0-b22e-484c492837fa,be25650b-1834-4b3c-8bbe-2b0fb6054bbb,1,3.5,settled
344de56a-7711-4b69-b348-64a16101eef0,26c097ef-cd65-49fb-b64c-18adaad0c75f,1,3.51,settled
5c150582-bd3a-4dde-bbc3-fcc5f46a9a4e,c4c34336-e014-4411-a4b8-ffba88c12f79,1,3.51,settled
164c9ac2-3781-4aee-9bdd-7aade035ce4f,dbd53cb5-ba0e-40cb-aacd-9d74cd41402a,1,3.53,settled
0ec8ee29-58fe-418b-87b7-de86249ac948,d7b3ebeb-e89b-4f10-a0c3-19cc57814b1f,1,3.53,settled
4fe5eac6-727f-4503-86b5-d8b8a91cae52,d736663e-5595-4f33-98c3-8d30976197d5,1,3.53,settled
d8aeaf3a-0938-4c21-b13c-0502b45831e5,f8406e7d-111c-44f9-bc43-857ec54a35ef,1,3.55,settled
cd4d69aa-4006-4370-aae6-1facf71ae9e2,9742507b-4e33-4ddb-8a91-b212cfac9dca,1,3.55,settled
f0a3e26c-9107-4c71-97e4-5db3c84f0402,8b8954da-a673-4848-a320-029de6778951,1,3.56,settled
85426998-c765-44c9-8cb8-db72101eaa01,88705e15-8296-47ff-9793-274d06a9e22c,1,3.57,settled
3316c448-ea3a-4bac-9bf9-4d8c994f5323,f16f1612-1344-42cb-9d5c-ec994e1cba9e,1,3.57,settled
bfccdaf6-dbf7-40dc-a8f1-acb920ae30f2,d8d41bc9-5b72-4d09-a894-da96c5712ed0,1,3.58,settled
5347039c-c9ef-4d27-a259-53ac1a49a8ce,e59be93c-9e48-4054-8e84-1ce36aa3d130,1,3.58,settled
90382a82-3a6d-4c11-8749-c0e5a2c45903,32193cca-2956-4d20-b281-f81e5b8ea415,1,3.59,settled
8e410441-9ff4-4a14-82a4-9dc9356a13d6,07a43286-c710-406d-abd7-bcb7df88b699,1,3.59,settled
8e3f74f4-bf40-4d8b-a6d2-aae8fcb3dbac,d5029b5c-bfda-4d11-b433-41da04cedf0e,1,3.6,settled
31dc4a16-7a0c-4b33-b740-2ebf1952b756,16ae56c7-bdac-42c1-8033-b1ce04d79eea,1,3.6,settled
823e0f5a-1130-4268-a5ac-633858fa22ed,1474b7f6-6c14-4126-97f1-84d863920461,1,3.63,settled
1c3f102f-11ff-4421-99cd-285b43943b5f,cc691a39-d38e-4e74-a076-c0839a68cf46,1,3.63,settled
cb11252c-fb9a-49e4-b942-ecd45f11907e,fc3918b0-41fb-49f3-8034-b3e97a63de08,1,3.63,settled
949b40ec-eeae-42b1-8bd8-21b0c9a31060,e6380ae7-3513-466b-96e2-2bc8563208d7,1,3.63,settled
11b5ab90-38cd-4854-b2f6-bd580e2e1cd8,5a4cd506-23eb-4883-be77-8504a4268288,1,3.63,settled
8d0f1b1b-0f0c-4d48-ab7e-61107877db6a,e08bde29-24ac-4312-9bc7-cb910c8a31b1,1,3.63,settled
66d21459-820f-451e-ae62-896fe7a455d2,9465417b-6f54-4415-8c0f-a70dfda3b827,1,3.64,settled
15bd8a3f-4352-4daf-91e5-beea2e8de1d7,c6e9f5b4-be1c-41a3-a62a-7b61074f5970,1,3.64,settled
783def01-aadf-4c39-9022-72f454aa49f2,ce68baca-bacd-4d98-83e7-0d0cb0ec0ebd,1,3.64,settled
98bad670-3286-47c9-a39e-997bc280d2dd,44175ed0-d5e9-422f-a5f9-695cae110743,1,3.65,settled
f8ff2e33-84e2-42f7-9090-3559fc47dfbd,41dfb929-9b40-4b5e-be1b-f40074b4d6b2,1,3.65,settled
42f8e546-b629-4687-9e64-f6974ee6fb13,9422660f-7269-4465-989d-7dda2ec3f5d3,1,3.66,settled
c3adf080-d665-4049-9910-b7fd6b9543f9,b4ced597-3d2b-4f91-9f81-74862460e807,1,3.66,settled
f93ad430-a2bc-4316-806a-eb8f6ab69dbf,8dcc3c9d-b1e1-4e66-9f11-8ec9dc1b73f4,1,3.66,settled
89f02e96-d826-4094-94da-f6ea13914b9f,c5fac9d2-bf9e-46d7-8235-64689a5ae31b,1,3.68,settled
b03d6a21-3071-4926-8ef9-8d305df3f881,b138bcea-2151-4432-8dc3-b60ee68c77d9,1,3.68,settled
29b16d12-f876-4318-b65a-aa63d2949d39,02ac952b-97e2-4f93-8e26-1fd0b22254cc,1,3.69,settled
b5777fa0-b886-4ee0-a7ab-54a7d4d3418d,6abb9b47-8eae-40dc-8b79-898ed6931f8e,1,3.7,settled
eb143e43-3f93-40ef-a5b8-65afc5de5568,20489633-587b-4f4d-b0fa-db4d10f8b986,1,3.72,settled
f5472a3f-d39e-427c-9e10-16d334f19b71,60e2802d-e2d4-4fbd-bd07-fc296c5b5e3c,1,3.73,settled
25c34413-1d8e-440f-a59c-f8dfd0b845a8,1ffefb1c-9e72-4aa0-ae21-3317fd34520f,1,3.74,settled
59039a9e-35df-4ffc-a232-9efa541d7f6d,31273dce-cd96-4954-8681-363d1aea5f1a,1,3.74,settled
7132516c-6ecb-46fb-863a-2c76d03cbb37,60c12508-a836-44b4-b3fe-0595596c8b88,1,3.74,settled
2fa16a3e-f227-4b42-be26-5052f606f3f8,e689a604-0d4e-4ecf-9c94-9955d1fec23d,1,3.74,settled
8a17ab75-1d8a-45d8-959f-1b94e9b9a17e,cf6eee5c-8382-49dd-8e3f-284e56c0b080,1,3.74,settled
1354f0fa-1f05-4b7d-8920-cb552d37e056,01e7b02e-2f52-4a16-b5dd-3320a5c54b85,1,3.75,settled
a1c9ed54-f3e6-4ea4-b166-fc6f5162348b,8c33c173-669a-4d2d-bee2-d7c68f1cab8b,1,3.75,settled
a32eb57b-9af4-466a-a8bd-52782ea005db,4d6f238e-2a42-40fe-bbce-5532c4a21feb,1,3.76,settled
18fa3127-d3f1-41a3-af1d-7a87b43ca1aa,89feb23b-ca39-4970-bc8e-3cee9e1d4d3e,1,3.77,settled
9ebf9f78-29b2-4321-824d-067f7d0752d1,b084722b-389b-40b9-b401-c86aa28377a0,1,3.8,settled
0e66cdca-4e93-4feb-b298-81de2110f181,3934ec9e-90a4-46b2-8f8c-a29075dac8ec,1,3.81,settled
6b31576b-100a-47cb-bab4-851560a13303,a89194b0-dc01-4f65-84ac-a534e8fe1f2d,1,3.81,settled
9a97d318-3ca0-4001-a8cf-cbf8aaec76be,cf7a9a75-c113-48f9-a707-93460ab9be38,1,3.82,settled
a6e4eaeb-77dc-43fb-b8ba-444f4eeb7158,78d9d1ff-4a62-480e-821d-d867cf878349,1,3.83,settled
faa3f0ff-be59-4a9d-a488-2bd2cf24cec8,ae33bae3-83f1-4dbe-a2b5-f44c4c1ac7e7,1,3.83,settled
213c0ed9-3624-4b81-99c0-9b38eb8da603,d7ef6e6e-9455-4d06-a0fd-6ee2474a1645,1,3.84,settled
85b4a48a-1e80-42d7-b10b-74016e41211d,7f0aa90e-015d-4b6f-bd49-af7d9c852aca,1,3.84,settled
f22258c8-52ce-4f1c-83e1-860a7edbea58,0a786995-4b63-4cc6-9885-9e9c5d268400,1,3.84,settled
2ac4d086-13f9-4790-a215-239f14175ef4,51de51b0-1b84-441f-9a69-d7233e766eee,1,3.85,settled
ad168e78-6be9-4ebf-ac54-89c49ea7018d,f85e5744-771c-46b1-af62-135e8148ecf8,1,3.86,settled
7e6800b8-a9c7-43e9-b439-96c42ede3eec,89c243d4-6226-4282-90af-c0291510261b,1,3.87,settled
0f9e7ee2-b397-4908-9d18-378878e2d406,9c75fb67-1497-47f2-9b35-d8178b917d71,1,3.87,settled
72db3da8-174d-4eeb-b55e-52d72c6ca808,0e8d336b-a21c-4a65-8e64-20170e9f5e54,1,3.89,settled
2ed2b86a-32d7-443a-af5d-16b16c404d87,54540136-8bd6-416d-a592-ee89f99131d9,1,3.9,settled
31651b6d-f475-4c8a-9415-e265f4d16b27,85113321-faf7-463a-8aac-b83df78fd6fd,1,3.9,settled
6f4291bc-2f37-4a47-b538-07a556c727f8,bd638229-c502-4f6e-8c37-658a5952adeb,1,3.9,settled
c3ef8ba0-3e8b-43cd-bc61-07511cca16e2,645a6727-691b-4859-a9d8-a7b42e5a9640,1,3.91,settled
b773f145-13d7-4180-bfc9-0cd758a59903,888ec0cc-e917-464d-9772-e7a09ccc89f2,1,3.91,settled
db68ee43-ab2b-4915-b18c-70be75f44b96,76e5f757-f2a9-4c0a-916a-ca4a2f5e27be,1,3.91,settled
cf243bbb-4e5d-4680-94fa-8ebf938677da,620a7cca-7a75-4067-84d9-3c5ee4c47f61,1,3.92,settled
838bbfef-b736-4910-abb7-e40fa6c34a5b,eadfe453-ecfa-4d41-bcfe-f67d9403b97a,1,3.93,settled
07cc7a15-0d06-41d9-af19-78762e1d47aa,fd94e25d-8389-46c4-b842-229921202b6c,1,3.94,settled
e62e2a0f-96c9-417c-ba14-e1a06b9bdf42,7642fba3-0771-412c-b310-62322548992e,1,3.94,settled
484f6170-5626-4e60-860a-5c362eaf399c,caeb681e-8645-4831-95a7-8a612a55cb0c,1,3.94,settled
f6c165af-a276-4001-871b-010ccf770997,9eb586be-c2bb-468e-96d8-8fbcac27e683,1,3.94,settled
2a04a2d3-7cbe-48ab-8c30-474e78e24e0f,52a7e47d-6844-429c-9ee7-b6c2da105755,1,3.95,settled
5175c88e-4075-4696-a86b-2a9f025670f2,301cf374-9e74-4b36-ae47-440e86db43ec,1,3.95,settled
d07b62d4-a265-4061-b5f8-9b3f26bd819d,bb10aa1a-8e3e-4f8b-b6e6-564822676f56,1,3.97,settled
63eb2cbd-8543-4049-8146-383aafeddda4,3044e0ba-0a57-408f-8c05-dd5941cc3984,1,3.97,settled
9a24977a-22f3-4ccc-af0b-c33fbc98055c,56d73990-cc6c-47e8-add1-91b372e1057b,1,4.01,settled
62b4d682-4d97-4358-a98c-a494bcf638d3,907367cb-b866-4e1f-bca4-023f3190a839,1,4.01,settled
f75801e0-3017-457d-8057-d72dda5cdda2,e33f50ed-6fa7-4bf7-946b-e36afca048c3,1,4.03,settled
84577826-e6b9-449a-9062-a7769a6cec3b,c6d4f422-d22f-4a45-9c3c-62965006bae1,1,4.05,settled
990209cd-401f-4bf1-96d2-29e3f1ac4fbe,6edad532-a6e2-499d-ae6f-e0cff4115f9b,1,4.05,settled
b78858e1-bd27-48de-8c6a-3ec9335d5d11,e06caf62-eb27-4fb3-b293-10b2419bbbbf,1,4.06,settled
eb391c2f-39bf-4f94-8f53-1e2a0abcc6c7,0d920938-7b5a-4f99-a8f6-d2ec66778200,1,4.06,settled
856cf681-d2f0-43ba-a4f3-84fdd6bcff2c,f0f82d44-b0b4-45d1-b94f-c9a5778d8fba,1,4.07,settled
d50215be-36b4-4a56-9b96-eba78ad2fcfb,3e0f3eab-6a25-4c9b-b1b6-1999a863089a,1,4.07,settled
eaa2e49f-4635-47c1-9741-c40d9c3aa9de,0b143ca0-9414-4c15-b05a-321781e95033,1,4.07,settled
98d05452-b95a-408d-8b96-203f11a95b2b,c227b4c3-cc06-4d9f-9fbf-7cd2d3a38211,1,4.09,settled
b93d858d-8954-4e91-a181-ada1ad19e644,a3b2f860-e686-4a21-9984-d12d3c112dbe,1,4.09,settled
a08e7ac0-68c1-4a69-8441-4c798629bcd7,7da22386-8b8c-4042-a57f-c09f02a8ffe3,1,4.09,settled
a68a3ee9-2c6e-4f63-9d00-1447733f2bc0,86901fe2-b11c-4e2a-b95f-64d2454a95bd,1,4.09,settled
3dbda9d7-a46b-4556-92cb-350ef250e80d,03546853-1516-46dc-bb81-4b821c457d1a,1,4.1,settled
c44fbd48-dd85-461b-a536-9ac200782084,c4ff311e-0ebb-48fe-9cb4-cc854e04c3c9,1,4.11,settled
a3172b48-dae8-4a41-a530-4357d4467c09,ef939084-8e02-456d-8e21-5e7ea959bc88,1,4.12,settled
e507ec01-ea19-43f6-88ca-f66c66edd21f,0f55c25f-4a3b-4204-91c4-a6dfac672567,1,4.14,settled
ed77177d-e250-41f9-975a-8c77f0fbabb0,e2234d9b-9056-4862-b550-43d3394ce522,1,4.15,settled
9c235193-dd26-474d-8bf8-df19578450f7,1aed883d-d262-4376-ac08-f09a0564a28f,1,4.15,settled
b3c7e48c-bc02-4bcc-ac3e-9dc6144517a0,0ee26d91-f56e-409e-9e6d-315e2780c1b3,1,4.15,settled
27e32943-1006-4c5f-ac6d-f486c41329a1,036c0727-ea88-47b7-9ccb-54a83879c12e,1,4.16,settled
df86a930-8466-454b-891c-6bc7842dc3b0,0f96ab9f-40c2-425a-aedb-545271e8ef58,1,4.17,settled
8a9221fa-575f-41b0-8d00-cbe843d240b8,912a8799-bf0e-4280-b84a-42afbaa7fb13,1,4.18,settled
6ade31ff-430b-4350-af46-c0e7ac80219a,7b3cf6bd-6092-42eb-9c54-a5ab23fe390e,1,4.19,settled
80c6bb33-2c8d-4a16-b5fa-5a4826275694,00d78db3-1dc2-449b-b34c-961a82300687,1,4.19,settled
8856c0d7-461d-46b6-8696-22ad899007ca,a14af176-9a88-46d3-9743-0f1d462aa290,1,4.2,settled
12130bee-8609-4bab-a70f-38aa7cde5f20,711b3b57-4e1c-4392-b8c8-077f733e7491,1,4.2,settled
696d544c-b611-43c8-9e2d-cf2693673372,b066947d-ba4c-4ab1-8c4e-bb75664cce37,1,4.22,settled
81578bfb-5a10-4a36-b1bd-fe4d620e995b,b39daaad-6946-4428-a246-c3faf74917ea,1,4.22,settled
62b89dbe-443e-43e6-a2b3-2cf031a43421,28713d60-8b89-41ac-ad30-498a4be1297d,1,4.23,settled
a87071d4-3354-40ac-a2a0-a93222508960,1a7dc08c-7c44-4897-a95e-29bb9161111b,1,4.24,settled
b5ec0edc-055d-4cee-ac7e-bcd00f7756fb,57a7bb3e-5fb0-4625-8b63-3c3e8db1df63,1,4.25,settled
11a6266a-12fa-4cb0-a3dc-ef7443bc9d07,10fd34b7-5fd5-486b-a983-d1a1e807532a,1,4.27,settled
8a569524-b75f-4003-b01e-e8bf69cdb5d0,6114510b-3455-40e7-aeab-5245cfac6f36,1,4.27,settled
87f9348f-f9d2-4541-a80a-9c81ba64e4aa,28eddaf9-e3a1-4b32-bb41-462027ab4cf0,1,4.28,settled
34ebec61-35a8-4486-908c-94800817ccfc,630163ff-b9ed-4084-986f-d3f828af6a55,1,4.29,settled
828f5e68-bf3d-4582-82d6-67b9484a5768,b7c18e31-2c45-4024-87f9-d6bc3feca78d,1,4.31,settled
35f7b4fc-5167-45a9-83a5-7be29ff2954e,460412ff-217a-4c17-b054-9eca74ff4c24,1,4.32,settled
0ae6f711-38fe-4092-9b40-5d42b71c61a1,e8da0ee8-2ce4-432b-ab4b-1aa14375ab75,1,4.32,settled
6684d438-f7c6-4d09-b5f8-2eb81431a678,f45c94a5-dd52-4068-b20b-079a92960de2,1,4.32,settled
5c61b8dc-dce2-451b-835e-fb9972f687dd,086932a3-6b51-4b05-b3ae-a3a213b700ff,1,4.32,settled
627bed9b-8a03-4da5-9d19-1eedbf0df3fd,145647ca-79d1-49cc-910d-e6248acddb86,1,4.33,settled
4009e632-1bcf-4dce-a238-a584562f35cd,8afdc3ee-1afa-460b-91ab-53144242bd36,1,4.35,settled
58a82f66-459f-417d-93ed-92ce54627828,11718ff0-4cce-482e-a6ef-3ea86315a9d7,1,4.35,settled
82ab7b0d-8231-4dba-b37b-ce89bb345b5d,52aa5e2c-ce55-4a0f-9187-82a6abb1d9a9,1,4.36,settled
05595305-4773-47ed-8ba2-ec92ad29b8dc,02ed277a-4241-4319-b3f4-a46a2ab68a93,1,4.37,settled
2ac59acb-c53c-442b-aa8b-ab7e84f5007e,37ca2985-7773-4488-8bf0-7d5d8afeabea,1,4.37,settled
5094e362-6610-41b5-9a80-9bf16ada8e62,5d6d6597-d645-4760-8bd1-21c62f194ae1,1,4.38,settled
15ac21e6-7b65-4c04-bb96-90c31f6e56ac,83654bec-1af1-4024-983e-c8a6b6090303,1,4.4,settled
77329745-f269-4cc9-9e90-731050a2f625,e7f355a9-f58b-4bf1-be39-e7aedc53066c,1,4.41,settled
94c45941-6f26-4293-9c35-6a258a66b235,e3681ee6-c625-4e1f-bb85-dc6ec49c4168,1,4.42,settled
e2500a76-e00d-4bf7-a4bd-9f425d50bcf2,03a10f63-637a-4bd0-a010-d5a62249074a,1,4.42,settled
45e6b48b-22c8-4647-a4f8-4366ca158e5d,d097767d-7abf-454e-8327-286610a2b6cc,1,4.42,settled
a5307e08-2fd6-4062-b5d9-c68742817c2c,f89ccede-81ed-435e-b084-c2cbc40bd04f,1,4.43,settled
e19e32bc-315d-4de1-b112-3139360490ac,9a9f000e-90e3-49b9-b000-224456528650,1,4.43,settled
b0356103-e287-464d-9da6-2b2b6ecb61eb,e0416f07-4503-4ac9-8cd5-8f221734a38e,1,4.43,settled
a99ccc46-d330-4f07-8095-a48091138080,21e8a742-03bb-48d0-852c-4b365bc6cd6f,1,4.43,settled
8426f3e2-07f6-4914-8ab3-dc513de7c1c1,7d4a2104-0fe5-4d57-a9bb-ade53825db68,1,4.47,settled
2e00842e-9caf-4bef-b72e-46413068f0db,e98a973a-d955-4c6f-9ce8-91b2742c2eb0,1,4.48,settled
39987dee-1e89-43f5-a56c-88c291dbb294,ed3a4bdc-3328-4708-8206-533c59ef41e6,1,4.48,settled
08a7284c-2d2e-464a-b7cb-99fecf66d14f,9d99c1c5-689b-4316-86a9-ae1c59835586,1,4.49,settled
97c07756-7a48-4fab-9d0f-4962660dfe7a,874717e8-5c7b-40fe-82af-3bfc9900f368,1,4.5,settled
a3ec0e52-3b0c-48e5-81c8-7cc17f4189cc,d55c3ded-e1d0-4045-9742-38c40ecc82a7,1,4.5,settled
4ad2d602-5b5f-4203-bdaf-295f9c06ebb5,92447d64-0796-4889-9cbc-26ef66cd7e30,1,4.51,settled
fbbeaab9-e475-4c68-901e-49c536985127,4fd12771-b6ff-4ea4-a828-e6704b0801c6,1,4.52,settled
3ce1bb1e-10c0-49d8-b31e-1af5915d0ca7,167dddb3-a525-43da-92c8-afb30ef6595c,1,4.53,settled
7d271ab3-135a-4019-af49-cb34d384b08c,7ddc60d6-28dd-44e9-9840-d61f33edff98,1,4.54,settled
765e2296-2831-4276-88e1-5f3730a4bd4e,8e620157-ac2f-45e5-804b-7f781edf6feb,1,4.55,settled
9366d4dc-0c4f-47e2-9732-6fba0551f3e9,3ece2965-c8c9-4bd0-b54f-97141168f323,1,4.57,settled
00d852a8-f3fb-4066-baf1-39a9f06f5f7b,e76bddb2-bdec-48ad-aae8-d3bd020a3046,1,4.57,settled
344c75ed-55d0-4724-b2cc-8b670c7ce173,61544dc5-4ed5-4370-ad75-9ecc92e5d6f1,1,4.57,settled
a6041da2-a77a-4c70-9d02-57e66af7e7c4,b2a56ec0-9389-4b11-8ec6-e721f39be6e4,1,4.58,settled
58031e3b-8b2e-4868-ad60-6401ef0aa9ee,3cd107a3-a1b3-4840-b912-8e8c6d04b42b,1,4.58,settled
d3182ad9-b226-4ad9-a8c1-50a2e97f91fa,efb9e124-bfbc-498f-bfc8-634dcc22a0f0,1,4.62,settled